Timestamp,Provider,Counter Name,Counter Type,Mean/Increment
06/08/2026 11:48:24,System.Runtime,dotnet.gc.last_collection.memory.committed_size (By),Metric,7704576
06/08/2026 11:48:24,Npgsql,db.client.connection.max ({connection})[db.client.connection.pool.name=Host=127.0.0.1;Port=5432;Username=postgres;Database=myapp_load;Maximum Pool Size=500],Metric,500
06/08/2026 11:48:24,Npgsql,db.client.connection.count ({connection})[db.client.connection.pool.name=Host=127.0.0.1;Port=5432;Username=postgres;Database=myapp_load;Maximum Pool Size=500;db.client.connection.state=used],Metric,0
06/08/2026 11:48:24,Npgsql,db.client.connection.count ({connection})[db.client.connection.pool.name=Host=127.0.0.1;Port=5432;Username=postgres;Database=myapp_load;Maximum Pool Size=500;db.client.connection.state=idle],Metric,1
06/08/2026 11:48:24,System.Runtime,dotnet.timer.count ({timer}),Metric,3
06/08/2026 11:48:24,System.Runtime,dotnet.gc.last_collection.heap.size (By)[gc.heap.generation=gen1],Metric,1299656
06/08/2026 11:48:24,System.Runtime,dotnet.gc.last_collection.heap.size (By)[gc.heap.generation=loh],Metric,3518912
06/08/2026 11:48:24,System.Runtime,dotnet.gc.last_collection.heap.size (By)[gc.heap.generation=gen0],Metric,560
06/08/2026 11:48:24,System.Runtime,dotnet.gc.last_collection.heap.size (By)[gc.heap.generation=gen2],Metric,0
06/08/2026 11:48:24,System.Runtime,dotnet.gc.last_collection.heap.size (By)[gc.heap.generation=poh],Metric,24528
06/08/2026 11:48:24,System.Runtime,dotnet.process.cpu.count ({cpu}),Metric,20
06/08/2026 11:48:24,System.Runtime,dotnet.gc.last_collection.heap.fragmentation.size (By)[gc.heap.generation=gen1],Metric,14184
06/08/2026 11:48:24,System.Runtime,dotnet.gc.last_collection.heap.fragmentation.size (By)[gc.heap.generation=loh],Metric,512
06/08/2026 11:48:24,System.Runtime,dotnet.gc.last_collection.heap.fragmentation.size (By)[gc.heap.generation=gen0],Metric,456
06/08/2026 11:48:24,System.Runtime,dotnet.gc.last_collection.heap.fragmentation.size (By)[gc.heap.generation=gen2],Metric,0
06/08/2026 11:48:24,System.Runtime,dotnet.gc.last_collection.heap.fragmentation.size (By)[gc.heap.generation=poh],Metric,0
06/08/2026 11:48:24,System.Runtime,dotnet.process.memory.working_set (By),Metric,87629824
06/08/2026 11:48:24,System.Runtime,dotnet.assembly.count ({assembly}),Metric,148
06/08/2026 11:48:25,System.Runtime,dotnet.gc.last_collection.memory.committed_size (By),Metric,7704576
06/08/2026 11:48:25,Npgsql,db.client.connection.max ({connection})[db.client.connection.pool.name=Host=127.0.0.1;Port=5432;Username=postgres;Database=myapp_load;Maximum Pool Size=500],Metric,500
06/08/2026 11:48:25,Npgsql,db.client.connection.count ({connection})[db.client.connection.pool.name=Host=127.0.0.1;Port=5432;Username=postgres;Database=myapp_load;Maximum Pool Size=500;db.client.connection.state=used],Metric,0
06/08/2026 11:48:25,Npgsql,db.client.connection.count ({connection})[db.client.connection.pool.name=Host=127.0.0.1;Port=5432;Username=postgres;Database=myapp_load;Maximum Pool Size=500;db.client.connection.state=idle],Metric,1
06/08/2026 11:48:25,System.Runtime,dotnet.gc.collections ({collection} / 1 sec)[gc.heap.generation=gen1],Rate,0
06/08/2026 11:48:25,System.Runtime,dotnet.gc.collections ({collection} / 1 sec)[gc.heap.generation=gen0],Rate,0
06/08/2026 11:48:25,System.Runtime,dotnet.gc.collections ({collection} / 1 sec)[gc.heap.generation=gen2],Rate,0
06/08/2026 11:48:25,System.Runtime,dotnet.thread_pool.work_item.count ({work_item} / 1 sec),Rate,0
06/08/2026 11:48:25,System.Runtime,dotnet.gc.pause.time (s / 1 sec),Rate,0
06/08/2026 11:48:25,System.Runtime,dotnet.timer.count ({timer}),Metric,3
06/08/2026 11:48:25,System.Runtime,dotnet.jit.compilation.time (s / 1 sec),Rate,0.1742688000000001
06/08/2026 11:48:25,System.Runtime,dotnet.gc.last_collection.heap.size (By)[gc.heap.generation=gen1],Metric,1299656
06/08/2026 11:48:25,System.Runtime,dotnet.gc.last_collection.heap.size (By)[gc.heap.generation=loh],Metric,3518912
06/08/2026 11:48:25,System.Runtime,dotnet.gc.last_collection.heap.size (By)[gc.heap.generation=gen0],Metric,560
06/08/2026 11:48:25,System.Runtime,dotnet.gc.last_collection.heap.size (By)[gc.heap.generation=gen2],Metric,0
06/08/2026 11:48:25,System.Runtime,dotnet.gc.last_collection.heap.size (By)[gc.heap.generation=poh],Metric,24528
06/08/2026 11:48:25,System.Runtime,dotnet.process.cpu.time (s / 1 sec)[cpu.mode=user],Rate,0.078125
06/08/2026 11:48:25,System.Runtime,dotnet.process.cpu.time (s / 1 sec)[cpu.mode=system],Rate,0.046875
06/08/2026 11:48:25,System.Runtime,dotnet.jit.compiled_il.size (By / 1 sec),Rate,10709
06/08/2026 11:48:25,System.Runtime,dotnet.gc.heap.total_allocated (By / 1 sec),Rate,49192
06/08/2026 11:48:25,System.Runtime,dotnet.process.cpu.count ({cpu}),Metric,20
06/08/2026 11:48:25,System.Runtime,dotnet.monitor.lock_contentions ({contention} / 1 sec),Rate,0
06/08/2026 11:48:25,System.Runtime,dotnet.thread_pool.thread.count ({thread} / 1 sec),Rate,0
06/08/2026 11:48:25,System.Runtime,dotnet.gc.last_collection.heap.fragmentation.size (By)[gc.heap.generation=gen1],Metric,14184
06/08/2026 11:48:25,System.Runtime,dotnet.gc.last_collection.heap.fragmentation.size (By)[gc.heap.generation=loh],Metric,512
06/08/2026 11:48:25,System.Runtime,dotnet.gc.last_collection.heap.fragmentation.size (By)[gc.heap.generation=gen0],Metric,456
06/08/2026 11:48:25,System.Runtime,dotnet.gc.last_collection.heap.fragmentation.size (By)[gc.heap.generation=gen2],Metric,0
06/08/2026 11:48:25,System.Runtime,dotnet.gc.last_collection.heap.fragmentation.size (By)[gc.heap.generation=poh],Metric,0
06/08/2026 11:48:25,System.Runtime,dotnet.process.memory.working_set (By),Metric,87949312
06/08/2026 11:48:25,System.Runtime,dotnet.thread_pool.queue.length ({work_item} / 1 sec),Rate,0
06/08/2026 11:48:25,System.Runtime,dotnet.assembly.count ({assembly}),Metric,148
06/08/2026 11:48:25,System.Runtime,dotnet.jit.compiled_methods ({method} / 1 sec),Rate,124
06/08/2026 11:48:26,System.Runtime,dotnet.gc.last_collection.memory.committed_size (By),Metric,7704576
06/08/2026 11:48:26,Npgsql,db.client.connection.max ({connection})[db.client.connection.pool.name=Host=127.0.0.1;Port=5432;Username=postgres;Database=myapp_load;Maximum Pool Size=500],Metric,500
06/08/2026 11:48:26,Npgsql,db.client.connection.count ({connection})[db.client.connection.pool.name=Host=127.0.0.1;Port=5432;Username=postgres;Database=myapp_load;Maximum Pool Size=500;db.client.connection.state=used],Metric,0
06/08/2026 11:48:26,Npgsql,db.client.connection.count ({connection})[db.client.connection.pool.name=Host=127.0.0.1;Port=5432;Username=postgres;Database=myapp_load;Maximum Pool Size=500;db.client.connection.state=idle],Metric,1
06/08/2026 11:48:26,System.Runtime,dotnet.gc.collections ({collection} / 1 sec)[gc.heap.generation=gen1],Rate,0
06/08/2026 11:48:26,System.Runtime,dotnet.gc.collections ({collection} / 1 sec)[gc.heap.generation=gen0],Rate,0
06/08/2026 11:48:26,System.Runtime,dotnet.gc.collections ({collection} / 1 sec)[gc.heap.generation=gen2],Rate,0
06/08/2026 11:48:26,System.Runtime,dotnet.thread_pool.work_item.count ({work_item} / 1 sec),Rate,0
06/08/2026 11:48:26,System.Runtime,dotnet.gc.pause.time (s / 1 sec),Rate,0
06/08/2026 11:48:26,System.Runtime,dotnet.timer.count ({timer}),Metric,3
06/08/2026 11:48:26,System.Runtime,dotnet.jit.compilation.time (s / 1 sec),Rate,0.13691690000000012
06/08/2026 11:48:26,System.Runtime,dotnet.gc.last_collection.heap.size (By)[gc.heap.generation=gen1],Metric,1299656
06/08/2026 11:48:26,System.Runtime,dotnet.gc.last_collection.heap.size (By)[gc.heap.generation=loh],Metric,3518912
06/08/2026 11:48:26,System.Runtime,dotnet.gc.last_collection.heap.size (By)[gc.heap.generation=gen0],Metric,560
06/08/2026 11:48:26,System.Runtime,dotnet.gc.last_collection.heap.size (By)[gc.heap.generation=gen2],Metric,0
06/08/2026 11:48:26,System.Runtime,dotnet.gc.last_collection.heap.size (By)[gc.heap.generation=poh],Metric,24528
06/08/2026 11:48:26,System.Runtime,dotnet.process.cpu.time (s / 1 sec)[cpu.mode=user],Rate,0.09375
06/08/2026 11:48:26,System.Runtime,dotnet.process.cpu.time (s / 1 sec)[cpu.mode=system],Rate,0
06/08/2026 11:48:26,System.Runtime,dotnet.jit.compiled_il.size (By / 1 sec),Rate,11009
06/08/2026 11:48:26,System.Runtime,dotnet.gc.heap.total_allocated (By / 1 sec),Rate,32752
06/08/2026 11:48:26,System.Runtime,dotnet.process.cpu.count ({cpu}),Metric,20
06/08/2026 11:48:26,System.Runtime,dotnet.monitor.lock_contentions ({contention} / 1 sec),Rate,0
06/08/2026 11:48:26,System.Runtime,dotnet.thread_pool.thread.count ({thread} / 1 sec),Rate,0
06/08/2026 11:48:26,System.Runtime,dotnet.gc.last_collection.heap.fragmentation.size (By)[gc.heap.generation=gen1],Metric,14184
06/08/2026 11:48:26,System.Runtime,dotnet.gc.last_collection.heap.fragmentation.size (By)[gc.heap.generation=loh],Metric,512
06/08/2026 11:48:26,System.Runtime,dotnet.gc.last_collection.heap.fragmentation.size (By)[gc.heap.generation=gen0],Metric,456
06/08/2026 11:48:26,System.Runtime,dotnet.gc.last_collection.heap.fragmentation.size (By)[gc.heap.generation=gen2],Metric,0
06/08/2026 11:48:26,System.Runtime,dotnet.gc.last_collection.heap.fragmentation.size (By)[gc.heap.generation=poh],Metric,0
06/08/2026 11:48:26,System.Runtime,dotnet.process.memory.working_set (By),Metric,88170496
06/08/2026 11:48:26,System.Runtime,dotnet.thread_pool.queue.length ({work_item} / 1 sec),Rate,0
06/08/2026 11:48:26,System.Runtime,dotnet.assembly.count ({assembly}),Metric,148
06/08/2026 11:48:26,System.Runtime,dotnet.jit.compiled_methods ({method} / 1 sec),Rate,92
06/08/2026 11:48:27,System.Runtime,dotnet.gc.last_collection.memory.committed_size (By),Metric,7704576
06/08/2026 11:48:27,Npgsql,db.client.connection.max ({connection})[db.client.connection.pool.name=Host=127.0.0.1;Port=5432;Username=postgres;Database=myapp_load;Maximum Pool Size=500],Metric,500
06/08/2026 11:48:27,Npgsql,db.client.connection.count ({connection})[db.client.connection.pool.name=Host=127.0.0.1;Port=5432;Username=postgres;Database=myapp_load;Maximum Pool Size=500;db.client.connection.state=used],Metric,0
06/08/2026 11:48:27,Npgsql,db.client.connection.count ({connection})[db.client.connection.pool.name=Host=127.0.0.1;Port=5432;Username=postgres;Database=myapp_load;Maximum Pool Size=500;db.client.connection.state=idle],Metric,1
06/08/2026 11:48:27,System.Runtime,dotnet.gc.collections ({collection} / 1 sec)[gc.heap.generation=gen1],Rate,0
06/08/2026 11:48:27,System.Runtime,dotnet.gc.collections ({collection} / 1 sec)[gc.heap.generation=gen0],Rate,0
06/08/2026 11:48:27,System.Runtime,dotnet.gc.collections ({collection} / 1 sec)[gc.heap.generation=gen2],Rate,0
06/08/2026 11:48:27,System.Runtime,dotnet.thread_pool.work_item.count ({work_item} / 1 sec),Rate,0
06/08/2026 11:48:27,System.Runtime,dotnet.gc.pause.time (s / 1 sec),Rate,0
06/08/2026 11:48:27,System.Runtime,dotnet.timer.count ({timer}),Metric,3
06/08/2026 11:48:27,System.Runtime,dotnet.jit.compilation.time (s / 1 sec),Rate,0.2948860999999994
06/08/2026 11:48:27,System.Runtime,dotnet.gc.last_collection.heap.size (By)[gc.heap.generation=gen1],Metric,1299656
06/08/2026 11:48:27,System.Runtime,dotnet.gc.last_collection.heap.size (By)[gc.heap.generation=loh],Metric,3518912
06/08/2026 11:48:27,System.Runtime,dotnet.gc.last_collection.heap.size (By)[gc.heap.generation=gen0],Metric,560
06/08/2026 11:48:27,System.Runtime,dotnet.gc.last_collection.heap.size (By)[gc.heap.generation=gen2],Metric,0
06/08/2026 11:48:27,System.Runtime,dotnet.gc.last_collection.heap.size (By)[gc.heap.generation=poh],Metric,24528
06/08/2026 11:48:27,System.Runtime,dotnet.process.cpu.time (s / 1 sec)[cpu.mode=user],Rate,0.09375
06/08/2026 11:48:27,System.Runtime,dotnet.process.cpu.time (s / 1 sec)[cpu.mode=system],Rate,0
06/08/2026 11:48:27,System.Runtime,dotnet.jit.compiled_il.size (By / 1 sec),Rate,6409
06/08/2026 11:48:27,System.Runtime,dotnet.gc.heap.total_allocated (By / 1 sec),Rate,40944
06/08/2026 11:48:27,System.Runtime,dotnet.process.cpu.count ({cpu}),Metric,20
06/08/2026 11:48:27,System.Runtime,dotnet.monitor.lock_contentions ({contention} / 1 sec),Rate,0
06/08/2026 11:48:27,System.Runtime,dotnet.thread_pool.thread.count ({thread} / 1 sec),Rate,0
06/08/2026 11:48:27,System.Runtime,dotnet.gc.last_collection.heap.fragmentation.size (By)[gc.heap.generation=gen1],Metric,14184
06/08/2026 11:48:27,System.Runtime,dotnet.gc.last_collection.heap.fragmentation.size (By)[gc.heap.generation=loh],Metric,512
06/08/2026 11:48:27,System.Runtime,dotnet.gc.last_collection.heap.fragmentation.size (By)[gc.heap.generation=gen0],Metric,456
06/08/2026 11:48:27,System.Runtime,dotnet.gc.last_collection.heap.fragmentation.size (By)[gc.heap.generation=gen2],Metric,0
06/08/2026 11:48:27,System.Runtime,dotnet.gc.last_collection.heap.fragmentation.size (By)[gc.heap.generation=poh],Metric,0
06/08/2026 11:48:27,System.Runtime,dotnet.process.memory.working_set (By),Metric,89370624
06/08/2026 11:48:27,System.Runtime,dotnet.thread_pool.queue.length ({work_item} / 1 sec),Rate,0
06/08/2026 11:48:27,System.Runtime,dotnet.assembly.count ({assembly}),Metric,148
06/08/2026 11:48:27,System.Runtime,dotnet.jit.compiled_methods ({method} / 1 sec),Rate,81
06/08/2026 11:48:28,System.Runtime,dotnet.gc.last_collection.memory.committed_size (By),Metric,7704576
06/08/2026 11:48:28,Npgsql,db.client.connection.max ({connection})[db.client.connection.pool.name=Host=127.0.0.1;Port=5432;Username=postgres;Database=myapp_load;Maximum Pool Size=500],Metric,500
06/08/2026 11:48:28,Npgsql,db.client.connection.count ({connection})[db.client.connection.pool.name=Host=127.0.0.1;Port=5432;Username=postgres;Database=myapp_load;Maximum Pool Size=500;db.client.connection.state=used],Metric,0
06/08/2026 11:48:28,Npgsql,db.client.connection.count ({connection})[db.client.connection.pool.name=Host=127.0.0.1;Port=5432;Username=postgres;Database=myapp_load;Maximum Pool Size=500;db.client.connection.state=idle],Metric,1
06/08/2026 11:48:28,System.Runtime,dotnet.gc.collections ({collection} / 1 sec)[gc.heap.generation=gen1],Rate,0
06/08/2026 11:48:28,System.Runtime,dotnet.gc.collections ({collection} / 1 sec)[gc.heap.generation=gen0],Rate,0
06/08/2026 11:48:28,System.Runtime,dotnet.gc.collections ({collection} / 1 sec)[gc.heap.generation=gen2],Rate,0
06/08/2026 11:48:28,System.Runtime,dotnet.thread_pool.work_item.count ({work_item} / 1 sec),Rate,1
06/08/2026 11:48:28,System.Runtime,dotnet.gc.pause.time (s / 1 sec),Rate,0
06/08/2026 11:48:28,System.Runtime,dotnet.timer.count ({timer}),Metric,3
06/08/2026 11:48:28,System.Runtime,dotnet.jit.compilation.time (s / 1 sec),Rate,0.00485459999999982
06/08/2026 11:48:28,System.Runtime,dotnet.gc.last_collection.heap.size (By)[gc.heap.generation=gen1],Metric,1299656
06/08/2026 11:48:28,System.Runtime,dotnet.gc.last_collection.heap.size (By)[gc.heap.generation=loh],Metric,3518912
06/08/2026 11:48:28,System.Runtime,dotnet.gc.last_collection.heap.size (By)[gc.heap.generation=gen0],Metric,560
06/08/2026 11:48:28,System.Runtime,dotnet.gc.last_collection.heap.size (By)[gc.heap.generation=gen2],Metric,0
06/08/2026 11:48:28,System.Runtime,dotnet.gc.last_collection.heap.size (By)[gc.heap.generation=poh],Metric,24528
06/08/2026 11:48:28,System.Runtime,dotnet.process.cpu.time (s / 1 sec)[cpu.mode=user],Rate,0
06/08/2026 11:48:28,System.Runtime,dotnet.process.cpu.time (s / 1 sec)[cpu.mode=system],Rate,0
06/08/2026 11:48:28,System.Runtime,dotnet.jit.compiled_il.size (By / 1 sec),Rate,464
06/08/2026 11:48:28,System.Runtime,dotnet.gc.heap.total_allocated (By / 1 sec),Rate,32792
06/08/2026 11:48:28,System.Runtime,dotnet.process.cpu.count ({cpu}),Metric,20
06/08/2026 11:48:28,System.Runtime,dotnet.monitor.lock_contentions ({contention} / 1 sec),Rate,0
06/08/2026 11:48:28,System.Runtime,dotnet.thread_pool.thread.count ({thread} / 1 sec),Rate,0
06/08/2026 11:48:28,System.Runtime,dotnet.gc.last_collection.heap.fragmentation.size (By)[gc.heap.generation=gen1],Metric,14184
06/08/2026 11:48:28,System.Runtime,dotnet.gc.last_collection.heap.fragmentation.size (By)[gc.heap.generation=loh],Metric,512
06/08/2026 11:48:28,System.Runtime,dotnet.gc.last_collection.heap.fragmentation.size (By)[gc.heap.generation=gen0],Metric,456
06/08/2026 11:48:28,System.Runtime,dotnet.gc.last_collection.heap.fragmentation.size (By)[gc.heap.generation=gen2],Metric,0
06/08/2026 11:48:28,System.Runtime,dotnet.gc.last_collection.heap.fragmentation.size (By)[gc.heap.generation=poh],Metric,0
06/08/2026 11:48:28,System.Runtime,dotnet.process.memory.working_set (By),Metric,89395200
06/08/2026 11:48:28,System.Runtime,dotnet.thread_pool.queue.length ({work_item} / 1 sec),Rate,0
06/08/2026 11:48:28,System.Runtime,dotnet.assembly.count ({assembly}),Metric,148
06/08/2026 11:48:28,System.Runtime,dotnet.jit.compiled_methods ({method} / 1 sec),Rate,15
06/08/2026 11:48:29,System.Runtime,dotnet.gc.last_collection.memory.committed_size (By),Metric,7704576
06/08/2026 11:48:29,Npgsql,db.client.connection.max ({connection})[db.client.connection.pool.name=Host=127.0.0.1;Port=5432;Username=postgres;Database=myapp_load;Maximum Pool Size=500],Metric,500
06/08/2026 11:48:29,Npgsql,db.client.connection.count ({connection})[db.client.connection.pool.name=Host=127.0.0.1;Port=5432;Username=postgres;Database=myapp_load;Maximum Pool Size=500;db.client.connection.state=used],Metric,0
06/08/2026 11:48:29,Npgsql,db.client.connection.count ({connection})[db.client.connection.pool.name=Host=127.0.0.1;Port=5432;Username=postgres;Database=myapp_load;Maximum Pool Size=500;db.client.connection.state=idle],Metric,1
06/08/2026 11:48:29,System.Runtime,dotnet.gc.collections ({collection} / 1 sec)[gc.heap.generation=gen1],Rate,0
06/08/2026 11:48:29,System.Runtime,dotnet.gc.collections ({collection} / 1 sec)[gc.heap.generation=gen0],Rate,0
06/08/2026 11:48:29,System.Runtime,dotnet.gc.collections ({collection} / 1 sec)[gc.heap.generation=gen2],Rate,0
06/08/2026 11:48:29,System.Runtime,dotnet.thread_pool.work_item.count ({work_item} / 1 sec),Rate,0
06/08/2026 11:48:29,System.Runtime,dotnet.gc.pause.time (s / 1 sec),Rate,0
06/08/2026 11:48:29,System.Runtime,dotnet.timer.count ({timer}),Metric,3
06/08/2026 11:48:29,System.Runtime,dotnet.jit.compilation.time (s / 1 sec),Rate,0.031058800000000275
06/08/2026 11:48:29,System.Runtime,dotnet.gc.last_collection.heap.size (By)[gc.heap.generation=gen1],Metric,1299656
06/08/2026 11:48:29,System.Runtime,dotnet.gc.last_collection.heap.size (By)[gc.heap.generation=loh],Metric,3518912
06/08/2026 11:48:29,System.Runtime,dotnet.gc.last_collection.heap.size (By)[gc.heap.generation=gen0],Metric,560
06/08/2026 11:48:29,System.Runtime,dotnet.gc.last_collection.heap.size (By)[gc.heap.generation=gen2],Metric,0
06/08/2026 11:48:29,System.Runtime,dotnet.gc.last_collection.heap.size (By)[gc.heap.generation=poh],Metric,24528
06/08/2026 11:48:29,System.Runtime,dotnet.process.cpu.time (s / 1 sec)[cpu.mode=user],Rate,0.03125
06/08/2026 11:48:29,System.Runtime,dotnet.process.cpu.time (s / 1 sec)[cpu.mode=system],Rate,0
06/08/2026 11:48:29,System.Runtime,dotnet.jit.compiled_il.size (By / 1 sec),Rate,1440
06/08/2026 11:48:29,System.Runtime,dotnet.gc.heap.total_allocated (By / 1 sec),Rate,49072
06/08/2026 11:48:29,System.Runtime,dotnet.process.cpu.count ({cpu}),Metric,20
06/08/2026 11:48:29,System.Runtime,dotnet.monitor.lock_contentions ({contention} / 1 sec),Rate,0
06/08/2026 11:48:29,System.Runtime,dotnet.thread_pool.thread.count ({thread} / 1 sec),Rate,0
06/08/2026 11:48:29,System.Runtime,dotnet.gc.last_collection.heap.fragmentation.size (By)[gc.heap.generation=gen1],Metric,14184
06/08/2026 11:48:29,System.Runtime,dotnet.gc.last_collection.heap.fragmentation.size (By)[gc.heap.generation=loh],Metric,512
06/08/2026 11:48:29,System.Runtime,dotnet.gc.last_collection.heap.fragmentation.size (By)[gc.heap.generation=gen0],Metric,456
06/08/2026 11:48:29,System.Runtime,dotnet.gc.last_collection.heap.fragmentation.size (By)[gc.heap.generation=gen2],Metric,0
06/08/2026 11:48:29,System.Runtime,dotnet.gc.last_collection.heap.fragmentation.size (By)[gc.heap.generation=poh],Metric,0
06/08/2026 11:48:29,System.Runtime,dotnet.process.memory.working_set (By),Metric,89423872
06/08/2026 11:48:29,System.Runtime,dotnet.thread_pool.queue.length ({work_item} / 1 sec),Rate,0
06/08/2026 11:48:29,System.Runtime,dotnet.assembly.count ({assembly}),Metric,148
06/08/2026 11:48:29,System.Runtime,dotnet.jit.compiled_methods ({method} / 1 sec),Rate,25
06/08/2026 11:48:30,System.Runtime,dotnet.gc.last_collection.memory.committed_size (By),Metric,7704576
06/08/2026 11:48:30,Npgsql,db.client.connection.max ({connection})[db.client.connection.pool.name=Host=127.0.0.1;Port=5432;Username=postgres;Database=myapp_load;Maximum Pool Size=500],Metric,500
06/08/2026 11:48:30,Npgsql,db.client.connection.count ({connection})[db.client.connection.pool.name=Host=127.0.0.1;Port=5432;Username=postgres;Database=myapp_load;Maximum Pool Size=500;db.client.connection.state=used],Metric,0
06/08/2026 11:48:30,Npgsql,db.client.connection.count ({connection})[db.client.connection.pool.name=Host=127.0.0.1;Port=5432;Username=postgres;Database=myapp_load;Maximum Pool Size=500;db.client.connection.state=idle],Metric,1
06/08/2026 11:48:30,System.Runtime,dotnet.gc.collections ({collection} / 1 sec)[gc.heap.generation=gen1],Rate,0
06/08/2026 11:48:30,System.Runtime,dotnet.gc.collections ({collection} / 1 sec)[gc.heap.generation=gen0],Rate,0
06/08/2026 11:48:30,System.Runtime,dotnet.gc.collections ({collection} / 1 sec)[gc.heap.generation=gen2],Rate,0
06/08/2026 11:48:30,System.Runtime,dotnet.thread_pool.work_item.count ({work_item} / 1 sec),Rate,0
06/08/2026 11:48:30,System.Runtime,dotnet.gc.pause.time (s / 1 sec),Rate,0
06/08/2026 11:48:30,System.Runtime,dotnet.timer.count ({timer}),Metric,3
06/08/2026 11:48:30,System.Runtime,dotnet.jit.compilation.time (s / 1 sec),Rate,0.03581080000000014
06/08/2026 11:48:30,System.Runtime,dotnet.gc.last_collection.heap.size (By)[gc.heap.generation=gen1],Metric,1299656
06/08/2026 11:48:30,System.Runtime,dotnet.gc.last_collection.heap.size (By)[gc.heap.generation=loh],Metric,3518912
06/08/2026 11:48:30,System.Runtime,dotnet.gc.last_collection.heap.size (By)[gc.heap.generation=gen0],Metric,560
06/08/2026 11:48:30,System.Runtime,dotnet.gc.last_collection.heap.size (By)[gc.heap.generation=gen2],Metric,0
06/08/2026 11:48:30,System.Runtime,dotnet.gc.last_collection.heap.size (By)[gc.heap.generation=poh],Metric,24528
06/08/2026 11:48:30,System.Runtime,dotnet.process.cpu.time (s / 1 sec)[cpu.mode=user],Rate,0.015625
06/08/2026 11:48:30,System.Runtime,dotnet.process.cpu.time (s / 1 sec)[cpu.mode=system],Rate,0
06/08/2026 11:48:30,System.Runtime,dotnet.jit.compiled_il.size (By / 1 sec),Rate,1250
06/08/2026 11:48:30,System.Runtime,dotnet.gc.heap.total_allocated (By / 1 sec),Rate,40976
06/08/2026 11:48:30,System.Runtime,dotnet.process.cpu.count ({cpu}),Metric,20
06/08/2026 11:48:30,System.Runtime,dotnet.monitor.lock_contentions ({contention} / 1 sec),Rate,0
06/08/2026 11:48:30,System.Runtime,dotnet.thread_pool.thread.count ({thread} / 1 sec),Rate,0
06/08/2026 11:48:30,System.Runtime,dotnet.gc.last_collection.heap.fragmentation.size (By)[gc.heap.generation=gen1],Metric,14184
06/08/2026 11:48:30,System.Runtime,dotnet.gc.last_collection.heap.fragmentation.size (By)[gc.heap.generation=loh],Metric,512
06/08/2026 11:48:30,System.Runtime,dotnet.gc.last_collection.heap.fragmentation.size (By)[gc.heap.generation=gen0],Metric,456
06/08/2026 11:48:30,System.Runtime,dotnet.gc.last_collection.heap.fragmentation.size (By)[gc.heap.generation=gen2],Metric,0
06/08/2026 11:48:30,System.Runtime,dotnet.gc.last_collection.heap.fragmentation.size (By)[gc.heap.generation=poh],Metric,0
06/08/2026 11:48:30,System.Runtime,dotnet.process.memory.working_set (By),Metric,89444352
06/08/2026 11:48:30,System.Runtime,dotnet.thread_pool.queue.length ({work_item} / 1 sec),Rate,0
06/08/2026 11:48:30,System.Runtime,dotnet.assembly.count ({assembly}),Metric,148
06/08/2026 11:48:30,System.Runtime,dotnet.jit.compiled_methods ({method} / 1 sec),Rate,20
06/08/2026 11:48:31,System.Runtime,dotnet.gc.last_collection.memory.committed_size (By),Metric,7704576
06/08/2026 11:48:31,Npgsql,db.client.connection.max ({connection})[db.client.connection.pool.name=Host=127.0.0.1;Port=5432;Username=postgres;Database=myapp_load;Maximum Pool Size=500],Metric,500
06/08/2026 11:48:31,Npgsql,db.client.connection.count ({connection})[db.client.connection.pool.name=Host=127.0.0.1;Port=5432;Username=postgres;Database=myapp_load;Maximum Pool Size=500;db.client.connection.state=used],Metric,0
06/08/2026 11:48:31,Npgsql,db.client.connection.count ({connection})[db.client.connection.pool.name=Host=127.0.0.1;Port=5432;Username=postgres;Database=myapp_load;Maximum Pool Size=500;db.client.connection.state=idle],Metric,1
06/08/2026 11:48:31,System.Runtime,dotnet.gc.collections ({collection} / 1 sec)[gc.heap.generation=gen1],Rate,0
06/08/2026 11:48:31,System.Runtime,dotnet.gc.collections ({collection} / 1 sec)[gc.heap.generation=gen0],Rate,0
06/08/2026 11:48:31,System.Runtime,dotnet.gc.collections ({collection} / 1 sec)[gc.heap.generation=gen2],Rate,0
06/08/2026 11:48:31,System.Runtime,dotnet.thread_pool.work_item.count ({work_item} / 1 sec),Rate,1
06/08/2026 11:48:31,System.Runtime,dotnet.gc.pause.time (s / 1 sec),Rate,0
06/08/2026 11:48:31,System.Runtime,dotnet.timer.count ({timer}),Metric,3
06/08/2026 11:48:31,System.Runtime,dotnet.jit.compilation.time (s / 1 sec),Rate,0.02864369999999994
06/08/2026 11:48:31,System.Runtime,dotnet.gc.last_collection.heap.size (By)[gc.heap.generation=gen1],Metric,1299656
06/08/2026 11:48:31,System.Runtime,dotnet.gc.last_collection.heap.size (By)[gc.heap.generation=loh],Metric,3518912
06/08/2026 11:48:31,System.Runtime,dotnet.gc.last_collection.heap.size (By)[gc.heap.generation=gen0],Metric,560
06/08/2026 11:48:31,System.Runtime,dotnet.gc.last_collection.heap.size (By)[gc.heap.generation=gen2],Metric,0
06/08/2026 11:48:31,System.Runtime,dotnet.gc.last_collection.heap.size (By)[gc.heap.generation=poh],Metric,24528
06/08/2026 11:48:31,System.Runtime,dotnet.process.cpu.time (s / 1 sec)[cpu.mode=user],Rate,0.046875
06/08/2026 11:48:31,System.Runtime,dotnet.process.cpu.time (s / 1 sec)[cpu.mode=system],Rate,0
06/08/2026 11:48:31,System.Runtime,dotnet.jit.compiled_il.size (By / 1 sec),Rate,3307
06/08/2026 11:48:31,System.Runtime,dotnet.gc.heap.total_allocated (By / 1 sec),Rate,24584
06/08/2026 11:48:31,System.Runtime,dotnet.process.cpu.count ({cpu}),Metric,20
06/08/2026 11:48:31,System.Runtime,dotnet.monitor.lock_contentions ({contention} / 1 sec),Rate,0
06/08/2026 11:48:31,System.Runtime,dotnet.thread_pool.thread.count ({thread} / 1 sec),Rate,0
06/08/2026 11:48:31,System.Runtime,dotnet.gc.last_collection.heap.fragmentation.size (By)[gc.heap.generation=gen1],Metric,14184
06/08/2026 11:48:31,System.Runtime,dotnet.gc.last_collection.heap.fragmentation.size (By)[gc.heap.generation=loh],Metric,512
06/08/2026 11:48:31,System.Runtime,dotnet.gc.last_collection.heap.fragmentation.size (By)[gc.heap.generation=gen0],Metric,456
06/08/2026 11:48:31,System.Runtime,dotnet.gc.last_collection.heap.fragmentation.size (By)[gc.heap.generation=gen2],Metric,0
06/08/2026 11:48:31,System.Runtime,dotnet.gc.last_collection.heap.fragmentation.size (By)[gc.heap.generation=poh],Metric,0
06/08/2026 11:48:31,System.Runtime,dotnet.process.memory.working_set (By),Metric,89464832
06/08/2026 11:48:31,System.Runtime,dotnet.thread_pool.queue.length ({work_item} / 1 sec),Rate,0
06/08/2026 11:48:31,System.Runtime,dotnet.assembly.count ({assembly}),Metric,148
06/08/2026 11:48:31,System.Runtime,dotnet.jit.compiled_methods ({method} / 1 sec),Rate,27
06/08/2026 11:48:32,System.Runtime,dotnet.gc.last_collection.memory.committed_size (By),Metric,7704576
06/08/2026 11:48:32,Npgsql,db.client.connection.max ({connection})[db.client.connection.pool.name=Host=127.0.0.1;Port=5432;Username=postgres;Database=myapp_load;Maximum Pool Size=500],Metric,500
06/08/2026 11:48:32,Npgsql,db.client.connection.count ({connection})[db.client.connection.pool.name=Host=127.0.0.1;Port=5432;Username=postgres;Database=myapp_load;Maximum Pool Size=500;db.client.connection.state=used],Metric,0
06/08/2026 11:48:32,Npgsql,db.client.connection.count ({connection})[db.client.connection.pool.name=Host=127.0.0.1;Port=5432;Username=postgres;Database=myapp_load;Maximum Pool Size=500;db.client.connection.state=idle],Metric,1
06/08/2026 11:48:32,System.Runtime,dotnet.gc.collections ({collection} / 1 sec)[gc.heap.generation=gen1],Rate,0
06/08/2026 11:48:32,System.Runtime,dotnet.gc.collections ({collection} / 1 sec)[gc.heap.generation=gen0],Rate,0
06/08/2026 11:48:32,System.Runtime,dotnet.gc.collections ({collection} / 1 sec)[gc.heap.generation=gen2],Rate,0
06/08/2026 11:48:32,System.Runtime,dotnet.thread_pool.work_item.count ({work_item} / 1 sec),Rate,32
06/08/2026 11:48:32,System.Runtime,dotnet.gc.pause.time (s / 1 sec),Rate,0
06/08/2026 11:48:32,System.Runtime,dotnet.timer.count ({timer}),Metric,3
06/08/2026 11:48:32,System.Runtime,dotnet.jit.compilation.time (s / 1 sec),Rate,0.18674780000000002
06/08/2026 11:48:32,System.Runtime,dotnet.gc.last_collection.heap.size (By)[gc.heap.generation=gen1],Metric,1299656
06/08/2026 11:48:32,System.Runtime,dotnet.gc.last_collection.heap.size (By)[gc.heap.generation=loh],Metric,3518912
06/08/2026 11:48:32,System.Runtime,dotnet.gc.last_collection.heap.size (By)[gc.heap.generation=gen0],Metric,560
06/08/2026 11:48:32,System.Runtime,dotnet.gc.last_collection.heap.size (By)[gc.heap.generation=gen2],Metric,0
06/08/2026 11:48:32,System.Runtime,dotnet.gc.last_collection.heap.size (By)[gc.heap.generation=poh],Metric,24528
06/08/2026 11:48:32,System.Runtime,dotnet.process.cpu.time (s / 1 sec)[cpu.mode=user],Rate,0.046875
06/08/2026 11:48:32,System.Runtime,dotnet.process.cpu.time (s / 1 sec)[cpu.mode=system],Rate,0
06/08/2026 11:48:32,System.Runtime,dotnet.jit.compiled_il.size (By / 1 sec),Rate,3693
06/08/2026 11:48:32,System.Runtime,dotnet.gc.heap.total_allocated (By / 1 sec),Rate,46264
06/08/2026 11:48:32,System.Runtime,dotnet.process.cpu.count ({cpu}),Metric,20
06/08/2026 11:48:32,System.Runtime,dotnet.monitor.lock_contentions ({contention} / 1 sec),Rate,0
06/08/2026 11:48:32,System.Runtime,dotnet.thread_pool.thread.count ({thread} / 1 sec),Rate,-1
06/08/2026 11:48:32,System.Runtime,dotnet.gc.last_collection.heap.fragmentation.size (By)[gc.heap.generation=gen1],Metric,14184
06/08/2026 11:48:32,System.Runtime,dotnet.gc.last_collection.heap.fragmentation.size (By)[gc.heap.generation=loh],Metric,512
06/08/2026 11:48:32,System.Runtime,dotnet.gc.last_collection.heap.fragmentation.size (By)[gc.heap.generation=gen0],Metric,456
06/08/2026 11:48:32,System.Runtime,dotnet.gc.last_collection.heap.fragmentation.size (By)[gc.heap.generation=gen2],Metric,0
06/08/2026 11:48:32,System.Runtime,dotnet.gc.last_collection.heap.fragmentation.size (By)[gc.heap.generation=poh],Metric,0
06/08/2026 11:48:32,System.Runtime,dotnet.process.memory.working_set (By),Metric,89415680
06/08/2026 11:48:32,System.Runtime,dotnet.thread_pool.queue.length ({work_item} / 1 sec),Rate,0
06/08/2026 11:48:32,System.Runtime,dotnet.assembly.count ({assembly}),Metric,148
06/08/2026 11:48:32,System.Runtime,dotnet.jit.compiled_methods ({method} / 1 sec),Rate,37
06/08/2026 11:48:33,System.Runtime,dotnet.gc.last_collection.memory.committed_size (By),Metric,7704576
06/08/2026 11:48:33,Npgsql,db.client.connection.max ({connection})[db.client.connection.pool.name=Host=127.0.0.1;Port=5432;Username=postgres;Database=myapp_load;Maximum Pool Size=500],Metric,500
06/08/2026 11:48:33,Npgsql,db.client.connection.count ({connection})[db.client.connection.pool.name=Host=127.0.0.1;Port=5432;Username=postgres;Database=myapp_load;Maximum Pool Size=500;db.client.connection.state=used],Metric,0
06/08/2026 11:48:33,Npgsql,db.client.connection.count ({connection})[db.client.connection.pool.name=Host=127.0.0.1;Port=5432;Username=postgres;Database=myapp_load;Maximum Pool Size=500;db.client.connection.state=idle],Metric,1
06/08/2026 11:48:33,System.Runtime,dotnet.gc.collections ({collection} / 1 sec)[gc.heap.generation=gen1],Rate,0
06/08/2026 11:48:33,System.Runtime,dotnet.gc.collections ({collection} / 1 sec)[gc.heap.generation=gen0],Rate,0
06/08/2026 11:48:33,System.Runtime,dotnet.gc.collections ({collection} / 1 sec)[gc.heap.generation=gen2],Rate,0
06/08/2026 11:48:33,System.Runtime,dotnet.thread_pool.work_item.count ({work_item} / 1 sec),Rate,0
06/08/2026 11:48:33,System.Runtime,dotnet.gc.pause.time (s / 1 sec),Rate,0
06/08/2026 11:48:33,System.Runtime,dotnet.timer.count ({timer}),Metric,3
06/08/2026 11:48:33,System.Runtime,dotnet.jit.compilation.time (s / 1 sec),Rate,0.0063637999999999195
06/08/2026 11:48:33,System.Runtime,dotnet.gc.last_collection.heap.size (By)[gc.heap.generation=gen1],Metric,1299656
06/08/2026 11:48:33,System.Runtime,dotnet.gc.last_collection.heap.size (By)[gc.heap.generation=loh],Metric,3518912
06/08/2026 11:48:33,System.Runtime,dotnet.gc.last_collection.heap.size (By)[gc.heap.generation=gen0],Metric,560
06/08/2026 11:48:33,System.Runtime,dotnet.gc.last_collection.heap.size (By)[gc.heap.generation=gen2],Metric,0
06/08/2026 11:48:33,System.Runtime,dotnet.gc.last_collection.heap.size (By)[gc.heap.generation=poh],Metric,24528
06/08/2026 11:48:33,System.Runtime,dotnet.process.cpu.time (s / 1 sec)[cpu.mode=user],Rate,0.015625
06/08/2026 11:48:33,System.Runtime,dotnet.process.cpu.time (s / 1 sec)[cpu.mode=system],Rate,0
06/08/2026 11:48:33,System.Runtime,dotnet.jit.compiled_il.size (By / 1 sec),Rate,614
06/08/2026 11:48:33,System.Runtime,dotnet.gc.heap.total_allocated (By / 1 sec),Rate,32272
06/08/2026 11:48:33,System.Runtime,dotnet.process.cpu.count ({cpu}),Metric,20
06/08/2026 11:48:33,System.Runtime,dotnet.monitor.lock_contentions ({contention} / 1 sec),Rate,0
06/08/2026 11:48:33,System.Runtime,dotnet.thread_pool.thread.count ({thread} / 1 sec),Rate,0
06/08/2026 11:48:33,System.Runtime,dotnet.gc.last_collection.heap.fragmentation.size (By)[gc.heap.generation=gen1],Metric,14184
06/08/2026 11:48:33,System.Runtime,dotnet.gc.last_collection.heap.fragmentation.size (By)[gc.heap.generation=loh],Metric,512
06/08/2026 11:48:33,System.Runtime,dotnet.gc.last_collection.heap.fragmentation.size (By)[gc.heap.generation=gen0],Metric,456
06/08/2026 11:48:33,System.Runtime,dotnet.gc.last_collection.heap.fragmentation.size (By)[gc.heap.generation=gen2],Metric,0
06/08/2026 11:48:33,System.Runtime,dotnet.gc.last_collection.heap.fragmentation.size (By)[gc.heap.generation=poh],Metric,0
06/08/2026 11:48:33,System.Runtime,dotnet.process.memory.working_set (By),Metric,89423872
06/08/2026 11:48:33,System.Runtime,dotnet.thread_pool.queue.length ({work_item} / 1 sec),Rate,0
06/08/2026 11:48:33,System.Runtime,dotnet.assembly.count ({assembly}),Metric,148
06/08/2026 11:48:33,System.Runtime,dotnet.jit.compiled_methods ({method} / 1 sec),Rate,11
06/08/2026 11:48:34,System.Runtime,dotnet.gc.last_collection.memory.committed_size (By),Metric,7704576
06/08/2026 11:48:34,Npgsql,db.client.connection.max ({connection})[db.client.connection.pool.name=Host=127.0.0.1;Port=5432;Username=postgres;Database=myapp_load;Maximum Pool Size=500],Metric,500
06/08/2026 11:48:34,Npgsql,db.client.connection.count ({connection})[db.client.connection.pool.name=Host=127.0.0.1;Port=5432;Username=postgres;Database=myapp_load;Maximum Pool Size=500;db.client.connection.state=used],Metric,0
06/08/2026 11:48:34,Npgsql,db.client.connection.count ({connection})[db.client.connection.pool.name=Host=127.0.0.1;Port=5432;Username=postgres;Database=myapp_load;Maximum Pool Size=500;db.client.connection.state=idle],Metric,1
06/08/2026 11:48:34,System.Runtime,dotnet.gc.collections ({collection} / 1 sec)[gc.heap.generation=gen1],Rate,0
06/08/2026 11:48:34,System.Runtime,dotnet.gc.collections ({collection} / 1 sec)[gc.heap.generation=gen0],Rate,0
06/08/2026 11:48:34,System.Runtime,dotnet.gc.collections ({collection} / 1 sec)[gc.heap.generation=gen2],Rate,0
06/08/2026 11:48:34,System.Runtime,dotnet.thread_pool.work_item.count ({work_item} / 1 sec),Rate,0
06/08/2026 11:48:34,System.Runtime,dotnet.gc.pause.time (s / 1 sec),Rate,0
06/08/2026 11:48:34,System.Runtime,dotnet.timer.count ({timer}),Metric,3
06/08/2026 11:48:34,System.Runtime,dotnet.jit.compilation.time (s / 1 sec),Rate,0
06/08/2026 11:48:34,System.Runtime,dotnet.gc.last_collection.heap.size (By)[gc.heap.generation=gen1],Metric,1299656
06/08/2026 11:48:34,System.Runtime,dotnet.gc.last_collection.heap.size (By)[gc.heap.generation=loh],Metric,3518912
06/08/2026 11:48:34,System.Runtime,dotnet.gc.last_collection.heap.size (By)[gc.heap.generation=gen0],Metric,560
06/08/2026 11:48:34,System.Runtime,dotnet.gc.last_collection.heap.size (By)[gc.heap.generation=gen2],Metric,0
06/08/2026 11:48:34,System.Runtime,dotnet.gc.last_collection.heap.size (By)[gc.heap.generation=poh],Metric,24528
06/08/2026 11:48:34,System.Runtime,dotnet.process.cpu.time (s / 1 sec)[cpu.mode=user],Rate,0
06/08/2026 11:48:34,System.Runtime,dotnet.process.cpu.time (s / 1 sec)[cpu.mode=system],Rate,0
06/08/2026 11:48:34,System.Runtime,dotnet.jit.compiled_il.size (By / 1 sec),Rate,0
06/08/2026 11:48:34,System.Runtime,dotnet.gc.heap.total_allocated (By / 1 sec),Rate,32784
06/08/2026 11:48:34,System.Runtime,dotnet.process.cpu.count ({cpu}),Metric,20
06/08/2026 11:48:34,System.Runtime,dotnet.monitor.lock_contentions ({contention} / 1 sec),Rate,0
06/08/2026 11:48:34,System.Runtime,dotnet.thread_pool.thread.count ({thread} / 1 sec),Rate,0
06/08/2026 11:48:34,System.Runtime,dotnet.gc.last_collection.heap.fragmentation.size (By)[gc.heap.generation=gen1],Metric,14184
06/08/2026 11:48:34,System.Runtime,dotnet.gc.last_collection.heap.fragmentation.size (By)[gc.heap.generation=loh],Metric,512
06/08/2026 11:48:34,System.Runtime,dotnet.gc.last_collection.heap.fragmentation.size (By)[gc.heap.generation=gen0],Metric,456
06/08/2026 11:48:34,System.Runtime,dotnet.gc.last_collection.heap.fragmentation.size (By)[gc.heap.generation=gen2],Metric,0
06/08/2026 11:48:34,System.Runtime,dotnet.gc.last_collection.heap.fragmentation.size (By)[gc.heap.generation=poh],Metric,0
06/08/2026 11:48:34,System.Runtime,dotnet.process.memory.working_set (By),Metric,89423872
06/08/2026 11:48:34,System.Runtime,dotnet.thread_pool.queue.length ({work_item} / 1 sec),Rate,0
06/08/2026 11:48:34,System.Runtime,dotnet.assembly.count ({assembly}),Metric,148
06/08/2026 11:48:34,System.Runtime,dotnet.jit.compiled_methods ({method} / 1 sec),Rate,0
06/08/2026 11:48:35,System.Runtime,dotnet.gc.last_collection.memory.committed_size (By),Metric,7704576
06/08/2026 11:48:35,Npgsql,db.client.connection.max ({connection})[db.client.connection.pool.name=Host=127.0.0.1;Port=5432;Username=postgres;Database=myapp_load;Maximum Pool Size=500],Metric,500
06/08/2026 11:48:35,Npgsql,db.client.connection.count ({connection})[db.client.connection.pool.name=Host=127.0.0.1;Port=5432;Username=postgres;Database=myapp_load;Maximum Pool Size=500;db.client.connection.state=used],Metric,0
06/08/2026 11:48:35,Npgsql,db.client.connection.count ({connection})[db.client.connection.pool.name=Host=127.0.0.1;Port=5432;Username=postgres;Database=myapp_load;Maximum Pool Size=500;db.client.connection.state=idle],Metric,1
06/08/2026 11:48:35,System.Runtime,dotnet.gc.collections ({collection} / 1 sec)[gc.heap.generation=gen1],Rate,0
06/08/2026 11:48:35,System.Runtime,dotnet.gc.collections ({collection} / 1 sec)[gc.heap.generation=gen0],Rate,0
06/08/2026 11:48:35,System.Runtime,dotnet.gc.collections ({collection} / 1 sec)[gc.heap.generation=gen2],Rate,0
06/08/2026 11:48:35,System.Runtime,dotnet.thread_pool.work_item.count ({work_item} / 1 sec),Rate,0
06/08/2026 11:48:35,System.Runtime,dotnet.gc.pause.time (s / 1 sec),Rate,0
06/08/2026 11:48:35,System.Runtime,dotnet.timer.count ({timer}),Metric,3
06/08/2026 11:48:35,System.Runtime,dotnet.jit.compilation.time (s / 1 sec),Rate,0.014668499999999973
06/08/2026 11:48:35,System.Runtime,dotnet.gc.last_collection.heap.size (By)[gc.heap.generation=gen1],Metric,1299656
06/08/2026 11:48:35,System.Runtime,dotnet.gc.last_collection.heap.size (By)[gc.heap.generation=loh],Metric,3518912
06/08/2026 11:48:35,System.Runtime,dotnet.gc.last_collection.heap.size (By)[gc.heap.generation=gen0],Metric,560
06/08/2026 11:48:35,System.Runtime,dotnet.gc.last_collection.heap.size (By)[gc.heap.generation=gen2],Metric,0
06/08/2026 11:48:35,System.Runtime,dotnet.gc.last_collection.heap.size (By)[gc.heap.generation=poh],Metric,24528
06/08/2026 11:48:35,System.Runtime,dotnet.process.cpu.time (s / 1 sec)[cpu.mode=user],Rate,0
06/08/2026 11:48:35,System.Runtime,dotnet.process.cpu.time (s / 1 sec)[cpu.mode=system],Rate,0
06/08/2026 11:48:35,System.Runtime,dotnet.jit.compiled_il.size (By / 1 sec),Rate,1618
06/08/2026 11:48:35,System.Runtime,dotnet.gc.heap.total_allocated (By / 1 sec),Rate,40832
06/08/2026 11:48:35,System.Runtime,dotnet.process.cpu.count ({cpu}),Metric,20
06/08/2026 11:48:35,System.Runtime,dotnet.monitor.lock_contentions ({contention} / 1 sec),Rate,0
06/08/2026 11:48:35,System.Runtime,dotnet.thread_pool.thread.count ({thread} / 1 sec),Rate,0
06/08/2026 11:48:35,System.Runtime,dotnet.gc.last_collection.heap.fragmentation.size (By)[gc.heap.generation=gen1],Metric,14184
06/08/2026 11:48:35,System.Runtime,dotnet.gc.last_collection.heap.fragmentation.size (By)[gc.heap.generation=loh],Metric,512
06/08/2026 11:48:35,System.Runtime,dotnet.gc.last_collection.heap.fragmentation.size (By)[gc.heap.generation=gen0],Metric,456
06/08/2026 11:48:35,System.Runtime,dotnet.gc.last_collection.heap.fragmentation.size (By)[gc.heap.generation=gen2],Metric,0
06/08/2026 11:48:35,System.Runtime,dotnet.gc.last_collection.heap.fragmentation.size (By)[gc.heap.generation=poh],Metric,0
06/08/2026 11:48:35,System.Runtime,dotnet.process.memory.working_set (By),Metric,89432064
06/08/2026 11:48:35,System.Runtime,dotnet.thread_pool.queue.length ({work_item} / 1 sec),Rate,0
06/08/2026 11:48:35,System.Runtime,dotnet.assembly.count ({assembly}),Metric,148
06/08/2026 11:48:35,System.Runtime,dotnet.jit.compiled_methods ({method} / 1 sec),Rate,20
06/08/2026 11:48:36,System.Runtime,dotnet.gc.last_collection.memory.committed_size (By),Metric,7704576
06/08/2026 11:48:36,Npgsql,db.client.connection.max ({connection})[db.client.connection.pool.name=Host=127.0.0.1;Port=5432;Username=postgres;Database=myapp_load;Maximum Pool Size=500],Metric,500
06/08/2026 11:48:36,Npgsql,db.client.connection.count ({connection})[db.client.connection.pool.name=Host=127.0.0.1;Port=5432;Username=postgres;Database=myapp_load;Maximum Pool Size=500;db.client.connection.state=used],Metric,0
06/08/2026 11:48:36,Npgsql,db.client.connection.count ({connection})[db.client.connection.pool.name=Host=127.0.0.1;Port=5432;Username=postgres;Database=myapp_load;Maximum Pool Size=500;db.client.connection.state=idle],Metric,1
06/08/2026 11:48:36,System.Runtime,dotnet.gc.collections ({collection} / 1 sec)[gc.heap.generation=gen1],Rate,0
06/08/2026 11:48:36,System.Runtime,dotnet.gc.collections ({collection} / 1 sec)[gc.heap.generation=gen0],Rate,0
06/08/2026 11:48:36,System.Runtime,dotnet.gc.collections ({collection} / 1 sec)[gc.heap.generation=gen2],Rate,0
06/08/2026 11:48:36,System.Runtime,dotnet.thread_pool.work_item.count ({work_item} / 1 sec),Rate,1
06/08/2026 11:48:36,System.Runtime,dotnet.gc.pause.time (s / 1 sec),Rate,0
06/08/2026 11:48:36,System.Runtime,dotnet.timer.count ({timer}),Metric,2
06/08/2026 11:48:36,System.Runtime,dotnet.jit.compilation.time (s / 1 sec),Rate,0.003372600000000503
06/08/2026 11:48:36,System.Runtime,dotnet.gc.last_collection.heap.size (By)[gc.heap.generation=gen1],Metric,1299656
06/08/2026 11:48:36,System.Runtime,dotnet.gc.last_collection.heap.size (By)[gc.heap.generation=loh],Metric,3518912
06/08/2026 11:48:36,System.Runtime,dotnet.gc.last_collection.heap.size (By)[gc.heap.generation=gen0],Metric,560
06/08/2026 11:48:36,System.Runtime,dotnet.gc.last_collection.heap.size (By)[gc.heap.generation=gen2],Metric,0
06/08/2026 11:48:36,System.Runtime,dotnet.gc.last_collection.heap.size (By)[gc.heap.generation=poh],Metric,24528
06/08/2026 11:48:36,System.Runtime,dotnet.process.cpu.time (s / 1 sec)[cpu.mode=user],Rate,0
06/08/2026 11:48:36,System.Runtime,dotnet.process.cpu.time (s / 1 sec)[cpu.mode=system],Rate,0.015625
06/08/2026 11:48:36,System.Runtime,dotnet.jit.compiled_il.size (By / 1 sec),Rate,679
06/08/2026 11:48:36,System.Runtime,dotnet.gc.heap.total_allocated (By / 1 sec),Rate,32752
06/08/2026 11:48:36,System.Runtime,dotnet.process.cpu.count ({cpu}),Metric,20
06/08/2026 11:48:36,System.Runtime,dotnet.monitor.lock_contentions ({contention} / 1 sec),Rate,0
06/08/2026 11:48:36,System.Runtime,dotnet.thread_pool.thread.count ({thread} / 1 sec),Rate,0
06/08/2026 11:48:36,System.Runtime,dotnet.gc.last_collection.heap.fragmentation.size (By)[gc.heap.generation=gen1],Metric,14184
06/08/2026 11:48:36,System.Runtime,dotnet.gc.last_collection.heap.fragmentation.size (By)[gc.heap.generation=loh],Metric,512
06/08/2026 11:48:36,System.Runtime,dotnet.gc.last_collection.heap.fragmentation.size (By)[gc.heap.generation=gen0],Metric,456
06/08/2026 11:48:36,System.Runtime,dotnet.gc.last_collection.heap.fragmentation.size (By)[gc.heap.generation=gen2],Metric,0
06/08/2026 11:48:36,System.Runtime,dotnet.gc.last_collection.heap.fragmentation.size (By)[gc.heap.generation=poh],Metric,0
06/08/2026 11:48:36,System.Runtime,dotnet.process.memory.working_set (By),Metric,88563712
06/08/2026 11:48:36,System.Runtime,dotnet.thread_pool.queue.length ({work_item} / 1 sec),Rate,0
06/08/2026 11:48:36,System.Runtime,dotnet.assembly.count ({assembly}),Metric,148
06/08/2026 11:48:36,System.Runtime,dotnet.jit.compiled_methods ({method} / 1 sec),Rate,14
06/08/2026 11:48:37,System.Runtime,dotnet.gc.last_collection.memory.committed_size (By),Metric,7704576
06/08/2026 11:48:37,Npgsql,db.client.connection.max ({connection})[db.client.connection.pool.name=Host=127.0.0.1;Port=5432;Username=postgres;Database=myapp_load;Maximum Pool Size=500],Metric,500
06/08/2026 11:48:37,Npgsql,db.client.connection.count ({connection})[db.client.connection.pool.name=Host=127.0.0.1;Port=5432;Username=postgres;Database=myapp_load;Maximum Pool Size=500;db.client.connection.state=used],Metric,0
06/08/2026 11:48:37,Npgsql,db.client.connection.count ({connection})[db.client.connection.pool.name=Host=127.0.0.1;Port=5432;Username=postgres;Database=myapp_load;Maximum Pool Size=500;db.client.connection.state=idle],Metric,1
06/08/2026 11:48:37,System.Runtime,dotnet.gc.collections ({collection} / 1 sec)[gc.heap.generation=gen1],Rate,0
06/08/2026 11:48:37,System.Runtime,dotnet.gc.collections ({collection} / 1 sec)[gc.heap.generation=gen0],Rate,0
06/08/2026 11:48:37,System.Runtime,dotnet.gc.collections ({collection} / 1 sec)[gc.heap.generation=gen2],Rate,0
06/08/2026 11:48:37,System.Runtime,dotnet.thread_pool.work_item.count ({work_item} / 1 sec),Rate,0
06/08/2026 11:48:37,System.Runtime,dotnet.gc.pause.time (s / 1 sec),Rate,0
06/08/2026 11:48:37,System.Runtime,dotnet.timer.count ({timer}),Metric,2
06/08/2026 11:48:37,System.Runtime,dotnet.jit.compilation.time (s / 1 sec),Rate,0.010234299999999585
06/08/2026 11:48:37,System.Runtime,dotnet.gc.last_collection.heap.size (By)[gc.heap.generation=gen1],Metric,1299656
06/08/2026 11:48:37,System.Runtime,dotnet.gc.last_collection.heap.size (By)[gc.heap.generation=loh],Metric,3518912
06/08/2026 11:48:37,System.Runtime,dotnet.gc.last_collection.heap.size (By)[gc.heap.generation=gen0],Metric,560
06/08/2026 11:48:37,System.Runtime,dotnet.gc.last_collection.heap.size (By)[gc.heap.generation=gen2],Metric,0
06/08/2026 11:48:37,System.Runtime,dotnet.gc.last_collection.heap.size (By)[gc.heap.generation=poh],Metric,24528
06/08/2026 11:48:37,System.Runtime,dotnet.process.cpu.time (s / 1 sec)[cpu.mode=user],Rate,0
06/08/2026 11:48:37,System.Runtime,dotnet.process.cpu.time (s / 1 sec)[cpu.mode=system],Rate,0
06/08/2026 11:48:37,System.Runtime,dotnet.jit.compiled_il.size (By / 1 sec),Rate,496
06/08/2026 11:48:37,System.Runtime,dotnet.gc.heap.total_allocated (By / 1 sec),Rate,39976
06/08/2026 11:48:37,System.Runtime,dotnet.process.cpu.count ({cpu}),Metric,20
06/08/2026 11:48:37,System.Runtime,dotnet.monitor.lock_contentions ({contention} / 1 sec),Rate,0
06/08/2026 11:48:37,System.Runtime,dotnet.thread_pool.thread.count ({thread} / 1 sec),Rate,0
06/08/2026 11:48:37,System.Runtime,dotnet.gc.last_collection.heap.fragmentation.size (By)[gc.heap.generation=gen1],Metric,14184
06/08/2026 11:48:37,System.Runtime,dotnet.gc.last_collection.heap.fragmentation.size (By)[gc.heap.generation=loh],Metric,512
06/08/2026 11:48:37,System.Runtime,dotnet.gc.last_collection.heap.fragmentation.size (By)[gc.heap.generation=gen0],Metric,456
06/08/2026 11:48:37,System.Runtime,dotnet.gc.last_collection.heap.fragmentation.size (By)[gc.heap.generation=gen2],Metric,0
06/08/2026 11:48:37,System.Runtime,dotnet.gc.last_collection.heap.fragmentation.size (By)[gc.heap.generation=poh],Metric,0
06/08/2026 11:48:37,System.Runtime,dotnet.process.memory.working_set (By),Metric,88559616
06/08/2026 11:48:37,System.Runtime,dotnet.thread_pool.queue.length ({work_item} / 1 sec),Rate,0
06/08/2026 11:48:37,System.Runtime,dotnet.assembly.count ({assembly}),Metric,148
06/08/2026 11:48:37,System.Runtime,dotnet.jit.compiled_methods ({method} / 1 sec),Rate,9
06/08/2026 11:48:38,System.Runtime,dotnet.gc.last_collection.memory.committed_size (By),Metric,9928704
06/08/2026 11:48:38,Npgsql,db.client.connection.max ({connection})[db.client.connection.pool.name=Host=127.0.0.1;Port=5432;Username=postgres;Database=myapp_load;Maximum Pool Size=500],Metric,500
06/08/2026 11:48:38,Npgsql,db.client.connection.count ({connection})[db.client.connection.pool.name=Host=127.0.0.1;Port=5432;Username=postgres;Database=myapp_load;Maximum Pool Size=500;db.client.connection.state=used],Metric,0
06/08/2026 11:48:38,Npgsql,db.client.connection.count ({connection})[db.client.connection.pool.name=Host=127.0.0.1;Port=5432;Username=postgres;Database=myapp_load;Maximum Pool Size=500;db.client.connection.state=idle],Metric,1
06/08/2026 11:48:38,Npgsql,db.client.operation.npgsql.bytes_read (By / 1 sec)[db.client.connection.pool.name=Host=127.0.0.1;Port=5432;Username=postgres;Database=myapp_load;Maximum Pool Size=500],Rate,196
06/08/2026 11:48:38,System.Runtime,dotnet.gc.collections ({collection} / 1 sec)[gc.heap.generation=gen1],Rate,1
06/08/2026 11:48:38,System.Runtime,dotnet.gc.collections ({collection} / 1 sec)[gc.heap.generation=gen0],Rate,0
06/08/2026 11:48:38,System.Runtime,dotnet.gc.collections ({collection} / 1 sec)[gc.heap.generation=gen2],Rate,0
06/08/2026 11:48:38,Npgsql,db.client.operation.npgsql.executing ({command})[db.client.connection.pool.name=Host=127.0.0.1;Port=5432;Username=postgres;Database=myapp_load;Maximum Pool Size=500],Metric,0
06/08/2026 11:48:38,System.Runtime,dotnet.thread_pool.work_item.count ({work_item} / 1 sec),Rate,23
06/08/2026 11:48:38,System.Runtime,dotnet.gc.pause.time (s / 1 sec),Rate,0.007297
06/08/2026 11:48:38,System.Runtime,dotnet.timer.count ({timer}),Metric,2
06/08/2026 11:48:38,System.Runtime,dotnet.jit.compilation.time (s / 1 sec),Rate,0.28163170000000015
06/08/2026 11:48:38,System.Runtime,dotnet.gc.last_collection.heap.size (By)[gc.heap.generation=gen1],Metric,960952
06/08/2026 11:48:38,System.Runtime,dotnet.gc.last_collection.heap.size (By)[gc.heap.generation=loh],Metric,4482496
06/08/2026 11:48:38,System.Runtime,dotnet.gc.last_collection.heap.size (By)[gc.heap.generation=gen0],Metric,768576
06/08/2026 11:48:38,System.Runtime,dotnet.gc.last_collection.heap.size (By)[gc.heap.generation=gen2],Metric,1176448
06/08/2026 11:48:38,System.Runtime,dotnet.gc.last_collection.heap.size (By)[gc.heap.generation=poh],Metric,74720
06/08/2026 11:48:38,System.Runtime,dotnet.process.cpu.time (s / 1 sec)[cpu.mode=user],Rate,0.265625
06/08/2026 11:48:38,System.Runtime,dotnet.process.cpu.time (s / 1 sec)[cpu.mode=system],Rate,0.078125
06/08/2026 11:48:38,Microsoft.AspNetCore.Hosting,http.server.request.duration (s)[http.request.method=POST;http.response.status_code=201;http.route=/orders;network.protocol.version=1.1;url.scheme=http;Percentile=50],Metric,0.28564453125
06/08/2026 11:48:38,Microsoft.AspNetCore.Hosting,http.server.request.duration (s)[http.request.method=POST;http.response.status_code=201;http.route=/orders;network.protocol.version=1.1;url.scheme=http;Percentile=95],Metric,0.28564453125
06/08/2026 11:48:38,Microsoft.AspNetCore.Hosting,http.server.request.duration (s)[http.request.method=POST;http.response.status_code=201;http.route=/orders;network.protocol.version=1.1;url.scheme=http;Percentile=99],Metric,0.28564453125
06/08/2026 11:48:38,System.Runtime,dotnet.jit.compiled_il.size (By / 1 sec),Rate,71869
06/08/2026 11:48:38,System.Runtime,dotnet.gc.heap.total_allocated (By / 1 sec),Rate,453848
06/08/2026 11:48:38,System.Runtime,dotnet.process.cpu.count ({cpu}),Metric,20
06/08/2026 11:48:38,System.Runtime,dotnet.monitor.lock_contentions ({contention} / 1 sec),Rate,1
06/08/2026 11:48:38,Npgsql,db.client.operation.duration (s)[db.client.connection.pool.name=Host=127.0.0.1;Port=5432;Username=postgres;Database=myapp_load;Maximum Pool Size=500;db.system.name=postgresql;server.address=127.0.0.1;server.port=5432;Percentile=50],Metric,0.0118865966796875
06/08/2026 11:48:38,Npgsql,db.client.operation.duration (s)[db.client.connection.pool.name=Host=127.0.0.1;Port=5432;Username=postgres;Database=myapp_load;Maximum Pool Size=500;db.system.name=postgresql;server.address=127.0.0.1;server.port=5432;Percentile=95],Metric,0.0118865966796875
06/08/2026 11:48:38,Npgsql,db.client.operation.duration (s)[db.client.connection.pool.name=Host=127.0.0.1;Port=5432;Username=postgres;Database=myapp_load;Maximum Pool Size=500;db.system.name=postgresql;server.address=127.0.0.1;server.port=5432;Percentile=99],Metric,0.0118865966796875
06/08/2026 11:48:38,System.Runtime,dotnet.thread_pool.thread.count ({thread} / 1 sec),Rate,1
06/08/2026 11:48:38,System.Runtime,dotnet.gc.last_collection.heap.fragmentation.size (By)[gc.heap.generation=gen1],Metric,10920
06/08/2026 11:48:38,System.Runtime,dotnet.gc.last_collection.heap.fragmentation.size (By)[gc.heap.generation=loh],Metric,736
06/08/2026 11:48:38,System.Runtime,dotnet.gc.last_collection.heap.fragmentation.size (By)[gc.heap.generation=gen0],Metric,768192
06/08/2026 11:48:38,System.Runtime,dotnet.gc.last_collection.heap.fragmentation.size (By)[gc.heap.generation=gen2],Metric,0
06/08/2026 11:48:38,System.Runtime,dotnet.gc.last_collection.heap.fragmentation.size (By)[gc.heap.generation=poh],Metric,0
06/08/2026 11:48:38,Microsoft.AspNetCore.Hosting,http.server.active_requests ({request})[http.request.method=POST;url.scheme=http],Metric,1
06/08/2026 11:48:38,System.Runtime,dotnet.process.memory.working_set (By),Metric,91275264
06/08/2026 11:48:38,System.Runtime,dotnet.thread_pool.queue.length ({work_item} / 1 sec),Rate,0
06/08/2026 11:48:38,Npgsql,db.client.operation.npgsql.bytes_written (By / 1 sec)[db.client.connection.pool.name=Host=127.0.0.1;Port=5432;Username=postgres;Database=myapp_load;Maximum Pool Size=500],Rate,398
06/08/2026 11:48:38,System.Runtime,dotnet.assembly.count ({assembly}),Metric,150
06/08/2026 11:48:38,Npgsql,db.client.operation.npgsql.prepared_ratio[db.client.connection.pool.name=Host=127.0.0.1;Port=5432;Username=postgres;Database=myapp_load;Maximum Pool Size=500],Metric,0
06/08/2026 11:48:38,System.Runtime,dotnet.jit.compiled_methods ({method} / 1 sec),Rate,883
06/08/2026 11:48:39,System.Runtime,dotnet.gc.last_collection.memory.committed_size (By),Metric,9928704
06/08/2026 11:48:39,Npgsql,db.client.connection.max ({connection})[db.client.connection.pool.name=Host=127.0.0.1;Port=5432;Username=postgres;Database=myapp_load;Maximum Pool Size=500],Metric,500
06/08/2026 11:48:39,Npgsql,db.client.connection.count ({connection})[db.client.connection.pool.name=Host=127.0.0.1;Port=5432;Username=postgres;Database=myapp_load;Maximum Pool Size=500;db.client.connection.state=used],Metric,1
06/08/2026 11:48:39,Npgsql,db.client.connection.count ({connection})[db.client.connection.pool.name=Host=127.0.0.1;Port=5432;Username=postgres;Database=myapp_load;Maximum Pool Size=500;db.client.connection.state=idle],Metric,0
06/08/2026 11:48:39,Npgsql,db.client.operation.npgsql.bytes_read (By / 1 sec)[db.client.connection.pool.name=Host=127.0.0.1;Port=5432;Username=postgres;Database=myapp_load;Maximum Pool Size=500],Rate,9408
06/08/2026 11:48:39,System.Runtime,dotnet.gc.collections ({collection} / 1 sec)[gc.heap.generation=gen1],Rate,0
06/08/2026 11:48:39,System.Runtime,dotnet.gc.collections ({collection} / 1 sec)[gc.heap.generation=gen0],Rate,0
06/08/2026 11:48:39,System.Runtime,dotnet.gc.collections ({collection} / 1 sec)[gc.heap.generation=gen2],Rate,0
06/08/2026 11:48:39,Npgsql,db.client.operation.npgsql.executing ({command})[db.client.connection.pool.name=Host=127.0.0.1;Port=5432;Username=postgres;Database=myapp_load;Maximum Pool Size=500],Metric,1
06/08/2026 11:48:39,System.Runtime,dotnet.thread_pool.work_item.count ({work_item} / 1 sec),Rate,479
06/08/2026 11:48:39,System.Runtime,dotnet.gc.pause.time (s / 1 sec),Rate,0
06/08/2026 11:48:39,System.Runtime,dotnet.timer.count ({timer}),Metric,3
06/08/2026 11:48:39,System.Runtime,dotnet.jit.compilation.time (s / 1 sec),Rate,0.3221582999999999
06/08/2026 11:48:39,System.Runtime,dotnet.gc.last_collection.heap.size (By)[gc.heap.generation=gen1],Metric,960952
06/08/2026 11:48:39,System.Runtime,dotnet.gc.last_collection.heap.size (By)[gc.heap.generation=loh],Metric,4482496
06/08/2026 11:48:39,System.Runtime,dotnet.gc.last_collection.heap.size (By)[gc.heap.generation=gen0],Metric,768576
06/08/2026 11:48:39,System.Runtime,dotnet.gc.last_collection.heap.size (By)[gc.heap.generation=gen2],Metric,1176448
06/08/2026 11:48:39,System.Runtime,dotnet.gc.last_collection.heap.size (By)[gc.heap.generation=poh],Metric,74720
06/08/2026 11:48:39,System.Runtime,dotnet.process.cpu.time (s / 1 sec)[cpu.mode=user],Rate,0.609375
06/08/2026 11:48:39,System.Runtime,dotnet.process.cpu.time (s / 1 sec)[cpu.mode=system],Rate,0.125
06/08/2026 11:48:39,Microsoft.AspNetCore.Hosting,http.server.request.duration (s)[http.request.method=POST;http.response.status_code=201;http.route=/orders;network.protocol.version=1.1;url.scheme=http;Percentile=50],Metric,0.0084991455078125
06/08/2026 11:48:39,Microsoft.AspNetCore.Hosting,http.server.request.duration (s)[http.request.method=POST;http.response.status_code=201;http.route=/orders;network.protocol.version=1.1;url.scheme=http;Percentile=95],Metric,0.01409912109375
06/08/2026 11:48:39,Microsoft.AspNetCore.Hosting,http.server.request.duration (s)[http.request.method=POST;http.response.status_code=201;http.route=/orders;network.protocol.version=1.1;url.scheme=http;Percentile=99],Metric,0.020965576171875
06/08/2026 11:48:39,System.Runtime,dotnet.jit.compiled_il.size (By / 1 sec),Rate,22793
06/08/2026 11:48:39,System.Runtime,dotnet.gc.heap.total_allocated (By / 1 sec),Rate,2172200
06/08/2026 11:48:39,System.Runtime,dotnet.process.cpu.count ({cpu}),Metric,20
06/08/2026 11:48:39,System.Runtime,dotnet.monitor.lock_contentions ({contention} / 1 sec),Rate,1
06/08/2026 11:48:39,Npgsql,db.client.operation.duration (s)[db.client.connection.pool.name=Host=127.0.0.1;Port=5432;Username=postgres;Database=myapp_load;Maximum Pool Size=500;db.system.name=postgresql;server.address=127.0.0.1;server.port=5432;Percentile=50],Metric,0.0065460205078125
06/08/2026 11:48:39,Npgsql,db.client.operation.duration (s)[db.client.connection.pool.name=Host=127.0.0.1;Port=5432;Username=postgres;Database=myapp_load;Maximum Pool Size=500;db.system.name=postgresql;server.address=127.0.0.1;server.port=5432;Percentile=95],Metric,0.011505126953125
06/08/2026 11:48:39,Npgsql,db.client.operation.duration (s)[db.client.connection.pool.name=Host=127.0.0.1;Port=5432;Username=postgres;Database=myapp_load;Maximum Pool Size=500;db.system.name=postgresql;server.address=127.0.0.1;server.port=5432;Percentile=99],Metric,0.018890380859375
06/08/2026 11:48:39,System.Runtime,dotnet.thread_pool.thread.count ({thread} / 1 sec),Rate,0
06/08/2026 11:48:39,System.Runtime,dotnet.gc.last_collection.heap.fragmentation.size (By)[gc.heap.generation=gen1],Metric,10920
06/08/2026 11:48:39,System.Runtime,dotnet.gc.last_collection.heap.fragmentation.size (By)[gc.heap.generation=loh],Metric,736
06/08/2026 11:48:39,System.Runtime,dotnet.gc.last_collection.heap.fragmentation.size (By)[gc.heap.generation=gen0],Metric,768192
06/08/2026 11:48:39,System.Runtime,dotnet.gc.last_collection.heap.fragmentation.size (By)[gc.heap.generation=gen2],Metric,0
06/08/2026 11:48:39,System.Runtime,dotnet.gc.last_collection.heap.fragmentation.size (By)[gc.heap.generation=poh],Metric,0
06/08/2026 11:48:39,Microsoft.AspNetCore.Hosting,http.server.active_requests ({request})[http.request.method=POST;url.scheme=http],Metric,1
06/08/2026 11:48:39,System.Runtime,dotnet.process.memory.working_set (By),Metric,92200960
06/08/2026 11:48:39,System.Runtime,dotnet.thread_pool.queue.length ({work_item} / 1 sec),Rate,0
06/08/2026 11:48:39,Npgsql,db.client.operation.npgsql.bytes_written (By / 1 sec)[db.client.connection.pool.name=Host=127.0.0.1;Port=5432;Username=postgres;Database=myapp_load;Maximum Pool Size=500],Rate,19303
06/08/2026 11:48:39,System.Runtime,dotnet.assembly.count ({assembly}),Metric,150
06/08/2026 11:48:39,Npgsql,db.client.operation.npgsql.prepared_ratio[db.client.connection.pool.name=Host=127.0.0.1;Port=5432;Username=postgres;Database=myapp_load;Maximum Pool Size=500],Metric,0
06/08/2026 11:48:39,System.Runtime,dotnet.jit.compiled_methods ({method} / 1 sec),Rate,305
06/08/2026 11:48:40,System.Runtime,dotnet.gc.last_collection.memory.committed_size (By),Metric,10072064
06/08/2026 11:48:40,Npgsql,db.client.connection.max ({connection})[db.client.connection.pool.name=Host=127.0.0.1;Port=5432;Username=postgres;Database=myapp_load;Maximum Pool Size=500],Metric,500
06/08/2026 11:48:40,Npgsql,db.client.connection.count ({connection})[db.client.connection.pool.name=Host=127.0.0.1;Port=5432;Username=postgres;Database=myapp_load;Maximum Pool Size=500;db.client.connection.state=used],Metric,1
06/08/2026 11:48:40,Npgsql,db.client.connection.count ({connection})[db.client.connection.pool.name=Host=127.0.0.1;Port=5432;Username=postgres;Database=myapp_load;Maximum Pool Size=500;db.client.connection.state=idle],Metric,0
06/08/2026 11:48:40,Npgsql,db.client.operation.npgsql.bytes_read (By / 1 sec)[db.client.connection.pool.name=Host=127.0.0.1;Port=5432;Username=postgres;Database=myapp_load;Maximum Pool Size=500],Rate,6468
06/08/2026 11:48:40,System.Runtime,dotnet.gc.collections ({collection} / 1 sec)[gc.heap.generation=gen1],Rate,0
06/08/2026 11:48:40,System.Runtime,dotnet.gc.collections ({collection} / 1 sec)[gc.heap.generation=gen0],Rate,1
06/08/2026 11:48:40,System.Runtime,dotnet.gc.collections ({collection} / 1 sec)[gc.heap.generation=gen2],Rate,0
06/08/2026 11:48:40,Npgsql,db.client.operation.npgsql.executing ({command})[db.client.connection.pool.name=Host=127.0.0.1;Port=5432;Username=postgres;Database=myapp_load;Maximum Pool Size=500],Metric,1
06/08/2026 11:48:40,System.Runtime,dotnet.thread_pool.work_item.count ({work_item} / 1 sec),Rate,330
06/08/2026 11:48:40,System.Runtime,dotnet.gc.pause.time (s / 1 sec),Rate,0.003262000000000001
06/08/2026 11:48:40,System.Runtime,dotnet.timer.count ({timer}),Metric,5
06/08/2026 11:48:40,System.Runtime,dotnet.jit.compilation.time (s / 1 sec),Rate,0.5458784999999997
06/08/2026 11:48:40,System.Runtime,dotnet.gc.last_collection.heap.size (By)[gc.heap.generation=gen1],Metric,1292992
06/08/2026 11:48:40,System.Runtime,dotnet.gc.last_collection.heap.size (By)[gc.heap.generation=loh],Metric,4626696
06/08/2026 11:48:40,System.Runtime,dotnet.gc.last_collection.heap.size (By)[gc.heap.generation=gen0],Metric,768576
06/08/2026 11:48:40,System.Runtime,dotnet.gc.last_collection.heap.size (By)[gc.heap.generation=gen2],Metric,1176448
06/08/2026 11:48:40,System.Runtime,dotnet.gc.last_collection.heap.size (By)[gc.heap.generation=poh],Metric,78840
06/08/2026 11:48:40,System.Runtime,dotnet.process.cpu.time (s / 1 sec)[cpu.mode=user],Rate,0.734375
06/08/2026 11:48:40,System.Runtime,dotnet.process.cpu.time (s / 1 sec)[cpu.mode=system],Rate,0.09375
06/08/2026 11:48:40,Microsoft.AspNetCore.Hosting,http.server.request.duration (s)[http.request.method=POST;http.response.status_code=201;http.route=/orders;network.protocol.version=1.1;url.scheme=http;Percentile=50],Metric,0.010467529296875
06/08/2026 11:48:40,Microsoft.AspNetCore.Hosting,http.server.request.duration (s)[http.request.method=POST;http.response.status_code=201;http.route=/orders;network.protocol.version=1.1;url.scheme=http;Percentile=95],Metric,0.02593994140625
06/08/2026 11:48:40,Microsoft.AspNetCore.Hosting,http.server.request.duration (s)[http.request.method=POST;http.response.status_code=201;http.route=/orders;network.protocol.version=1.1;url.scheme=http;Percentile=99],Metric,0.03692626953125
06/08/2026 11:48:40,System.Runtime,dotnet.jit.compiled_il.size (By / 1 sec),Rate,46110
06/08/2026 11:48:40,System.Runtime,dotnet.gc.heap.total_allocated (By / 1 sec),Rate,1536592
06/08/2026 11:48:40,System.Runtime,dotnet.process.cpu.count ({cpu}),Metric,20
06/08/2026 11:48:40,System.Runtime,dotnet.monitor.lock_contentions ({contention} / 1 sec),Rate,0
06/08/2026 11:48:40,Npgsql,db.client.operation.duration (s)[db.client.connection.pool.name=Host=127.0.0.1;Port=5432;Username=postgres;Database=myapp_load;Maximum Pool Size=500;db.system.name=postgresql;server.address=127.0.0.1;server.port=5432;Percentile=50],Metric,0.0091400146484375
06/08/2026 11:48:40,Npgsql,db.client.operation.duration (s)[db.client.connection.pool.name=Host=127.0.0.1;Port=5432;Username=postgres;Database=myapp_load;Maximum Pool Size=500;db.system.name=postgresql;server.address=127.0.0.1;server.port=5432;Percentile=95],Metric,0.0245361328125
06/08/2026 11:48:40,Npgsql,db.client.operation.duration (s)[db.client.connection.pool.name=Host=127.0.0.1;Port=5432;Username=postgres;Database=myapp_load;Maximum Pool Size=500;db.system.name=postgresql;server.address=127.0.0.1;server.port=5432;Percentile=99],Metric,0.0355224609375
06/08/2026 11:48:40,System.Runtime,dotnet.thread_pool.thread.count ({thread} / 1 sec),Rate,0
06/08/2026 11:48:40,System.Runtime,dotnet.gc.last_collection.heap.fragmentation.size (By)[gc.heap.generation=gen1],Metric,15456
06/08/2026 11:48:40,System.Runtime,dotnet.gc.last_collection.heap.fragmentation.size (By)[gc.heap.generation=loh],Metric,768
06/08/2026 11:48:40,System.Runtime,dotnet.gc.last_collection.heap.fragmentation.size (By)[gc.heap.generation=gen0],Metric,768192
06/08/2026 11:48:40,System.Runtime,dotnet.gc.last_collection.heap.fragmentation.size (By)[gc.heap.generation=gen2],Metric,0
06/08/2026 11:48:40,System.Runtime,dotnet.gc.last_collection.heap.fragmentation.size (By)[gc.heap.generation=poh],Metric,0
06/08/2026 11:48:40,Microsoft.AspNetCore.Hosting,http.server.active_requests ({request})[http.request.method=POST;url.scheme=http],Metric,1
06/08/2026 11:48:40,System.Runtime,dotnet.process.memory.working_set (By),Metric,94027776
06/08/2026 11:48:40,System.Runtime,dotnet.thread_pool.queue.length ({work_item} / 1 sec),Rate,0
06/08/2026 11:48:40,Npgsql,db.client.operation.npgsql.bytes_written (By / 1 sec)[db.client.connection.pool.name=Host=127.0.0.1;Port=5432;Username=postgres;Database=myapp_load;Maximum Pool Size=500],Rate,13134
06/08/2026 11:48:40,System.Runtime,dotnet.assembly.count ({assembly}),Metric,150
06/08/2026 11:48:40,Npgsql,db.client.operation.npgsql.prepared_ratio[db.client.connection.pool.name=Host=127.0.0.1;Port=5432;Username=postgres;Database=myapp_load;Maximum Pool Size=500],Metric,0
06/08/2026 11:48:40,System.Runtime,dotnet.jit.compiled_methods ({method} / 1 sec),Rate,520
06/08/2026 11:48:41,System.Runtime,dotnet.gc.last_collection.memory.committed_size (By),Metric,10072064
06/08/2026 11:48:41,Npgsql,db.client.connection.max ({connection})[db.client.connection.pool.name=Host=127.0.0.1;Port=5432;Username=postgres;Database=myapp_load;Maximum Pool Size=500],Metric,500
06/08/2026 11:48:41,Npgsql,db.client.connection.count ({connection})[db.client.connection.pool.name=Host=127.0.0.1;Port=5432;Username=postgres;Database=myapp_load;Maximum Pool Size=500;db.client.connection.state=used],Metric,0
06/08/2026 11:48:41,Npgsql,db.client.connection.count ({connection})[db.client.connection.pool.name=Host=127.0.0.1;Port=5432;Username=postgres;Database=myapp_load;Maximum Pool Size=500;db.client.connection.state=idle],Metric,1
06/08/2026 11:48:41,Npgsql,db.client.operation.npgsql.bytes_read (By / 1 sec)[db.client.connection.pool.name=Host=127.0.0.1;Port=5432;Username=postgres;Database=myapp_load;Maximum Pool Size=500],Rate,5684
06/08/2026 11:48:41,System.Runtime,dotnet.gc.collections ({collection} / 1 sec)[gc.heap.generation=gen1],Rate,0
06/08/2026 11:48:41,System.Runtime,dotnet.gc.collections ({collection} / 1 sec)[gc.heap.generation=gen0],Rate,1
06/08/2026 11:48:41,System.Runtime,dotnet.gc.collections ({collection} / 1 sec)[gc.heap.generation=gen2],Rate,1
06/08/2026 11:48:41,Npgsql,db.client.operation.npgsql.executing ({command})[db.client.connection.pool.name=Host=127.0.0.1;Port=5432;Username=postgres;Database=myapp_load;Maximum Pool Size=500],Metric,0
06/08/2026 11:48:41,System.Runtime,dotnet.thread_pool.work_item.count ({work_item} / 1 sec),Rate,286
06/08/2026 11:48:41,System.Runtime,dotnet.gc.pause.time (s / 1 sec),Rate,0.004055
06/08/2026 11:48:41,System.Runtime,dotnet.timer.count ({timer}),Metric,4
06/08/2026 11:48:41,System.Runtime,dotnet.jit.compilation.time (s / 1 sec),Rate,0.4194273000000006
06/08/2026 11:48:41,System.Runtime,dotnet.gc.last_collection.heap.size (By)[gc.heap.generation=gen1],Metric,1292992
06/08/2026 11:48:41,System.Runtime,dotnet.gc.last_collection.heap.size (By)[gc.heap.generation=loh],Metric,4626696
06/08/2026 11:48:41,System.Runtime,dotnet.gc.last_collection.heap.size (By)[gc.heap.generation=gen0],Metric,768576
06/08/2026 11:48:41,System.Runtime,dotnet.gc.last_collection.heap.size (By)[gc.heap.generation=gen2],Metric,1176448
06/08/2026 11:48:41,System.Runtime,dotnet.gc.last_collection.heap.size (By)[gc.heap.generation=poh],Metric,78840
06/08/2026 11:48:41,System.Runtime,dotnet.process.cpu.time (s / 1 sec)[cpu.mode=user],Rate,0.390625
06/08/2026 11:48:41,System.Runtime,dotnet.process.cpu.time (s / 1 sec)[cpu.mode=system],Rate,0.171875
06/08/2026 11:48:41,Microsoft.AspNetCore.Hosting,http.server.request.duration (s)[http.request.method=POST;http.response.status_code=201;http.route=/orders;network.protocol.version=1.1;url.scheme=http;Percentile=50],Metric,0.0105743408203125
06/08/2026 11:48:41,Microsoft.AspNetCore.Hosting,http.server.request.duration (s)[http.request.method=POST;http.response.status_code=201;http.route=/orders;network.protocol.version=1.1;url.scheme=http;Percentile=95],Metric,0.04827880859375
06/08/2026 11:48:41,Microsoft.AspNetCore.Hosting,http.server.request.duration (s)[http.request.method=POST;http.response.status_code=201;http.route=/orders;network.protocol.version=1.1;url.scheme=http;Percentile=99],Metric,0.0599365234375
06/08/2026 11:48:41,System.Runtime,dotnet.jit.compiled_il.size (By / 1 sec),Rate,35909
06/08/2026 11:48:41,System.Runtime,dotnet.gc.heap.total_allocated (By / 1 sec),Rate,1309104
06/08/2026 11:48:41,System.Runtime,dotnet.process.cpu.count ({cpu}),Metric,20
06/08/2026 11:48:41,System.Runtime,dotnet.monitor.lock_contentions ({contention} / 1 sec),Rate,0
06/08/2026 11:48:41,Npgsql,db.client.operation.duration (s)[db.client.connection.pool.name=Host=127.0.0.1;Port=5432;Username=postgres;Database=myapp_load;Maximum Pool Size=500;db.system.name=postgresql;server.address=127.0.0.1;server.port=5432;Percentile=50],Metric,0.009002685546875
06/08/2026 11:48:41,Npgsql,db.client.operation.duration (s)[db.client.connection.pool.name=Host=127.0.0.1;Port=5432;Username=postgres;Database=myapp_load;Maximum Pool Size=500;db.system.name=postgresql;server.address=127.0.0.1;server.port=5432;Percentile=95],Metric,0.04376220703125
06/08/2026 11:48:41,Npgsql,db.client.operation.duration (s)[db.client.connection.pool.name=Host=127.0.0.1;Port=5432;Username=postgres;Database=myapp_load;Maximum Pool Size=500;db.system.name=postgresql;server.address=127.0.0.1;server.port=5432;Percentile=99],Metric,0.058837890625
06/08/2026 11:48:41,System.Runtime,dotnet.thread_pool.thread.count ({thread} / 1 sec),Rate,0
06/08/2026 11:48:41,System.Runtime,dotnet.gc.last_collection.heap.fragmentation.size (By)[gc.heap.generation=gen1],Metric,244032
06/08/2026 11:48:41,System.Runtime,dotnet.gc.last_collection.heap.fragmentation.size (By)[gc.heap.generation=loh],Metric,768
06/08/2026 11:48:41,System.Runtime,dotnet.gc.last_collection.heap.fragmentation.size (By)[gc.heap.generation=gen0],Metric,578328
06/08/2026 11:48:41,System.Runtime,dotnet.gc.last_collection.heap.fragmentation.size (By)[gc.heap.generation=gen2],Metric,680
06/08/2026 11:48:41,System.Runtime,dotnet.gc.last_collection.heap.fragmentation.size (By)[gc.heap.generation=poh],Metric,12360
06/08/2026 11:48:41,Microsoft.AspNetCore.Hosting,http.server.active_requests ({request})[http.request.method=POST;url.scheme=http],Metric,1
06/08/2026 11:48:41,System.Runtime,dotnet.process.memory.working_set (By),Metric,96333824
06/08/2026 11:48:41,System.Runtime,dotnet.thread_pool.queue.length ({work_item} / 1 sec),Rate,0
06/08/2026 11:48:41,Npgsql,db.client.operation.npgsql.bytes_written (By / 1 sec)[db.client.connection.pool.name=Host=127.0.0.1;Port=5432;Username=postgres;Database=myapp_load;Maximum Pool Size=500],Rate,11343
06/08/2026 11:48:41,System.Runtime,dotnet.assembly.count ({assembly}),Metric,150
06/08/2026 11:48:41,Npgsql,db.client.operation.npgsql.prepared_ratio[db.client.connection.pool.name=Host=127.0.0.1;Port=5432;Username=postgres;Database=myapp_load;Maximum Pool Size=500],Metric,0
06/08/2026 11:48:41,System.Runtime,dotnet.jit.compiled_methods ({method} / 1 sec),Rate,497
06/08/2026 11:48:42,System.Runtime,dotnet.gc.last_collection.memory.committed_size (By),Metric,10072064
06/08/2026 11:48:42,Npgsql,db.client.connection.max ({connection})[db.client.connection.pool.name=Host=127.0.0.1;Port=5432;Username=postgres;Database=myapp_load;Maximum Pool Size=500],Metric,500
06/08/2026 11:48:42,Npgsql,db.client.connection.count ({connection})[db.client.connection.pool.name=Host=127.0.0.1;Port=5432;Username=postgres;Database=myapp_load;Maximum Pool Size=500;db.client.connection.state=used],Metric,0
06/08/2026 11:48:42,Npgsql,db.client.connection.count ({connection})[db.client.connection.pool.name=Host=127.0.0.1;Port=5432;Username=postgres;Database=myapp_load;Maximum Pool Size=500;db.client.connection.state=idle],Metric,1
06/08/2026 11:48:42,Npgsql,db.client.operation.npgsql.bytes_read (By / 1 sec)[db.client.connection.pool.name=Host=127.0.0.1;Port=5432;Username=postgres;Database=myapp_load;Maximum Pool Size=500],Rate,3528
06/08/2026 11:48:42,System.Runtime,dotnet.gc.collections ({collection} / 1 sec)[gc.heap.generation=gen1],Rate,0
06/08/2026 11:48:42,System.Runtime,dotnet.gc.collections ({collection} / 1 sec)[gc.heap.generation=gen0],Rate,0
06/08/2026 11:48:42,System.Runtime,dotnet.gc.collections ({collection} / 1 sec)[gc.heap.generation=gen2],Rate,0
06/08/2026 11:48:42,Npgsql,db.client.operation.npgsql.executing ({command})[db.client.connection.pool.name=Host=127.0.0.1;Port=5432;Username=postgres;Database=myapp_load;Maximum Pool Size=500],Metric,0
06/08/2026 11:48:42,System.Runtime,dotnet.thread_pool.work_item.count ({work_item} / 1 sec),Rate,195
06/08/2026 11:48:42,System.Runtime,dotnet.gc.pause.time (s / 1 sec),Rate,0
06/08/2026 11:48:42,System.Runtime,dotnet.timer.count ({timer}),Metric,4
06/08/2026 11:48:42,System.Runtime,dotnet.jit.compilation.time (s / 1 sec),Rate,0.6672241999999997
06/08/2026 11:48:42,System.Runtime,dotnet.gc.last_collection.heap.size (By)[gc.heap.generation=gen1],Metric,1292992
06/08/2026 11:48:42,System.Runtime,dotnet.gc.last_collection.heap.size (By)[gc.heap.generation=loh],Metric,4626696
06/08/2026 11:48:42,System.Runtime,dotnet.gc.last_collection.heap.size (By)[gc.heap.generation=gen0],Metric,768576
06/08/2026 11:48:42,System.Runtime,dotnet.gc.last_collection.heap.size (By)[gc.heap.generation=gen2],Metric,1176448
06/08/2026 11:48:42,System.Runtime,dotnet.gc.last_collection.heap.size (By)[gc.heap.generation=poh],Metric,78840
06/08/2026 11:48:42,System.Runtime,dotnet.process.cpu.time (s / 1 sec)[cpu.mode=user],Rate,0.296875
06/08/2026 11:48:42,System.Runtime,dotnet.process.cpu.time (s / 1 sec)[cpu.mode=system],Rate,0.0625
06/08/2026 11:48:42,Microsoft.AspNetCore.Hosting,http.server.request.duration (s)[http.request.method=POST;http.response.status_code=201;http.route=/orders;network.protocol.version=1.1;url.scheme=http;Percentile=50],Metric,0.020599365234375
06/08/2026 11:48:42,Microsoft.AspNetCore.Hosting,http.server.request.duration (s)[http.request.method=POST;http.response.status_code=201;http.route=/orders;network.protocol.version=1.1;url.scheme=http;Percentile=95],Metric,0.050048828125
06/08/2026 11:48:42,Microsoft.AspNetCore.Hosting,http.server.request.duration (s)[http.request.method=POST;http.response.status_code=201;http.route=/orders;network.protocol.version=1.1;url.scheme=http;Percentile=99],Metric,0.07080078125
06/08/2026 11:48:42,System.Runtime,dotnet.jit.compiled_il.size (By / 1 sec),Rate,24283
06/08/2026 11:48:42,System.Runtime,dotnet.gc.heap.total_allocated (By / 1 sec),Rate,881128
06/08/2026 11:48:42,System.Runtime,dotnet.process.cpu.count ({cpu}),Metric,20
06/08/2026 11:48:42,System.Runtime,dotnet.monitor.lock_contentions ({contention} / 1 sec),Rate,0
06/08/2026 11:48:42,Npgsql,db.client.operation.duration (s)[db.client.connection.pool.name=Host=127.0.0.1;Port=5432;Username=postgres;Database=myapp_load;Maximum Pool Size=500;db.system.name=postgresql;server.address=127.0.0.1;server.port=5432;Percentile=50],Metric,0.018890380859375
06/08/2026 11:48:42,Npgsql,db.client.operation.duration (s)[db.client.connection.pool.name=Host=127.0.0.1;Port=5432;Username=postgres;Database=myapp_load;Maximum Pool Size=500;db.system.name=postgresql;server.address=127.0.0.1;server.port=5432;Percentile=95],Metric,0.048095703125
06/08/2026 11:48:42,Npgsql,db.client.operation.duration (s)[db.client.connection.pool.name=Host=127.0.0.1;Port=5432;Username=postgres;Database=myapp_load;Maximum Pool Size=500;db.system.name=postgresql;server.address=127.0.0.1;server.port=5432;Percentile=99],Metric,0.069580078125
06/08/2026 11:48:42,System.Runtime,dotnet.thread_pool.thread.count ({thread} / 1 sec),Rate,0
06/08/2026 11:48:42,System.Runtime,dotnet.gc.last_collection.heap.fragmentation.size (By)[gc.heap.generation=gen1],Metric,244032
06/08/2026 11:48:42,System.Runtime,dotnet.gc.last_collection.heap.fragmentation.size (By)[gc.heap.generation=loh],Metric,768
06/08/2026 11:48:42,System.Runtime,dotnet.gc.last_collection.heap.fragmentation.size (By)[gc.heap.generation=gen0],Metric,578328
06/08/2026 11:48:42,System.Runtime,dotnet.gc.last_collection.heap.fragmentation.size (By)[gc.heap.generation=gen2],Metric,680
06/08/2026 11:48:42,System.Runtime,dotnet.gc.last_collection.heap.fragmentation.size (By)[gc.heap.generation=poh],Metric,12360
06/08/2026 11:48:42,Microsoft.AspNetCore.Hosting,http.server.active_requests ({request})[http.request.method=POST;url.scheme=http],Metric,0
06/08/2026 11:48:42,System.Runtime,dotnet.process.memory.working_set (By),Metric,96788480
06/08/2026 11:48:42,System.Runtime,dotnet.thread_pool.queue.length ({work_item} / 1 sec),Rate,0
06/08/2026 11:48:42,Npgsql,db.client.operation.npgsql.bytes_written (By / 1 sec)[db.client.connection.pool.name=Host=127.0.0.1;Port=5432;Username=postgres;Database=myapp_load;Maximum Pool Size=500],Rate,7164
06/08/2026 11:48:42,System.Runtime,dotnet.assembly.count ({assembly}),Metric,150
06/08/2026 11:48:42,Npgsql,db.client.operation.npgsql.prepared_ratio[db.client.connection.pool.name=Host=127.0.0.1;Port=5432;Username=postgres;Database=myapp_load;Maximum Pool Size=500],Metric,0
06/08/2026 11:48:42,System.Runtime,dotnet.jit.compiled_methods ({method} / 1 sec),Rate,283
06/08/2026 11:48:43,System.Runtime,dotnet.gc.last_collection.memory.committed_size (By),Metric,11317248
06/08/2026 11:48:43,Npgsql,db.client.connection.max ({connection})[db.client.connection.pool.name=Host=127.0.0.1;Port=5432;Username=postgres;Database=myapp_load;Maximum Pool Size=500],Metric,500
06/08/2026 11:48:43,Npgsql,db.client.connection.count ({connection})[db.client.connection.pool.name=Host=127.0.0.1;Port=5432;Username=postgres;Database=myapp_load;Maximum Pool Size=500;db.client.connection.state=used],Metric,0
06/08/2026 11:48:43,Npgsql,db.client.connection.count ({connection})[db.client.connection.pool.name=Host=127.0.0.1;Port=5432;Username=postgres;Database=myapp_load;Maximum Pool Size=500;db.client.connection.state=idle],Metric,1
06/08/2026 11:48:43,Npgsql,db.client.operation.npgsql.bytes_read (By / 1 sec)[db.client.connection.pool.name=Host=127.0.0.1;Port=5432;Username=postgres;Database=myapp_load;Maximum Pool Size=500],Rate,7252
06/08/2026 11:48:43,System.Runtime,dotnet.gc.collections ({collection} / 1 sec)[gc.heap.generation=gen1],Rate,1
06/08/2026 11:48:43,System.Runtime,dotnet.gc.collections ({collection} / 1 sec)[gc.heap.generation=gen0],Rate,0
06/08/2026 11:48:43,System.Runtime,dotnet.gc.collections ({collection} / 1 sec)[gc.heap.generation=gen2],Rate,0
06/08/2026 11:48:43,Npgsql,db.client.operation.npgsql.executing ({command})[db.client.connection.pool.name=Host=127.0.0.1;Port=5432;Username=postgres;Database=myapp_load;Maximum Pool Size=500],Metric,0
06/08/2026 11:48:43,System.Runtime,dotnet.thread_pool.work_item.count ({work_item} / 1 sec),Rate,362
06/08/2026 11:48:43,System.Runtime,dotnet.gc.pause.time (s / 1 sec),Rate,0.005186
06/08/2026 11:48:43,System.Runtime,dotnet.timer.count ({timer}),Metric,4
06/08/2026 11:48:43,System.Runtime,dotnet.jit.compilation.time (s / 1 sec),Rate,0.5215756000000003
06/08/2026 11:48:43,System.Runtime,dotnet.gc.last_collection.heap.size (By)[gc.heap.generation=gen1],Metric,321576
06/08/2026 11:48:43,System.Runtime,dotnet.gc.last_collection.heap.size (By)[gc.heap.generation=loh],Metric,4626696
06/08/2026 11:48:43,System.Runtime,dotnet.gc.last_collection.heap.size (By)[gc.heap.generation=gen0],Metric,768576
06/08/2026 11:48:43,System.Runtime,dotnet.gc.last_collection.heap.size (By)[gc.heap.generation=gen2],Metric,2212072
06/08/2026 11:48:43,System.Runtime,dotnet.gc.last_collection.heap.size (By)[gc.heap.generation=poh],Metric,78840
06/08/2026 11:48:43,System.Runtime,dotnet.process.cpu.time (s / 1 sec)[cpu.mode=user],Rate,0.5
06/08/2026 11:48:43,System.Runtime,dotnet.process.cpu.time (s / 1 sec)[cpu.mode=system],Rate,0.109375
06/08/2026 11:48:43,Microsoft.AspNetCore.Hosting,http.server.request.duration (s)[http.request.method=POST;http.response.status_code=201;http.route=/orders;network.protocol.version=1.1;url.scheme=http;Percentile=50],Metric,0.009918212890625
06/08/2026 11:48:43,Microsoft.AspNetCore.Hosting,http.server.request.duration (s)[http.request.method=POST;http.response.status_code=201;http.route=/orders;network.protocol.version=1.1;url.scheme=http;Percentile=95],Metric,0.02581787109375
06/08/2026 11:48:43,Microsoft.AspNetCore.Hosting,http.server.request.duration (s)[http.request.method=POST;http.response.status_code=201;http.route=/orders;network.protocol.version=1.1;url.scheme=http;Percentile=99],Metric,0.03460693359375
06/08/2026 11:48:43,System.Runtime,dotnet.jit.compiled_il.size (By / 1 sec),Rate,17306
06/08/2026 11:48:43,System.Runtime,dotnet.gc.heap.total_allocated (By / 1 sec),Rate,1668352
06/08/2026 11:48:43,System.Runtime,dotnet.process.cpu.count ({cpu}),Metric,20
06/08/2026 11:48:43,System.Runtime,dotnet.monitor.lock_contentions ({contention} / 1 sec),Rate,0
06/08/2026 11:48:43,Npgsql,db.client.operation.duration (s)[db.client.connection.pool.name=Host=127.0.0.1;Port=5432;Username=postgres;Database=myapp_load;Maximum Pool Size=500;db.system.name=postgresql;server.address=127.0.0.1;server.port=5432;Percentile=50],Metric,0.00872802734375
06/08/2026 11:48:43,Npgsql,db.client.operation.duration (s)[db.client.connection.pool.name=Host=127.0.0.1;Port=5432;Username=postgres;Database=myapp_load;Maximum Pool Size=500;db.system.name=postgresql;server.address=127.0.0.1;server.port=5432;Percentile=95],Metric,0.024505615234375
06/08/2026 11:48:43,Npgsql,db.client.operation.duration (s)[db.client.connection.pool.name=Host=127.0.0.1;Port=5432;Username=postgres;Database=myapp_load;Maximum Pool Size=500;db.system.name=postgresql;server.address=127.0.0.1;server.port=5432;Percentile=99],Metric,0.03271484375
06/08/2026 11:48:43,System.Runtime,dotnet.thread_pool.thread.count ({thread} / 1 sec),Rate,0
06/08/2026 11:48:43,System.Runtime,dotnet.gc.last_collection.heap.fragmentation.size (By)[gc.heap.generation=gen1],Metric,4944
06/08/2026 11:48:43,System.Runtime,dotnet.gc.last_collection.heap.fragmentation.size (By)[gc.heap.generation=loh],Metric,768
06/08/2026 11:48:43,System.Runtime,dotnet.gc.last_collection.heap.fragmentation.size (By)[gc.heap.generation=gen0],Metric,768192
06/08/2026 11:48:43,System.Runtime,dotnet.gc.last_collection.heap.fragmentation.size (By)[gc.heap.generation=gen2],Metric,680
06/08/2026 11:48:43,System.Runtime,dotnet.gc.last_collection.heap.fragmentation.size (By)[gc.heap.generation=poh],Metric,12360
06/08/2026 11:48:43,Microsoft.AspNetCore.Hosting,http.server.active_requests ({request})[http.request.method=POST;url.scheme=http],Metric,0
06/08/2026 11:48:43,System.Runtime,dotnet.process.memory.working_set (By),Metric,98344960
06/08/2026 11:48:43,System.Runtime,dotnet.thread_pool.queue.length ({work_item} / 1 sec),Rate,1
06/08/2026 11:48:43,Npgsql,db.client.operation.npgsql.bytes_written (By / 1 sec)[db.client.connection.pool.name=Host=127.0.0.1;Port=5432;Username=postgres;Database=myapp_load;Maximum Pool Size=500],Rate,14726
06/08/2026 11:48:43,System.Runtime,dotnet.assembly.count ({assembly}),Metric,150
06/08/2026 11:48:43,Npgsql,db.client.operation.npgsql.prepared_ratio[db.client.connection.pool.name=Host=127.0.0.1;Port=5432;Username=postgres;Database=myapp_load;Maximum Pool Size=500],Metric,0
06/08/2026 11:48:43,System.Runtime,dotnet.jit.compiled_methods ({method} / 1 sec),Rate,262
06/08/2026 11:48:44,System.Runtime,dotnet.gc.last_collection.memory.committed_size (By),Metric,11317248
06/08/2026 11:48:44,Npgsql,db.client.connection.max ({connection})[db.client.connection.pool.name=Host=127.0.0.1;Port=5432;Username=postgres;Database=myapp_load;Maximum Pool Size=500],Metric,500
06/08/2026 11:48:44,Npgsql,db.client.connection.count ({connection})[db.client.connection.pool.name=Host=127.0.0.1;Port=5432;Username=postgres;Database=myapp_load;Maximum Pool Size=500;db.client.connection.state=used],Metric,0
06/08/2026 11:48:44,Npgsql,db.client.connection.count ({connection})[db.client.connection.pool.name=Host=127.0.0.1;Port=5432;Username=postgres;Database=myapp_load;Maximum Pool Size=500;db.client.connection.state=idle],Metric,1
06/08/2026 11:48:44,Npgsql,db.client.operation.npgsql.bytes_read (By / 1 sec)[db.client.connection.pool.name=Host=127.0.0.1;Port=5432;Username=postgres;Database=myapp_load;Maximum Pool Size=500],Rate,9702
06/08/2026 11:48:44,System.Runtime,dotnet.gc.collections ({collection} / 1 sec)[gc.heap.generation=gen1],Rate,0
06/08/2026 11:48:44,System.Runtime,dotnet.gc.collections ({collection} / 1 sec)[gc.heap.generation=gen0],Rate,0
06/08/2026 11:48:44,System.Runtime,dotnet.gc.collections ({collection} / 1 sec)[gc.heap.generation=gen2],Rate,0
06/08/2026 11:48:44,Npgsql,db.client.operation.npgsql.executing ({command})[db.client.connection.pool.name=Host=127.0.0.1;Port=5432;Username=postgres;Database=myapp_load;Maximum Pool Size=500],Metric,0
06/08/2026 11:48:44,System.Runtime,dotnet.thread_pool.work_item.count ({work_item} / 1 sec),Rate,496
06/08/2026 11:48:44,System.Runtime,dotnet.gc.pause.time (s / 1 sec),Rate,0
06/08/2026 11:48:44,System.Runtime,dotnet.timer.count ({timer}),Metric,4
06/08/2026 11:48:44,System.Runtime,dotnet.jit.compilation.time (s / 1 sec),Rate,0.4458576000000001
06/08/2026 11:48:44,System.Runtime,dotnet.gc.last_collection.heap.size (By)[gc.heap.generation=gen1],Metric,321576
06/08/2026 11:48:44,System.Runtime,dotnet.gc.last_collection.heap.size (By)[gc.heap.generation=loh],Metric,4626696
06/08/2026 11:48:44,System.Runtime,dotnet.gc.last_collection.heap.size (By)[gc.heap.generation=gen0],Metric,768576
06/08/2026 11:48:44,System.Runtime,dotnet.gc.last_collection.heap.size (By)[gc.heap.generation=gen2],Metric,2212072
06/08/2026 11:48:44,System.Runtime,dotnet.gc.last_collection.heap.size (By)[gc.heap.generation=poh],Metric,78840
06/08/2026 11:48:44,System.Runtime,dotnet.process.cpu.time (s / 1 sec)[cpu.mode=user],Rate,0.625
06/08/2026 11:48:44,System.Runtime,dotnet.process.cpu.time (s / 1 sec)[cpu.mode=system],Rate,0.09375
06/08/2026 11:48:44,Microsoft.AspNetCore.Hosting,http.server.request.duration (s)[http.request.method=POST;http.response.status_code=201;http.route=/orders;network.protocol.version=1.1;url.scheme=http;Percentile=50],Metric,0.008758544921875
06/08/2026 11:48:44,Microsoft.AspNetCore.Hosting,http.server.request.duration (s)[http.request.method=POST;http.response.status_code=201;http.route=/orders;network.protocol.version=1.1;url.scheme=http;Percentile=95],Metric,0.0141448974609375
06/08/2026 11:48:44,Microsoft.AspNetCore.Hosting,http.server.request.duration (s)[http.request.method=POST;http.response.status_code=201;http.route=/orders;network.protocol.version=1.1;url.scheme=http;Percentile=99],Metric,0.01617431640625
06/08/2026 11:48:44,System.Runtime,dotnet.jit.compiled_il.size (By / 1 sec),Rate,45604
06/08/2026 11:48:44,System.Runtime,dotnet.gc.heap.total_allocated (By / 1 sec),Rate,2211504
06/08/2026 11:48:44,System.Runtime,dotnet.process.cpu.count ({cpu}),Metric,20
06/08/2026 11:48:44,System.Runtime,dotnet.monitor.lock_contentions ({contention} / 1 sec),Rate,0
06/08/2026 11:48:44,Npgsql,db.client.operation.duration (s)[db.client.connection.pool.name=Host=127.0.0.1;Port=5432;Username=postgres;Database=myapp_load;Maximum Pool Size=500;db.system.name=postgresql;server.address=127.0.0.1;server.port=5432;Percentile=50],Metric,0.0075836181640625
06/08/2026 11:48:44,Npgsql,db.client.operation.duration (s)[db.client.connection.pool.name=Host=127.0.0.1;Port=5432;Username=postgres;Database=myapp_load;Maximum Pool Size=500;db.system.name=postgresql;server.address=127.0.0.1;server.port=5432;Percentile=95],Metric,0.012542724609375
06/08/2026 11:48:44,Npgsql,db.client.operation.duration (s)[db.client.connection.pool.name=Host=127.0.0.1;Port=5432;Username=postgres;Database=myapp_load;Maximum Pool Size=500;db.system.name=postgresql;server.address=127.0.0.1;server.port=5432;Percentile=99],Metric,0.01495361328125
06/08/2026 11:48:44,System.Runtime,dotnet.thread_pool.thread.count ({thread} / 1 sec),Rate,0
06/08/2026 11:48:44,System.Runtime,dotnet.exceptions ({exception} / 1 sec)[error.type=SocketException],Rate,2
06/08/2026 11:48:44,System.Runtime,dotnet.exceptions ({exception} / 1 sec)[error.type=HttpRequestException],Rate,11
06/08/2026 11:48:44,System.Runtime,dotnet.gc.last_collection.heap.fragmentation.size (By)[gc.heap.generation=gen1],Metric,4944
06/08/2026 11:48:44,System.Runtime,dotnet.gc.last_collection.heap.fragmentation.size (By)[gc.heap.generation=loh],Metric,768
06/08/2026 11:48:44,System.Runtime,dotnet.gc.last_collection.heap.fragmentation.size (By)[gc.heap.generation=gen0],Metric,768192
06/08/2026 11:48:44,System.Runtime,dotnet.gc.last_collection.heap.fragmentation.size (By)[gc.heap.generation=gen2],Metric,680
06/08/2026 11:48:44,System.Runtime,dotnet.gc.last_collection.heap.fragmentation.size (By)[gc.heap.generation=poh],Metric,12360
06/08/2026 11:48:44,Microsoft.AspNetCore.Hosting,http.server.active_requests ({request})[http.request.method=POST;url.scheme=http],Metric,0
06/08/2026 11:48:44,System.Runtime,dotnet.process.memory.working_set (By),Metric,99102720
06/08/2026 11:48:44,System.Runtime,dotnet.thread_pool.queue.length ({work_item} / 1 sec),Rate,-1
06/08/2026 11:48:44,Npgsql,db.client.operation.npgsql.bytes_written (By / 1 sec)[db.client.connection.pool.name=Host=127.0.0.1;Port=5432;Username=postgres;Database=myapp_load;Maximum Pool Size=500],Rate,19701
06/08/2026 11:48:44,System.Runtime,dotnet.assembly.count ({assembly}),Metric,150
06/08/2026 11:48:44,Npgsql,db.client.operation.npgsql.prepared_ratio[db.client.connection.pool.name=Host=127.0.0.1;Port=5432;Username=postgres;Database=myapp_load;Maximum Pool Size=500],Metric,0
06/08/2026 11:48:44,System.Runtime,dotnet.jit.compiled_methods ({method} / 1 sec),Rate,461
06/08/2026 11:48:45,System.Runtime,dotnet.gc.last_collection.memory.committed_size (By),Metric,11317248
06/08/2026 11:48:45,Npgsql,db.client.connection.max ({connection})[db.client.connection.pool.name=Host=127.0.0.1;Port=5432;Username=postgres;Database=myapp_load;Maximum Pool Size=500],Metric,500
06/08/2026 11:48:45,Npgsql,db.client.connection.count ({connection})[db.client.connection.pool.name=Host=127.0.0.1;Port=5432;Username=postgres;Database=myapp_load;Maximum Pool Size=500;db.client.connection.state=used],Metric,1
06/08/2026 11:48:45,Npgsql,db.client.connection.count ({connection})[db.client.connection.pool.name=Host=127.0.0.1;Port=5432;Username=postgres;Database=myapp_load;Maximum Pool Size=500;db.client.connection.state=idle],Metric,0
06/08/2026 11:48:45,Npgsql,db.client.operation.npgsql.bytes_read (By / 1 sec)[db.client.connection.pool.name=Host=127.0.0.1;Port=5432;Username=postgres;Database=myapp_load;Maximum Pool Size=500],Rate,9333
06/08/2026 11:48:45,System.Runtime,dotnet.gc.collections ({collection} / 1 sec)[gc.heap.generation=gen1],Rate,0
06/08/2026 11:48:45,System.Runtime,dotnet.gc.collections ({collection} / 1 sec)[gc.heap.generation=gen0],Rate,0
06/08/2026 11:48:45,System.Runtime,dotnet.gc.collections ({collection} / 1 sec)[gc.heap.generation=gen2],Rate,0
06/08/2026 11:48:45,Npgsql,db.client.operation.npgsql.executing ({command})[db.client.connection.pool.name=Host=127.0.0.1;Port=5432;Username=postgres;Database=myapp_load;Maximum Pool Size=500],Metric,1
06/08/2026 11:48:45,System.Runtime,dotnet.thread_pool.work_item.count ({work_item} / 1 sec),Rate,479
06/08/2026 11:48:45,System.Runtime,dotnet.gc.pause.time (s / 1 sec),Rate,0
06/08/2026 11:48:45,System.Runtime,dotnet.timer.count ({timer}),Metric,5
06/08/2026 11:48:45,System.Runtime,dotnet.jit.compilation.time (s / 1 sec),Rate,0.600095399999999
06/08/2026 11:48:45,System.Runtime,dotnet.gc.last_collection.heap.size (By)[gc.heap.generation=gen1],Metric,321576
06/08/2026 11:48:45,System.Runtime,dotnet.gc.last_collection.heap.size (By)[gc.heap.generation=loh],Metric,4626696
06/08/2026 11:48:45,System.Runtime,dotnet.gc.last_collection.heap.size (By)[gc.heap.generation=gen0],Metric,768576
06/08/2026 11:48:45,System.Runtime,dotnet.gc.last_collection.heap.size (By)[gc.heap.generation=gen2],Metric,2212072
06/08/2026 11:48:45,System.Runtime,dotnet.gc.last_collection.heap.size (By)[gc.heap.generation=poh],Metric,78840
06/08/2026 11:48:45,System.Runtime,dotnet.process.cpu.time (s / 1 sec)[cpu.mode=user],Rate,0.8125
06/08/2026 11:48:45,System.Runtime,dotnet.process.cpu.time (s / 1 sec)[cpu.mode=system],Rate,0.078125
06/08/2026 11:48:45,Microsoft.AspNetCore.Hosting,http.server.request.duration (s)[http.request.method=POST;http.response.status_code=201;http.route=/orders;network.protocol.version=1.1;url.scheme=http;Percentile=50],Metric,0.00897216796875
06/08/2026 11:48:45,Microsoft.AspNetCore.Hosting,http.server.request.duration (s)[http.request.method=POST;http.response.status_code=201;http.route=/orders;network.protocol.version=1.1;url.scheme=http;Percentile=95],Metric,0.0145263671875
06/08/2026 11:48:45,Microsoft.AspNetCore.Hosting,http.server.request.duration (s)[http.request.method=POST;http.response.status_code=201;http.route=/orders;network.protocol.version=1.1;url.scheme=http;Percentile=99],Metric,0.0198974609375
06/08/2026 11:48:45,System.Runtime,dotnet.jit.compiled_il.size (By / 1 sec),Rate,66845
06/08/2026 11:48:45,System.Runtime,dotnet.gc.heap.total_allocated (By / 1 sec),Rate,2126256
06/08/2026 11:48:45,System.Runtime,dotnet.process.cpu.count ({cpu}),Metric,20
06/08/2026 11:48:45,System.Runtime,dotnet.monitor.lock_contentions ({contention} / 1 sec),Rate,0
06/08/2026 11:48:45,Npgsql,db.client.operation.duration (s)[db.client.connection.pool.name=Host=127.0.0.1;Port=5432;Username=postgres;Database=myapp_load;Maximum Pool Size=500;db.system.name=postgresql;server.address=127.0.0.1;server.port=5432;Percentile=50],Metric,0.008026123046875
06/08/2026 11:48:45,Npgsql,db.client.operation.duration (s)[db.client.connection.pool.name=Host=127.0.0.1;Port=5432;Username=postgres;Database=myapp_load;Maximum Pool Size=500;db.system.name=postgresql;server.address=127.0.0.1;server.port=5432;Percentile=95],Metric,0.013397216796875
06/08/2026 11:48:45,Npgsql,db.client.operation.duration (s)[db.client.connection.pool.name=Host=127.0.0.1;Port=5432;Username=postgres;Database=myapp_load;Maximum Pool Size=500;db.system.name=postgresql;server.address=127.0.0.1;server.port=5432;Percentile=99],Metric,0.018890380859375
06/08/2026 11:48:45,System.Runtime,dotnet.thread_pool.thread.count ({thread} / 1 sec),Rate,0
06/08/2026 11:48:45,System.Runtime,dotnet.exceptions ({exception} / 1 sec)[error.type=SocketException],Rate,0
06/08/2026 11:48:45,System.Runtime,dotnet.exceptions ({exception} / 1 sec)[error.type=HttpRequestException],Rate,0
06/08/2026 11:48:45,System.Runtime,dotnet.gc.last_collection.heap.fragmentation.size (By)[gc.heap.generation=gen1],Metric,4944
06/08/2026 11:48:45,System.Runtime,dotnet.gc.last_collection.heap.fragmentation.size (By)[gc.heap.generation=loh],Metric,768
06/08/2026 11:48:45,System.Runtime,dotnet.gc.last_collection.heap.fragmentation.size (By)[gc.heap.generation=gen0],Metric,768192
06/08/2026 11:48:45,System.Runtime,dotnet.gc.last_collection.heap.fragmentation.size (By)[gc.heap.generation=gen2],Metric,680
06/08/2026 11:48:45,System.Runtime,dotnet.gc.last_collection.heap.fragmentation.size (By)[gc.heap.generation=poh],Metric,12360
06/08/2026 11:48:45,Microsoft.AspNetCore.Hosting,http.server.active_requests ({request})[http.request.method=POST;url.scheme=http],Metric,1
06/08/2026 11:48:45,System.Runtime,dotnet.process.memory.working_set (By),Metric,101908480
06/08/2026 11:48:45,System.Runtime,dotnet.thread_pool.queue.length ({work_item} / 1 sec),Rate,0
06/08/2026 11:48:45,Npgsql,db.client.operation.npgsql.bytes_written (By / 1 sec)[db.client.connection.pool.name=Host=127.0.0.1;Port=5432;Username=postgres;Database=myapp_load;Maximum Pool Size=500],Rate,19104
06/08/2026 11:48:45,System.Runtime,dotnet.assembly.count ({assembly}),Metric,150
06/08/2026 11:48:45,Npgsql,db.client.operation.npgsql.prepared_ratio[db.client.connection.pool.name=Host=127.0.0.1;Port=5432;Username=postgres;Database=myapp_load;Maximum Pool Size=500],Metric,0
06/08/2026 11:48:45,System.Runtime,dotnet.jit.compiled_methods ({method} / 1 sec),Rate,737
06/08/2026 11:48:46,System.Runtime,dotnet.gc.last_collection.memory.committed_size (By),Metric,11317248
06/08/2026 11:48:46,Npgsql,db.client.connection.max ({connection})[db.client.connection.pool.name=Host=127.0.0.1;Port=5432;Username=postgres;Database=myapp_load;Maximum Pool Size=500],Metric,500
06/08/2026 11:48:46,Npgsql,db.client.connection.count ({connection})[db.client.connection.pool.name=Host=127.0.0.1;Port=5432;Username=postgres;Database=myapp_load;Maximum Pool Size=500;db.client.connection.state=used],Metric,1
06/08/2026 11:48:46,Npgsql,db.client.connection.count ({connection})[db.client.connection.pool.name=Host=127.0.0.1;Port=5432;Username=postgres;Database=myapp_load;Maximum Pool Size=500;db.client.connection.state=idle],Metric,0
06/08/2026 11:48:46,Npgsql,db.client.operation.npgsql.bytes_read (By / 1 sec)[db.client.connection.pool.name=Host=127.0.0.1;Port=5432;Username=postgres;Database=myapp_load;Maximum Pool Size=500],Rate,10780
06/08/2026 11:48:46,System.Runtime,dotnet.gc.collections ({collection} / 1 sec)[gc.heap.generation=gen1],Rate,0
06/08/2026 11:48:46,System.Runtime,dotnet.gc.collections ({collection} / 1 sec)[gc.heap.generation=gen0],Rate,0
06/08/2026 11:48:46,System.Runtime,dotnet.gc.collections ({collection} / 1 sec)[gc.heap.generation=gen2],Rate,0
06/08/2026 11:48:46,Npgsql,db.client.operation.npgsql.executing ({command})[db.client.connection.pool.name=Host=127.0.0.1;Port=5432;Username=postgres;Database=myapp_load;Maximum Pool Size=500],Metric,1
06/08/2026 11:48:46,System.Runtime,dotnet.thread_pool.work_item.count ({work_item} / 1 sec),Rate,550
06/08/2026 11:48:46,System.Runtime,dotnet.gc.pause.time (s / 1 sec),Rate,0
06/08/2026 11:48:46,System.Runtime,dotnet.timer.count ({timer}),Metric,5
06/08/2026 11:48:46,System.Runtime,dotnet.jit.compilation.time (s / 1 sec),Rate,0.8030546000000012
06/08/2026 11:48:46,System.Runtime,dotnet.gc.last_collection.heap.size (By)[gc.heap.generation=gen1],Metric,321576
06/08/2026 11:48:46,System.Runtime,dotnet.gc.last_collection.heap.size (By)[gc.heap.generation=loh],Metric,4626696
06/08/2026 11:48:46,System.Runtime,dotnet.gc.last_collection.heap.size (By)[gc.heap.generation=gen0],Metric,768576
06/08/2026 11:48:46,System.Runtime,dotnet.gc.last_collection.heap.size (By)[gc.heap.generation=gen2],Metric,2212072
06/08/2026 11:48:46,System.Runtime,dotnet.gc.last_collection.heap.size (By)[gc.heap.generation=poh],Metric,78840
06/08/2026 11:48:46,System.Runtime,dotnet.process.cpu.time (s / 1 sec)[cpu.mode=user],Rate,0.859375
06/08/2026 11:48:46,System.Runtime,dotnet.process.cpu.time (s / 1 sec)[cpu.mode=system],Rate,0.296875
06/08/2026 11:48:46,Microsoft.AspNetCore.Hosting,http.server.request.duration (s)[http.request.method=POST;http.response.status_code=201;http.route=/orders;network.protocol.version=1.1;url.scheme=http;Percentile=50],Metric,0.00765228271484375
06/08/2026 11:48:46,Microsoft.AspNetCore.Hosting,http.server.request.duration (s)[http.request.method=POST;http.response.status_code=201;http.route=/orders;network.protocol.version=1.1;url.scheme=http;Percentile=95],Metric,0.013031005859375
06/08/2026 11:48:46,Microsoft.AspNetCore.Hosting,http.server.request.duration (s)[http.request.method=POST;http.response.status_code=201;http.route=/orders;network.protocol.version=1.1;url.scheme=http;Percentile=99],Metric,0.01507568359375
06/08/2026 11:48:46,System.Runtime,dotnet.jit.compiled_il.size (By / 1 sec),Rate,61435
06/08/2026 11:48:46,System.Runtime,dotnet.gc.heap.total_allocated (By / 1 sec),Rate,2394712
06/08/2026 11:48:46,System.Runtime,dotnet.process.cpu.count ({cpu}),Metric,20
06/08/2026 11:48:46,System.Runtime,dotnet.monitor.lock_contentions ({contention} / 1 sec),Rate,0
06/08/2026 11:48:46,Npgsql,db.client.operation.duration (s)[db.client.connection.pool.name=Host=127.0.0.1;Port=5432;Username=postgres;Database=myapp_load;Maximum Pool Size=500;db.system.name=postgresql;server.address=127.0.0.1;server.port=5432;Percentile=50],Metric,0.00673675537109375
06/08/2026 11:48:46,Npgsql,db.client.operation.duration (s)[db.client.connection.pool.name=Host=127.0.0.1;Port=5432;Username=postgres;Database=myapp_load;Maximum Pool Size=500;db.system.name=postgresql;server.address=127.0.0.1;server.port=5432;Percentile=95],Metric,0.0120849609375
06/08/2026 11:48:46,Npgsql,db.client.operation.duration (s)[db.client.connection.pool.name=Host=127.0.0.1;Port=5432;Username=postgres;Database=myapp_load;Maximum Pool Size=500;db.system.name=postgresql;server.address=127.0.0.1;server.port=5432;Percentile=99],Metric,0.0142059326171875
06/08/2026 11:48:46,System.Runtime,dotnet.thread_pool.thread.count ({thread} / 1 sec),Rate,0
06/08/2026 11:48:46,System.Runtime,dotnet.exceptions ({exception} / 1 sec)[error.type=SocketException],Rate,0
06/08/2026 11:48:46,System.Runtime,dotnet.exceptions ({exception} / 1 sec)[error.type=HttpRequestException],Rate,0
06/08/2026 11:48:46,System.Runtime,dotnet.gc.last_collection.heap.fragmentation.size (By)[gc.heap.generation=gen1],Metric,4944
06/08/2026 11:48:46,System.Runtime,dotnet.gc.last_collection.heap.fragmentation.size (By)[gc.heap.generation=loh],Metric,768
06/08/2026 11:48:46,System.Runtime,dotnet.gc.last_collection.heap.fragmentation.size (By)[gc.heap.generation=gen0],Metric,768192
06/08/2026 11:48:46,System.Runtime,dotnet.gc.last_collection.heap.fragmentation.size (By)[gc.heap.generation=gen2],Metric,680
06/08/2026 11:48:46,System.Runtime,dotnet.gc.last_collection.heap.fragmentation.size (By)[gc.heap.generation=poh],Metric,12360
06/08/2026 11:48:46,Microsoft.AspNetCore.Hosting,http.server.active_requests ({request})[http.request.method=POST;url.scheme=http],Metric,1
06/08/2026 11:48:46,System.Runtime,dotnet.process.memory.working_set (By),Metric,105463808
06/08/2026 11:48:46,System.Runtime,dotnet.thread_pool.queue.length ({work_item} / 1 sec),Rate,0
06/08/2026 11:48:46,Npgsql,db.client.operation.npgsql.bytes_written (By / 1 sec)[db.client.connection.pool.name=Host=127.0.0.1;Port=5432;Username=postgres;Database=myapp_load;Maximum Pool Size=500],Rate,21890
06/08/2026 11:48:46,System.Runtime,dotnet.assembly.count ({assembly}),Metric,150
06/08/2026 11:48:46,Npgsql,db.client.operation.npgsql.prepared_ratio[db.client.connection.pool.name=Host=127.0.0.1;Port=5432;Username=postgres;Database=myapp_load;Maximum Pool Size=500],Metric,0
06/08/2026 11:48:46,System.Runtime,dotnet.jit.compiled_methods ({method} / 1 sec),Rate,747
06/08/2026 11:48:47,System.Runtime,dotnet.gc.last_collection.memory.committed_size (By),Metric,11317248
06/08/2026 11:48:47,Npgsql,db.client.connection.max ({connection})[db.client.connection.pool.name=Host=127.0.0.1;Port=5432;Username=postgres;Database=myapp_load;Maximum Pool Size=500],Metric,500
06/08/2026 11:48:47,Npgsql,db.client.connection.count ({connection})[db.client.connection.pool.name=Host=127.0.0.1;Port=5432;Username=postgres;Database=myapp_load;Maximum Pool Size=500;db.client.connection.state=used],Metric,0
06/08/2026 11:48:47,Npgsql,db.client.connection.count ({connection})[db.client.connection.pool.name=Host=127.0.0.1;Port=5432;Username=postgres;Database=myapp_load;Maximum Pool Size=500;db.client.connection.state=idle],Metric,1
06/08/2026 11:48:47,Npgsql,db.client.operation.npgsql.bytes_read (By / 1 sec)[db.client.connection.pool.name=Host=127.0.0.1;Port=5432;Username=postgres;Database=myapp_load;Maximum Pool Size=500],Rate,11541
06/08/2026 11:48:47,System.Runtime,dotnet.gc.collections ({collection} / 1 sec)[gc.heap.generation=gen1],Rate,0
06/08/2026 11:48:47,System.Runtime,dotnet.gc.collections ({collection} / 1 sec)[gc.heap.generation=gen0],Rate,0
06/08/2026 11:48:47,System.Runtime,dotnet.gc.collections ({collection} / 1 sec)[gc.heap.generation=gen2],Rate,0
06/08/2026 11:48:47,Npgsql,db.client.operation.npgsql.executing ({command})[db.client.connection.pool.name=Host=127.0.0.1;Port=5432;Username=postgres;Database=myapp_load;Maximum Pool Size=500],Metric,0
06/08/2026 11:48:47,System.Runtime,dotnet.thread_pool.work_item.count ({work_item} / 1 sec),Rate,588
06/08/2026 11:48:47,System.Runtime,dotnet.gc.pause.time (s / 1 sec),Rate,0
06/08/2026 11:48:47,System.Runtime,dotnet.timer.count ({timer}),Metric,4
06/08/2026 11:48:47,System.Runtime,dotnet.jit.compilation.time (s / 1 sec),Rate,0.8738011999999991
06/08/2026 11:48:47,System.Runtime,dotnet.gc.last_collection.heap.size (By)[gc.heap.generation=gen1],Metric,321576
06/08/2026 11:48:47,System.Runtime,dotnet.gc.last_collection.heap.size (By)[gc.heap.generation=loh],Metric,4626696
06/08/2026 11:48:47,System.Runtime,dotnet.gc.last_collection.heap.size (By)[gc.heap.generation=gen0],Metric,768576
06/08/2026 11:48:47,System.Runtime,dotnet.gc.last_collection.heap.size (By)[gc.heap.generation=gen2],Metric,2212072
06/08/2026 11:48:47,System.Runtime,dotnet.gc.last_collection.heap.size (By)[gc.heap.generation=poh],Metric,78840
06/08/2026 11:48:47,System.Runtime,dotnet.process.cpu.time (s / 1 sec)[cpu.mode=user],Rate,0.90625
06/08/2026 11:48:47,System.Runtime,dotnet.process.cpu.time (s / 1 sec)[cpu.mode=system],Rate,0.25
06/08/2026 11:48:47,Microsoft.AspNetCore.Hosting,http.server.request.duration (s)[http.request.method=POST;http.response.status_code=201;http.route=/orders;network.protocol.version=1.1;url.scheme=http;Percentile=50],Metric,0.00731658935546875
06/08/2026 11:48:47,Microsoft.AspNetCore.Hosting,http.server.request.duration (s)[http.request.method=POST;http.response.status_code=201;http.route=/orders;network.protocol.version=1.1;url.scheme=http;Percentile=95],Metric,0.0108642578125
06/08/2026 11:48:47,Microsoft.AspNetCore.Hosting,http.server.request.duration (s)[http.request.method=POST;http.response.status_code=201;http.route=/orders;network.protocol.version=1.1;url.scheme=http;Percentile=99],Metric,0.01580810546875
06/08/2026 11:48:47,System.Runtime,dotnet.jit.compiled_il.size (By / 1 sec),Rate,41660
06/08/2026 11:48:47,System.Runtime,dotnet.gc.heap.total_allocated (By / 1 sec),Rate,2540976
06/08/2026 11:48:47,System.Runtime,dotnet.process.cpu.count ({cpu}),Metric,20
06/08/2026 11:48:47,System.Runtime,dotnet.monitor.lock_contentions ({contention} / 1 sec),Rate,0
06/08/2026 11:48:47,Npgsql,db.client.operation.duration (s)[db.client.connection.pool.name=Host=127.0.0.1;Port=5432;Username=postgres;Database=myapp_load;Maximum Pool Size=500;db.system.name=postgresql;server.address=127.0.0.1;server.port=5432;Percentile=50],Metric,0.00658416748046875
06/08/2026 11:48:47,Npgsql,db.client.operation.duration (s)[db.client.connection.pool.name=Host=127.0.0.1;Port=5432;Username=postgres;Database=myapp_load;Maximum Pool Size=500;db.system.name=postgresql;server.address=127.0.0.1;server.port=5432;Percentile=95],Metric,0.010101318359375
06/08/2026 11:48:47,Npgsql,db.client.operation.duration (s)[db.client.connection.pool.name=Host=127.0.0.1;Port=5432;Username=postgres;Database=myapp_load;Maximum Pool Size=500;db.system.name=postgresql;server.address=127.0.0.1;server.port=5432;Percentile=99],Metric,0.01507568359375
06/08/2026 11:48:47,System.Runtime,dotnet.thread_pool.thread.count ({thread} / 1 sec),Rate,0
06/08/2026 11:48:47,System.Runtime,dotnet.exceptions ({exception} / 1 sec)[error.type=SocketException],Rate,0
06/08/2026 11:48:47,System.Runtime,dotnet.exceptions ({exception} / 1 sec)[error.type=HttpRequestException],Rate,0
06/08/2026 11:48:47,System.Runtime,dotnet.gc.last_collection.heap.fragmentation.size (By)[gc.heap.generation=gen1],Metric,4944
06/08/2026 11:48:47,System.Runtime,dotnet.gc.last_collection.heap.fragmentation.size (By)[gc.heap.generation=loh],Metric,768
06/08/2026 11:48:47,System.Runtime,dotnet.gc.last_collection.heap.fragmentation.size (By)[gc.heap.generation=gen0],Metric,768192
06/08/2026 11:48:47,System.Runtime,dotnet.gc.last_collection.heap.fragmentation.size (By)[gc.heap.generation=gen2],Metric,680
06/08/2026 11:48:47,System.Runtime,dotnet.gc.last_collection.heap.fragmentation.size (By)[gc.heap.generation=poh],Metric,12360
06/08/2026 11:48:47,Microsoft.AspNetCore.Hosting,http.server.active_requests ({request})[http.request.method=POST;url.scheme=http],Metric,1
06/08/2026 11:48:47,System.Runtime,dotnet.process.memory.working_set (By),Metric,112603136
06/08/2026 11:48:47,System.Runtime,dotnet.thread_pool.queue.length ({work_item} / 1 sec),Rate,0
06/08/2026 11:48:47,Npgsql,db.client.operation.npgsql.bytes_written (By / 1 sec)[db.client.connection.pool.name=Host=127.0.0.1;Port=5432;Username=postgres;Database=myapp_load;Maximum Pool Size=500],Rate,23482
06/08/2026 11:48:47,System.Runtime,dotnet.assembly.count ({assembly}),Metric,150
06/08/2026 11:48:47,Npgsql,db.client.operation.npgsql.prepared_ratio[db.client.connection.pool.name=Host=127.0.0.1;Port=5432;Username=postgres;Database=myapp_load;Maximum Pool Size=500],Metric,0
06/08/2026 11:48:47,System.Runtime,dotnet.jit.compiled_methods ({method} / 1 sec),Rate,590
06/08/2026 11:48:48,System.Runtime,dotnet.gc.last_collection.memory.committed_size (By),Metric,11317248
06/08/2026 11:48:48,Npgsql,db.client.connection.max ({connection})[db.client.connection.pool.name=Host=127.0.0.1;Port=5432;Username=postgres;Database=myapp_load;Maximum Pool Size=500],Metric,500
06/08/2026 11:48:48,Npgsql,db.client.connection.count ({connection})[db.client.connection.pool.name=Host=127.0.0.1;Port=5432;Username=postgres;Database=myapp_load;Maximum Pool Size=500;db.client.connection.state=used],Metric,1
06/08/2026 11:48:48,Npgsql,db.client.connection.count ({connection})[db.client.connection.pool.name=Host=127.0.0.1;Port=5432;Username=postgres;Database=myapp_load;Maximum Pool Size=500;db.client.connection.state=idle],Metric,0
06/08/2026 11:48:48,Npgsql,db.client.operation.npgsql.bytes_read (By / 1 sec)[db.client.connection.pool.name=Host=127.0.0.1;Port=5432;Username=postgres;Database=myapp_load;Maximum Pool Size=500],Rate,12469
06/08/2026 11:48:48,System.Runtime,dotnet.gc.collections ({collection} / 1 sec)[gc.heap.generation=gen1],Rate,0
06/08/2026 11:48:48,System.Runtime,dotnet.gc.collections ({collection} / 1 sec)[gc.heap.generation=gen0],Rate,0
06/08/2026 11:48:48,System.Runtime,dotnet.gc.collections ({collection} / 1 sec)[gc.heap.generation=gen2],Rate,0
06/08/2026 11:48:48,Npgsql,db.client.operation.npgsql.executing ({command})[db.client.connection.pool.name=Host=127.0.0.1;Port=5432;Username=postgres;Database=myapp_load;Maximum Pool Size=500],Metric,1
06/08/2026 11:48:48,System.Runtime,dotnet.thread_pool.work_item.count ({work_item} / 1 sec),Rate,641
06/08/2026 11:48:48,System.Runtime,dotnet.gc.pause.time (s / 1 sec),Rate,0
06/08/2026 11:48:48,System.Runtime,dotnet.timer.count ({timer}),Metric,5
06/08/2026 11:48:48,System.Runtime,dotnet.jit.compilation.time (s / 1 sec),Rate,0.7844175
06/08/2026 11:48:48,System.Runtime,dotnet.gc.last_collection.heap.size (By)[gc.heap.generation=gen1],Metric,321576
06/08/2026 11:48:48,System.Runtime,dotnet.gc.last_collection.heap.size (By)[gc.heap.generation=loh],Metric,4626696
06/08/2026 11:48:48,System.Runtime,dotnet.gc.last_collection.heap.size (By)[gc.heap.generation=gen0],Metric,768576
06/08/2026 11:48:48,System.Runtime,dotnet.gc.last_collection.heap.size (By)[gc.heap.generation=gen2],Metric,2212072
06/08/2026 11:48:48,System.Runtime,dotnet.gc.last_collection.heap.size (By)[gc.heap.generation=poh],Metric,78840
06/08/2026 11:48:48,System.Runtime,dotnet.process.cpu.time (s / 1 sec)[cpu.mode=user],Rate,0.875
06/08/2026 11:48:48,System.Runtime,dotnet.process.cpu.time (s / 1 sec)[cpu.mode=system],Rate,0.1875
06/08/2026 11:48:48,Microsoft.AspNetCore.Hosting,http.server.request.duration (s)[http.request.method=POST;http.response.status_code=201;http.route=/orders;network.protocol.version=1.1;url.scheme=http;Percentile=50],Metric,0.0063934326171875
06/08/2026 11:48:48,Microsoft.AspNetCore.Hosting,http.server.request.duration (s)[http.request.method=POST;http.response.status_code=201;http.route=/orders;network.protocol.version=1.1;url.scheme=http;Percentile=95],Metric,0.009979248046875
06/08/2026 11:48:48,Microsoft.AspNetCore.Hosting,http.server.request.duration (s)[http.request.method=POST;http.response.status_code=201;http.route=/orders;network.protocol.version=1.1;url.scheme=http;Percentile=99],Metric,0.02197265625
06/08/2026 11:48:48,System.Runtime,dotnet.jit.compiled_il.size (By / 1 sec),Rate,26184
06/08/2026 11:48:48,System.Runtime,dotnet.gc.heap.total_allocated (By / 1 sec),Rate,2719808
06/08/2026 11:48:48,System.Runtime,dotnet.process.cpu.count ({cpu}),Metric,20
06/08/2026 11:48:48,System.Runtime,dotnet.monitor.lock_contentions ({contention} / 1 sec),Rate,0
06/08/2026 11:48:48,Npgsql,db.client.operation.duration (s)[db.client.connection.pool.name=Host=127.0.0.1;Port=5432;Username=postgres;Database=myapp_load;Maximum Pool Size=500;db.system.name=postgresql;server.address=127.0.0.1;server.port=5432;Percentile=50],Metric,0.00556182861328125
06/08/2026 11:48:48,Npgsql,db.client.operation.duration (s)[db.client.connection.pool.name=Host=127.0.0.1;Port=5432;Username=postgres;Database=myapp_load;Maximum Pool Size=500;db.system.name=postgresql;server.address=127.0.0.1;server.port=5432;Percentile=95],Metric,0.0088043212890625
06/08/2026 11:48:48,Npgsql,db.client.operation.duration (s)[db.client.connection.pool.name=Host=127.0.0.1;Port=5432;Username=postgres;Database=myapp_load;Maximum Pool Size=500;db.system.name=postgresql;server.address=127.0.0.1;server.port=5432;Percentile=99],Metric,0.021270751953125
06/08/2026 11:48:48,System.Runtime,dotnet.thread_pool.thread.count ({thread} / 1 sec),Rate,0
06/08/2026 11:48:48,System.Runtime,dotnet.exceptions ({exception} / 1 sec)[error.type=SocketException],Rate,2
06/08/2026 11:48:48,System.Runtime,dotnet.exceptions ({exception} / 1 sec)[error.type=HttpRequestException],Rate,11
06/08/2026 11:48:48,System.Runtime,dotnet.gc.last_collection.heap.fragmentation.size (By)[gc.heap.generation=gen1],Metric,4944
06/08/2026 11:48:48,System.Runtime,dotnet.gc.last_collection.heap.fragmentation.size (By)[gc.heap.generation=loh],Metric,768
06/08/2026 11:48:48,System.Runtime,dotnet.gc.last_collection.heap.fragmentation.size (By)[gc.heap.generation=gen0],Metric,768192
06/08/2026 11:48:48,System.Runtime,dotnet.gc.last_collection.heap.fragmentation.size (By)[gc.heap.generation=gen2],Metric,680
06/08/2026 11:48:48,System.Runtime,dotnet.gc.last_collection.heap.fragmentation.size (By)[gc.heap.generation=poh],Metric,12360
06/08/2026 11:48:48,Microsoft.AspNetCore.Hosting,http.server.active_requests ({request})[http.request.method=POST;url.scheme=http],Metric,1
06/08/2026 11:48:48,System.Runtime,dotnet.process.memory.working_set (By),Metric,117297152
06/08/2026 11:48:48,System.Runtime,dotnet.thread_pool.queue.length ({work_item} / 1 sec),Rate,0
06/08/2026 11:48:48,Npgsql,db.client.operation.npgsql.bytes_written (By / 1 sec)[db.client.connection.pool.name=Host=127.0.0.1;Port=5432;Username=postgres;Database=myapp_load;Maximum Pool Size=500],Rate,25273
06/08/2026 11:48:48,System.Runtime,dotnet.assembly.count ({assembly}),Metric,150
06/08/2026 11:48:48,Npgsql,db.client.operation.npgsql.prepared_ratio[db.client.connection.pool.name=Host=127.0.0.1;Port=5432;Username=postgres;Database=myapp_load;Maximum Pool Size=500],Metric,0
06/08/2026 11:48:48,System.Runtime,dotnet.jit.compiled_methods ({method} / 1 sec),Rate,309
06/08/2026 11:48:49,System.Runtime,dotnet.gc.last_collection.memory.committed_size (By),Metric,11317248
06/08/2026 11:48:49,Npgsql,db.client.connection.max ({connection})[db.client.connection.pool.name=Host=127.0.0.1;Port=5432;Username=postgres;Database=myapp_load;Maximum Pool Size=500],Metric,500
06/08/2026 11:48:49,Npgsql,db.client.connection.count ({connection})[db.client.connection.pool.name=Host=127.0.0.1;Port=5432;Username=postgres;Database=myapp_load;Maximum Pool Size=500;db.client.connection.state=used],Metric,0
06/08/2026 11:48:49,Npgsql,db.client.connection.count ({connection})[db.client.connection.pool.name=Host=127.0.0.1;Port=5432;Username=postgres;Database=myapp_load;Maximum Pool Size=500;db.client.connection.state=idle],Metric,1
06/08/2026 11:48:49,Npgsql,db.client.operation.npgsql.bytes_read (By / 1 sec)[db.client.connection.pool.name=Host=127.0.0.1;Port=5432;Username=postgres;Database=myapp_load;Maximum Pool Size=500],Rate,11639
06/08/2026 11:48:49,System.Runtime,dotnet.gc.collections ({collection} / 1 sec)[gc.heap.generation=gen1],Rate,0
06/08/2026 11:48:49,System.Runtime,dotnet.gc.collections ({collection} / 1 sec)[gc.heap.generation=gen0],Rate,0
06/08/2026 11:48:49,System.Runtime,dotnet.gc.collections ({collection} / 1 sec)[gc.heap.generation=gen2],Rate,0
06/08/2026 11:48:49,Npgsql,db.client.operation.npgsql.executing ({command})[db.client.connection.pool.name=Host=127.0.0.1;Port=5432;Username=postgres;Database=myapp_load;Maximum Pool Size=500],Metric,0
06/08/2026 11:48:49,System.Runtime,dotnet.thread_pool.work_item.count ({work_item} / 1 sec),Rate,591
06/08/2026 11:48:49,System.Runtime,dotnet.gc.pause.time (s / 1 sec),Rate,0
06/08/2026 11:48:49,System.Runtime,dotnet.timer.count ({timer}),Metric,4
06/08/2026 11:48:49,System.Runtime,dotnet.jit.compilation.time (s / 1 sec),Rate,0.8799466999999996
06/08/2026 11:48:49,System.Runtime,dotnet.gc.last_collection.heap.size (By)[gc.heap.generation=gen1],Metric,321576
06/08/2026 11:48:49,System.Runtime,dotnet.gc.last_collection.heap.size (By)[gc.heap.generation=loh],Metric,4626696
06/08/2026 11:48:49,System.Runtime,dotnet.gc.last_collection.heap.size (By)[gc.heap.generation=gen0],Metric,768576
06/08/2026 11:48:49,System.Runtime,dotnet.gc.last_collection.heap.size (By)[gc.heap.generation=gen2],Metric,2212072
06/08/2026 11:48:49,System.Runtime,dotnet.gc.last_collection.heap.size (By)[gc.heap.generation=poh],Metric,78840
06/08/2026 11:48:49,System.Runtime,dotnet.process.cpu.time (s / 1 sec)[cpu.mode=user],Rate,0.828125
06/08/2026 11:48:49,System.Runtime,dotnet.process.cpu.time (s / 1 sec)[cpu.mode=system],Rate,0.15625
06/08/2026 11:48:49,Microsoft.AspNetCore.Hosting,http.server.request.duration (s)[http.request.method=POST;http.response.status_code=201;http.route=/orders;network.protocol.version=1.1;url.scheme=http;Percentile=50],Metric,0.005950927734375
06/08/2026 11:48:49,Microsoft.AspNetCore.Hosting,http.server.request.duration (s)[http.request.method=POST;http.response.status_code=201;http.route=/orders;network.protocol.version=1.1;url.scheme=http;Percentile=95],Metric,0.00897216796875
06/08/2026 11:48:49,Microsoft.AspNetCore.Hosting,http.server.request.duration (s)[http.request.method=POST;http.response.status_code=201;http.route=/orders;network.protocol.version=1.1;url.scheme=http;Percentile=99],Metric,0.0108489990234375
06/08/2026 11:48:49,System.Runtime,dotnet.jit.compiled_il.size (By / 1 sec),Rate,28272
06/08/2026 11:48:49,System.Runtime,dotnet.gc.heap.total_allocated (By / 1 sec),Rate,2509344
06/08/2026 11:48:49,System.Runtime,dotnet.process.cpu.count ({cpu}),Metric,20
06/08/2026 11:48:49,System.Runtime,dotnet.monitor.lock_contentions ({contention} / 1 sec),Rate,0
06/08/2026 11:48:49,Npgsql,db.client.operation.duration (s)[db.client.connection.pool.name=Host=127.0.0.1;Port=5432;Username=postgres;Database=myapp_load;Maximum Pool Size=500;db.system.name=postgresql;server.address=127.0.0.1;server.port=5432;Percentile=50],Metric,0.005218505859375
06/08/2026 11:48:49,Npgsql,db.client.operation.duration (s)[db.client.connection.pool.name=Host=127.0.0.1;Port=5432;Username=postgres;Database=myapp_load;Maximum Pool Size=500;db.system.name=postgresql;server.address=127.0.0.1;server.port=5432;Percentile=95],Metric,0.008148193359375
06/08/2026 11:48:49,Npgsql,db.client.operation.duration (s)[db.client.connection.pool.name=Host=127.0.0.1;Port=5432;Username=postgres;Database=myapp_load;Maximum Pool Size=500;db.system.name=postgresql;server.address=127.0.0.1;server.port=5432;Percentile=99],Metric,0.0101165771484375
06/08/2026 11:48:49,System.Runtime,dotnet.thread_pool.thread.count ({thread} / 1 sec),Rate,0
06/08/2026 11:48:49,System.Runtime,dotnet.exceptions ({exception} / 1 sec)[error.type=SocketException],Rate,0
06/08/2026 11:48:49,System.Runtime,dotnet.exceptions ({exception} / 1 sec)[error.type=HttpRequestException],Rate,0
06/08/2026 11:48:49,System.Runtime,dotnet.gc.last_collection.heap.fragmentation.size (By)[gc.heap.generation=gen1],Metric,4944
06/08/2026 11:48:49,System.Runtime,dotnet.gc.last_collection.heap.fragmentation.size (By)[gc.heap.generation=loh],Metric,768
06/08/2026 11:48:49,System.Runtime,dotnet.gc.last_collection.heap.fragmentation.size (By)[gc.heap.generation=gen0],Metric,768192
06/08/2026 11:48:49,System.Runtime,dotnet.gc.last_collection.heap.fragmentation.size (By)[gc.heap.generation=gen2],Metric,680
06/08/2026 11:48:49,System.Runtime,dotnet.gc.last_collection.heap.fragmentation.size (By)[gc.heap.generation=poh],Metric,12360
06/08/2026 11:48:49,Microsoft.AspNetCore.Hosting,http.server.active_requests ({request})[http.request.method=POST;url.scheme=http],Metric,0
06/08/2026 11:48:49,System.Runtime,dotnet.process.memory.working_set (By),Metric,120193024
06/08/2026 11:48:49,System.Runtime,dotnet.thread_pool.queue.length ({work_item} / 1 sec),Rate,0
06/08/2026 11:48:49,Npgsql,db.client.operation.npgsql.bytes_written (By / 1 sec)[db.client.connection.pool.name=Host=127.0.0.1;Port=5432;Username=postgres;Database=myapp_load;Maximum Pool Size=500],Rate,23482
06/08/2026 11:48:49,System.Runtime,dotnet.assembly.count ({assembly}),Metric,150
06/08/2026 11:48:49,Npgsql,db.client.operation.npgsql.prepared_ratio[db.client.connection.pool.name=Host=127.0.0.1;Port=5432;Username=postgres;Database=myapp_load;Maximum Pool Size=500],Metric,0
06/08/2026 11:48:49,System.Runtime,dotnet.jit.compiled_methods ({method} / 1 sec),Rate,286
06/08/2026 11:48:50,System.Runtime,dotnet.gc.last_collection.memory.committed_size (By),Metric,11317248
06/08/2026 11:48:50,Npgsql,db.client.connection.max ({connection})[db.client.connection.pool.name=Host=127.0.0.1;Port=5432;Username=postgres;Database=myapp_load;Maximum Pool Size=500],Metric,500
06/08/2026 11:48:50,Npgsql,db.client.connection.count ({connection})[db.client.connection.pool.name=Host=127.0.0.1;Port=5432;Username=postgres;Database=myapp_load;Maximum Pool Size=500;db.client.connection.state=used],Metric,6
06/08/2026 11:48:50,Npgsql,db.client.connection.count ({connection})[db.client.connection.pool.name=Host=127.0.0.1;Port=5432;Username=postgres;Database=myapp_load;Maximum Pool Size=500;db.client.connection.state=idle],Metric,0
06/08/2026 11:48:50,Npgsql,db.client.operation.npgsql.bytes_read (By / 1 sec)[db.client.connection.pool.name=Host=127.0.0.1;Port=5432;Username=postgres;Database=myapp_load;Maximum Pool Size=500],Rate,217
06/08/2026 11:48:50,System.Runtime,dotnet.gc.collections ({collection} / 1 sec)[gc.heap.generation=gen1],Rate,0
06/08/2026 11:48:50,System.Runtime,dotnet.gc.collections ({collection} / 1 sec)[gc.heap.generation=gen0],Rate,0
06/08/2026 11:48:50,System.Runtime,dotnet.gc.collections ({collection} / 1 sec)[gc.heap.generation=gen2],Rate,0
06/08/2026 11:48:50,Npgsql,db.client.operation.npgsql.executing ({command})[db.client.connection.pool.name=Host=127.0.0.1;Port=5432;Username=postgres;Database=myapp_load;Maximum Pool Size=500],Metric,1
06/08/2026 11:48:50,System.Runtime,dotnet.thread_pool.work_item.count ({work_item} / 1 sec),Rate,25
06/08/2026 11:48:50,System.Runtime,dotnet.gc.pause.time (s / 1 sec),Rate,0
06/08/2026 11:48:50,System.Runtime,dotnet.timer.count ({timer}),Metric,9
06/08/2026 11:48:50,System.Runtime,dotnet.jit.compilation.time (s / 1 sec),Rate,1.0275899000000006
06/08/2026 11:48:50,System.Runtime,dotnet.gc.last_collection.heap.size (By)[gc.heap.generation=gen1],Metric,321576
06/08/2026 11:48:50,System.Runtime,dotnet.gc.last_collection.heap.size (By)[gc.heap.generation=loh],Metric,4626696
06/08/2026 11:48:50,System.Runtime,dotnet.gc.last_collection.heap.size (By)[gc.heap.generation=gen0],Metric,768576
06/08/2026 11:48:50,System.Runtime,dotnet.gc.last_collection.heap.size (By)[gc.heap.generation=gen2],Metric,2212072
06/08/2026 11:48:50,System.Runtime,dotnet.gc.last_collection.heap.size (By)[gc.heap.generation=poh],Metric,78840
06/08/2026 11:48:50,System.Runtime,dotnet.process.cpu.time (s / 1 sec)[cpu.mode=user],Rate,0.921875
06/08/2026 11:48:50,System.Runtime,dotnet.process.cpu.time (s / 1 sec)[cpu.mode=system],Rate,0.03125
06/08/2026 11:48:50,System.Runtime,dotnet.jit.compiled_il.size (By / 1 sec),Rate,53505
06/08/2026 11:48:50,System.Runtime,dotnet.gc.heap.total_allocated (By / 1 sec),Rate,505144
06/08/2026 11:48:50,System.Runtime,dotnet.process.cpu.count ({cpu}),Metric,20
06/08/2026 11:48:50,System.Runtime,dotnet.monitor.lock_contentions ({contention} / 1 sec),Rate,0
06/08/2026 11:48:50,Npgsql,db.client.operation.duration (s)[db.client.connection.pool.name=Host=127.0.0.1;Port=5432;Username=postgres;Database=myapp_load;Maximum Pool Size=500;db.system.name=postgresql;server.address=127.0.0.1;server.port=5432;Percentile=50],Metric,0.01104736328125
06/08/2026 11:48:50,Npgsql,db.client.operation.duration (s)[db.client.connection.pool.name=Host=127.0.0.1;Port=5432;Username=postgres;Database=myapp_load;Maximum Pool Size=500;db.system.name=postgresql;server.address=127.0.0.1;server.port=5432;Percentile=95],Metric,0.01104736328125
06/08/2026 11:48:50,Npgsql,db.client.operation.duration (s)[db.client.connection.pool.name=Host=127.0.0.1;Port=5432;Username=postgres;Database=myapp_load;Maximum Pool Size=500;db.system.name=postgresql;server.address=127.0.0.1;server.port=5432;Percentile=99],Metric,0.01104736328125
06/08/2026 11:48:50,System.Runtime,dotnet.thread_pool.thread.count ({thread} / 1 sec),Rate,4
06/08/2026 11:48:50,System.Runtime,dotnet.exceptions ({exception} / 1 sec)[error.type=SocketException],Rate,0
06/08/2026 11:48:50,System.Runtime,dotnet.exceptions ({exception} / 1 sec)[error.type=HttpRequestException],Rate,0
06/08/2026 11:48:50,System.Runtime,dotnet.gc.last_collection.heap.fragmentation.size (By)[gc.heap.generation=gen1],Metric,4944
06/08/2026 11:48:50,System.Runtime,dotnet.gc.last_collection.heap.fragmentation.size (By)[gc.heap.generation=loh],Metric,768
06/08/2026 11:48:50,System.Runtime,dotnet.gc.last_collection.heap.fragmentation.size (By)[gc.heap.generation=gen0],Metric,768192
06/08/2026 11:48:50,System.Runtime,dotnet.gc.last_collection.heap.fragmentation.size (By)[gc.heap.generation=gen2],Metric,680
06/08/2026 11:48:50,System.Runtime,dotnet.gc.last_collection.heap.fragmentation.size (By)[gc.heap.generation=poh],Metric,12360
06/08/2026 11:48:50,Microsoft.AspNetCore.Hosting,http.server.active_requests ({request})[http.request.method=POST;url.scheme=http],Metric,0
06/08/2026 11:48:50,Microsoft.AspNetCore.Hosting,http.server.active_requests ({request})[http.request.method=GET;url.scheme=http],Metric,8
06/08/2026 11:48:50,System.Runtime,dotnet.process.memory.working_set (By),Metric,121597952
06/08/2026 11:48:50,System.Runtime,dotnet.thread_pool.queue.length ({work_item} / 1 sec),Rate,0
06/08/2026 11:48:50,Npgsql,db.client.operation.npgsql.bytes_written (By / 1 sec)[db.client.connection.pool.name=Host=127.0.0.1;Port=5432;Username=postgres;Database=myapp_load;Maximum Pool Size=500],Rate,538
06/08/2026 11:48:50,System.Runtime,dotnet.assembly.count ({assembly}),Metric,150
06/08/2026 11:48:50,Npgsql,db.client.operation.npgsql.prepared_ratio[db.client.connection.pool.name=Host=127.0.0.1;Port=5432;Username=postgres;Database=myapp_load;Maximum Pool Size=500],Metric,0
06/08/2026 11:48:50,System.Runtime,dotnet.jit.compiled_methods ({method} / 1 sec),Rate,640
06/08/2026 11:48:51,System.Runtime,dotnet.gc.last_collection.memory.committed_size (By),Metric,32092160
06/08/2026 11:48:51,Npgsql,db.client.connection.max ({connection})[db.client.connection.pool.name=Host=127.0.0.1;Port=5432;Username=postgres;Database=myapp_load;Maximum Pool Size=500],Metric,500
06/08/2026 11:48:51,Npgsql,db.client.connection.count ({connection})[db.client.connection.pool.name=Host=127.0.0.1;Port=5432;Username=postgres;Database=myapp_load;Maximum Pool Size=500;db.client.connection.state=used],Metric,21
06/08/2026 11:48:51,Npgsql,db.client.connection.count ({connection})[db.client.connection.pool.name=Host=127.0.0.1;Port=5432;Username=postgres;Database=myapp_load;Maximum Pool Size=500;db.client.connection.state=idle],Metric,108
06/08/2026 11:48:51,Npgsql,db.client.operation.npgsql.bytes_read (By / 1 sec)[db.client.connection.pool.name=Host=127.0.0.1;Port=5432;Username=postgres;Database=myapp_load;Maximum Pool Size=500],Rate,154449
06/08/2026 11:48:51,System.Runtime,dotnet.gc.collections ({collection} / 1 sec)[gc.heap.generation=gen1],Rate,0
06/08/2026 11:48:51,System.Runtime,dotnet.gc.collections ({collection} / 1 sec)[gc.heap.generation=gen0],Rate,2
06/08/2026 11:48:51,System.Runtime,dotnet.gc.collections ({collection} / 1 sec)[gc.heap.generation=gen2],Rate,0
06/08/2026 11:48:51,Npgsql,db.client.operation.npgsql.executing ({command})[db.client.connection.pool.name=Host=127.0.0.1;Port=5432;Username=postgres;Database=myapp_load;Maximum Pool Size=500],Metric,8
06/08/2026 11:48:51,System.Runtime,dotnet.thread_pool.work_item.count ({work_item} / 1 sec),Rate,2758
06/08/2026 11:48:51,System.Runtime,dotnet.gc.pause.time (s / 1 sec),Rate,0.021217000000000003
06/08/2026 11:48:51,System.Runtime,dotnet.timer.count ({timer}),Metric,25
06/08/2026 11:48:51,System.Runtime,dotnet.jit.compilation.time (s / 1 sec),Rate,0.3465228000000007
06/08/2026 11:48:51,System.Runtime,dotnet.gc.last_collection.heap.size (By)[gc.heap.generation=gen1],Metric,16681624
06/08/2026 11:48:51,System.Runtime,dotnet.gc.last_collection.heap.size (By)[gc.heap.generation=loh],Metric,4626696
06/08/2026 11:48:51,System.Runtime,dotnet.gc.last_collection.heap.size (By)[gc.heap.generation=gen0],Metric,4918784
06/08/2026 11:48:51,System.Runtime,dotnet.gc.last_collection.heap.size (By)[gc.heap.generation=gen2],Metric,2212072
06/08/2026 11:48:51,System.Runtime,dotnet.gc.last_collection.heap.size (By)[gc.heap.generation=poh],Metric,272480
06/08/2026 11:48:51,System.Runtime,dotnet.process.cpu.time (s / 1 sec)[cpu.mode=user],Rate,0.9375
06/08/2026 11:48:51,System.Runtime,dotnet.process.cpu.time (s / 1 sec)[cpu.mode=system],Rate,0.578125
06/08/2026 11:48:51,Microsoft.AspNetCore.Hosting,http.server.request.duration (s)[http.request.method=GET;http.response.status_code=200;http.route=/orders/{id:int};network.protocol.version=1.1;url.scheme=http;Percentile=50],Metric,0.0205078125
06/08/2026 11:48:51,Microsoft.AspNetCore.Hosting,http.server.request.duration (s)[http.request.method=GET;http.response.status_code=200;http.route=/orders/{id:int};network.protocol.version=1.1;url.scheme=http;Percentile=95],Metric,0.4150390625
06/08/2026 11:48:51,Microsoft.AspNetCore.Hosting,http.server.request.duration (s)[http.request.method=GET;http.response.status_code=200;http.route=/orders/{id:int};network.protocol.version=1.1;url.scheme=http;Percentile=99],Metric,0.58984375
06/08/2026 11:48:51,Npgsql,db.client.connection.npgsql.create_time (s)[db.client.connection.pool.name=Host=127.0.0.1;Port=5432;Username=postgres;Database=myapp_load;Maximum Pool Size=500;Percentile=50],Metric,0.29736328125
06/08/2026 11:48:51,Npgsql,db.client.connection.npgsql.create_time (s)[db.client.connection.pool.name=Host=127.0.0.1;Port=5432;Username=postgres;Database=myapp_load;Maximum Pool Size=500;Percentile=95],Metric,0.6240234375
06/08/2026 11:48:51,Npgsql,db.client.connection.npgsql.create_time (s)[db.client.connection.pool.name=Host=127.0.0.1;Port=5432;Username=postgres;Database=myapp_load;Maximum Pool Size=500;Percentile=99],Metric,0.640625
06/08/2026 11:48:51,System.Runtime,dotnet.jit.compiled_il.size (By / 1 sec),Rate,12524
06/08/2026 11:48:51,System.Runtime,dotnet.gc.heap.total_allocated (By / 1 sec),Rate,21475640
06/08/2026 11:48:51,System.Runtime,dotnet.process.cpu.count ({cpu}),Metric,20
06/08/2026 11:48:51,System.Runtime,dotnet.monitor.lock_contentions ({contention} / 1 sec),Rate,4
06/08/2026 11:48:51,Npgsql,db.client.operation.duration (s)[db.client.connection.pool.name=Host=127.0.0.1;Port=5432;Username=postgres;Database=myapp_load;Maximum Pool Size=500;db.system.name=postgresql;server.address=127.0.0.1;server.port=5432;Percentile=50],Metric,0.0157470703125
06/08/2026 11:48:51,Npgsql,db.client.operation.duration (s)[db.client.connection.pool.name=Host=127.0.0.1;Port=5432;Username=postgres;Database=myapp_load;Maximum Pool Size=500;db.system.name=postgresql;server.address=127.0.0.1;server.port=5432;Percentile=95],Metric,0.05078125
06/08/2026 11:48:51,Npgsql,db.client.operation.duration (s)[db.client.connection.pool.name=Host=127.0.0.1;Port=5432;Username=postgres;Database=myapp_load;Maximum Pool Size=500;db.system.name=postgresql;server.address=127.0.0.1;server.port=5432;Percentile=99],Metric,0.0673828125
06/08/2026 11:48:51,System.Runtime,dotnet.thread_pool.thread.count ({thread} / 1 sec),Rate,11
06/08/2026 11:48:51,System.Runtime,dotnet.exceptions ({exception} / 1 sec)[error.type=SocketException],Rate,0
06/08/2026 11:48:51,System.Runtime,dotnet.exceptions ({exception} / 1 sec)[error.type=HttpRequestException],Rate,0
06/08/2026 11:48:51,System.Runtime,dotnet.gc.last_collection.heap.fragmentation.size (By)[gc.heap.generation=gen1],Metric,9629768
06/08/2026 11:48:51,System.Runtime,dotnet.gc.last_collection.heap.fragmentation.size (By)[gc.heap.generation=loh],Metric,768
06/08/2026 11:48:51,System.Runtime,dotnet.gc.last_collection.heap.fragmentation.size (By)[gc.heap.generation=gen0],Metric,4876880
06/08/2026 11:48:51,System.Runtime,dotnet.gc.last_collection.heap.fragmentation.size (By)[gc.heap.generation=gen2],Metric,680
06/08/2026 11:48:51,System.Runtime,dotnet.gc.last_collection.heap.fragmentation.size (By)[gc.heap.generation=poh],Metric,0
06/08/2026 11:48:51,Microsoft.AspNetCore.Hosting,http.server.active_requests ({request})[http.request.method=POST;url.scheme=http],Metric,0
06/08/2026 11:48:51,Microsoft.AspNetCore.Hosting,http.server.active_requests ({request})[http.request.method=GET;url.scheme=http],Metric,28
06/08/2026 11:48:51,System.Runtime,dotnet.process.memory.working_set (By),Metric,130752512
06/08/2026 11:48:51,System.Runtime,dotnet.thread_pool.queue.length ({work_item} / 1 sec),Rate,2
06/08/2026 11:48:51,Npgsql,db.client.operation.npgsql.bytes_written (By / 1 sec)[db.client.connection.pool.name=Host=127.0.0.1;Port=5432;Username=postgres;Database=myapp_load;Maximum Pool Size=500],Rate,100728
06/08/2026 11:48:51,System.Runtime,dotnet.assembly.count ({assembly}),Metric,150
06/08/2026 11:48:51,Npgsql,db.client.operation.npgsql.prepared_ratio[db.client.connection.pool.name=Host=127.0.0.1;Port=5432;Username=postgres;Database=myapp_load;Maximum Pool Size=500],Metric,0
06/08/2026 11:48:51,System.Runtime,dotnet.jit.compiled_methods ({method} / 1 sec),Rate,181
06/08/2026 11:48:52,System.Runtime,dotnet.gc.last_collection.memory.committed_size (By),Metric,43864064
06/08/2026 11:48:52,Npgsql,db.client.connection.max ({connection})[db.client.connection.pool.name=Host=127.0.0.1;Port=5432;Username=postgres;Database=myapp_load;Maximum Pool Size=500],Metric,500
06/08/2026 11:48:52,Npgsql,db.client.connection.count ({connection})[db.client.connection.pool.name=Host=127.0.0.1;Port=5432;Username=postgres;Database=myapp_load;Maximum Pool Size=500;db.client.connection.state=used],Metric,38
06/08/2026 11:48:52,Npgsql,db.client.connection.count ({connection})[db.client.connection.pool.name=Host=127.0.0.1;Port=5432;Username=postgres;Database=myapp_load;Maximum Pool Size=500;db.client.connection.state=idle],Metric,91
06/08/2026 11:48:52,Npgsql,db.client.operation.npgsql.bytes_read (By / 1 sec)[db.client.connection.pool.name=Host=127.0.0.1;Port=5432;Username=postgres;Database=myapp_load;Maximum Pool Size=500],Rate,178613
06/08/2026 11:48:52,System.Runtime,dotnet.gc.collections ({collection} / 1 sec)[gc.heap.generation=gen1],Rate,0
06/08/2026 11:48:52,System.Runtime,dotnet.gc.collections ({collection} / 1 sec)[gc.heap.generation=gen0],Rate,1
06/08/2026 11:48:52,System.Runtime,dotnet.gc.collections ({collection} / 1 sec)[gc.heap.generation=gen2],Rate,0
06/08/2026 11:48:52,Npgsql,db.client.operation.npgsql.executing ({command})[db.client.connection.pool.name=Host=127.0.0.1;Port=5432;Username=postgres;Database=myapp_load;Maximum Pool Size=500],Metric,38
06/08/2026 11:48:52,System.Runtime,dotnet.thread_pool.work_item.count ({work_item} / 1 sec),Rate,4114
06/08/2026 11:48:52,System.Runtime,dotnet.gc.pause.time (s / 1 sec),Rate,0.009867999999999995
06/08/2026 11:48:52,System.Runtime,dotnet.timer.count ({timer}),Metric,42
06/08/2026 11:48:52,System.Runtime,dotnet.jit.compilation.time (s / 1 sec),Rate,0.7412432999999989
06/08/2026 11:48:52,System.Runtime,dotnet.gc.last_collection.heap.size (By)[gc.heap.generation=gen1],Metric,16681624
06/08/2026 11:48:52,System.Runtime,dotnet.gc.last_collection.heap.size (By)[gc.heap.generation=loh],Metric,4626696
06/08/2026 11:48:52,System.Runtime,dotnet.gc.last_collection.heap.size (By)[gc.heap.generation=gen0],Metric,2489720
06/08/2026 11:48:52,System.Runtime,dotnet.gc.last_collection.heap.size (By)[gc.heap.generation=gen2],Metric,2212072
06/08/2026 11:48:52,System.Runtime,dotnet.gc.last_collection.heap.size (By)[gc.heap.generation=poh],Metric,359000
06/08/2026 11:48:52,System.Runtime,dotnet.process.cpu.time (s / 1 sec)[cpu.mode=user],Rate,1.078125
06/08/2026 11:48:52,System.Runtime,dotnet.process.cpu.time (s / 1 sec)[cpu.mode=system],Rate,0.328125
06/08/2026 11:48:52,Microsoft.AspNetCore.Hosting,http.server.request.duration (s)[http.request.method=GET;http.response.status_code=200;http.route=/orders/{id:int};network.protocol.version=1.1;url.scheme=http;Percentile=50],Metric,0.017242431640625
06/08/2026 11:48:52,Microsoft.AspNetCore.Hosting,http.server.request.duration (s)[http.request.method=GET;http.response.status_code=200;http.route=/orders/{id:int};network.protocol.version=1.1;url.scheme=http;Percentile=95],Metric,0.045654296875
06/08/2026 11:48:52,Microsoft.AspNetCore.Hosting,http.server.request.duration (s)[http.request.method=GET;http.response.status_code=200;http.route=/orders/{id:int};network.protocol.version=1.1;url.scheme=http;Percentile=99],Metric,0.7333984375
06/08/2026 11:48:52,Npgsql,db.client.connection.npgsql.create_time (s)[db.client.connection.pool.name=Host=127.0.0.1;Port=5432;Username=postgres;Database=myapp_load;Maximum Pool Size=500;Percentile=50],Metric,0.8125
06/08/2026 11:48:52,Npgsql,db.client.connection.npgsql.create_time (s)[db.client.connection.pool.name=Host=127.0.0.1;Port=5432;Username=postgres;Database=myapp_load;Maximum Pool Size=500;Percentile=95],Metric,0.90625
06/08/2026 11:48:52,Npgsql,db.client.connection.npgsql.create_time (s)[db.client.connection.pool.name=Host=127.0.0.1;Port=5432;Username=postgres;Database=myapp_load;Maximum Pool Size=500;Percentile=99],Metric,0.90625
06/08/2026 11:48:52,System.Runtime,dotnet.jit.compiled_il.size (By / 1 sec),Rate,18388
06/08/2026 11:48:52,System.Runtime,dotnet.gc.heap.total_allocated (By / 1 sec),Rate,18855328
06/08/2026 11:48:52,System.Runtime,dotnet.process.cpu.count ({cpu}),Metric,20
06/08/2026 11:48:52,System.Runtime,dotnet.monitor.lock_contentions ({contention} / 1 sec),Rate,1
06/08/2026 11:48:52,Npgsql,db.client.operation.duration (s)[db.client.connection.pool.name=Host=127.0.0.1;Port=5432;Username=postgres;Database=myapp_load;Maximum Pool Size=500;db.system.name=postgresql;server.address=127.0.0.1;server.port=5432;Percentile=50],Metric,0.016265869140625
06/08/2026 11:48:52,Npgsql,db.client.operation.duration (s)[db.client.connection.pool.name=Host=127.0.0.1;Port=5432;Username=postgres;Database=myapp_load;Maximum Pool Size=500;db.system.name=postgresql;server.address=127.0.0.1;server.port=5432;Percentile=95],Metric,0.0416259765625
06/08/2026 11:48:52,Npgsql,db.client.operation.duration (s)[db.client.connection.pool.name=Host=127.0.0.1;Port=5432;Username=postgres;Database=myapp_load;Maximum Pool Size=500;db.system.name=postgresql;server.address=127.0.0.1;server.port=5432;Percentile=99],Metric,0.0516357421875
06/08/2026 11:48:52,System.Runtime,dotnet.thread_pool.thread.count ({thread} / 1 sec),Rate,0
06/08/2026 11:48:52,System.Runtime,dotnet.exceptions ({exception} / 1 sec)[error.type=SocketException],Rate,0
06/08/2026 11:48:52,System.Runtime,dotnet.exceptions ({exception} / 1 sec)[error.type=HttpRequestException],Rate,0
06/08/2026 11:48:52,System.Runtime,dotnet.gc.last_collection.heap.fragmentation.size (By)[gc.heap.generation=gen1],Metric,7839104
06/08/2026 11:48:52,System.Runtime,dotnet.gc.last_collection.heap.fragmentation.size (By)[gc.heap.generation=loh],Metric,768
06/08/2026 11:48:52,System.Runtime,dotnet.gc.last_collection.heap.fragmentation.size (By)[gc.heap.generation=gen0],Metric,2472920
06/08/2026 11:48:52,System.Runtime,dotnet.gc.last_collection.heap.fragmentation.size (By)[gc.heap.generation=gen2],Metric,680
06/08/2026 11:48:52,System.Runtime,dotnet.gc.last_collection.heap.fragmentation.size (By)[gc.heap.generation=poh],Metric,0
06/08/2026 11:48:52,Microsoft.AspNetCore.Hosting,http.server.active_requests ({request})[http.request.method=POST;url.scheme=http],Metric,0
06/08/2026 11:48:52,Microsoft.AspNetCore.Hosting,http.server.active_requests ({request})[http.request.method=GET;url.scheme=http],Metric,38
06/08/2026 11:48:52,System.Runtime,dotnet.process.memory.working_set (By),Metric,143319040
06/08/2026 11:48:52,System.Runtime,dotnet.thread_pool.queue.length ({work_item} / 1 sec),Rate,-2
06/08/2026 11:48:52,Npgsql,db.client.operation.npgsql.bytes_written (By / 1 sec)[db.client.connection.pool.name=Host=127.0.0.1;Port=5432;Username=postgres;Database=myapp_load;Maximum Pool Size=500],Rate,150097
06/08/2026 11:48:52,System.Runtime,dotnet.assembly.count ({assembly}),Metric,150
06/08/2026 11:48:52,Npgsql,db.client.operation.npgsql.prepared_ratio[db.client.connection.pool.name=Host=127.0.0.1;Port=5432;Username=postgres;Database=myapp_load;Maximum Pool Size=500],Metric,0
06/08/2026 11:48:52,System.Runtime,dotnet.jit.compiled_methods ({method} / 1 sec),Rate,152
06/08/2026 11:48:53,System.Runtime,dotnet.gc.last_collection.memory.committed_size (By),Metric,51662848
06/08/2026 11:48:53,Npgsql,db.client.connection.max ({connection})[db.client.connection.pool.name=Host=127.0.0.1;Port=5432;Username=postgres;Database=myapp_load;Maximum Pool Size=500],Metric,500
06/08/2026 11:48:53,Npgsql,db.client.connection.count ({connection})[db.client.connection.pool.name=Host=127.0.0.1;Port=5432;Username=postgres;Database=myapp_load;Maximum Pool Size=500;db.client.connection.state=used],Metric,355
06/08/2026 11:48:53,Npgsql,db.client.connection.count ({connection})[db.client.connection.pool.name=Host=127.0.0.1;Port=5432;Username=postgres;Database=myapp_load;Maximum Pool Size=500;db.client.connection.state=idle],Metric,11
06/08/2026 11:48:53,Npgsql,db.client.operation.npgsql.bytes_read (By / 1 sec)[db.client.connection.pool.name=Host=127.0.0.1;Port=5432;Username=postgres;Database=myapp_load;Maximum Pool Size=500],Rate,151298
06/08/2026 11:48:53,System.Runtime,dotnet.gc.collections ({collection} / 1 sec)[gc.heap.generation=gen1],Rate,1
06/08/2026 11:48:53,System.Runtime,dotnet.gc.collections ({collection} / 1 sec)[gc.heap.generation=gen0],Rate,1
06/08/2026 11:48:53,System.Runtime,dotnet.gc.collections ({collection} / 1 sec)[gc.heap.generation=gen2],Rate,1
06/08/2026 11:48:53,Npgsql,db.client.operation.npgsql.executing ({command})[db.client.connection.pool.name=Host=127.0.0.1;Port=5432;Username=postgres;Database=myapp_load;Maximum Pool Size=500],Metric,130
06/08/2026 11:48:53,System.Runtime,dotnet.thread_pool.work_item.count ({work_item} / 1 sec),Rate,4182
06/08/2026 11:48:53,System.Runtime,dotnet.gc.pause.time (s / 1 sec),Rate,0.085318
06/08/2026 11:48:53,System.Runtime,dotnet.timer.count ({timer}),Metric,352
06/08/2026 11:48:53,System.Runtime,dotnet.jit.compilation.time (s / 1 sec),Rate,0.7240900000000003
06/08/2026 11:48:53,System.Runtime,dotnet.gc.last_collection.heap.size (By)[gc.heap.generation=gen1],Metric,29552896
06/08/2026 11:48:53,System.Runtime,dotnet.gc.last_collection.heap.size (By)[gc.heap.generation=loh],Metric,4626696
06/08/2026 11:48:53,System.Runtime,dotnet.gc.last_collection.heap.size (By)[gc.heap.generation=gen0],Metric,0
06/08/2026 11:48:53,System.Runtime,dotnet.gc.last_collection.heap.size (By)[gc.heap.generation=gen2],Metric,12818096
06/08/2026 11:48:53,System.Runtime,dotnet.gc.last_collection.heap.size (By)[gc.heap.generation=poh],Metric,779240
06/08/2026 11:48:53,System.Runtime,dotnet.process.cpu.time (s / 1 sec)[cpu.mode=user],Rate,1.078125
06/08/2026 11:48:53,System.Runtime,dotnet.process.cpu.time (s / 1 sec)[cpu.mode=system],Rate,0.625
06/08/2026 11:48:53,Microsoft.AspNetCore.Hosting,http.server.request.duration (s)[http.request.method=GET;http.response.status_code=200;http.route=/orders/{id:int};network.protocol.version=1.1;url.scheme=http;Percentile=50],Metric,0.122314453125
06/08/2026 11:48:53,Microsoft.AspNetCore.Hosting,http.server.request.duration (s)[http.request.method=GET;http.response.status_code=200;http.route=/orders/{id:int};network.protocol.version=1.1;url.scheme=http;Percentile=95],Metric,0.24267578125
06/08/2026 11:48:53,Microsoft.AspNetCore.Hosting,http.server.request.duration (s)[http.request.method=GET;http.response.status_code=200;http.route=/orders/{id:int};network.protocol.version=1.1;url.scheme=http;Percentile=99],Metric,0.34423828125
06/08/2026 11:48:53,Npgsql,db.client.connection.npgsql.create_time (s)[db.client.connection.pool.name=Host=127.0.0.1;Port=5432;Username=postgres;Database=myapp_load;Maximum Pool Size=500;Percentile=50],Metric,0.8037109375
06/08/2026 11:48:53,Npgsql,db.client.connection.npgsql.create_time (s)[db.client.connection.pool.name=Host=127.0.0.1;Port=5432;Username=postgres;Database=myapp_load;Maximum Pool Size=500;Percentile=95],Metric,0.8515625
06/08/2026 11:48:53,Npgsql,db.client.connection.npgsql.create_time (s)[db.client.connection.pool.name=Host=127.0.0.1;Port=5432;Username=postgres;Database=myapp_load;Maximum Pool Size=500;Percentile=99],Metric,0.8515625
06/08/2026 11:48:53,System.Runtime,dotnet.jit.compiled_il.size (By / 1 sec),Rate,7549
06/08/2026 11:48:53,System.Runtime,dotnet.gc.heap.total_allocated (By / 1 sec),Rate,40128088
06/08/2026 11:48:53,System.Runtime,dotnet.process.cpu.count ({cpu}),Metric,20
06/08/2026 11:48:53,System.Runtime,dotnet.monitor.lock_contentions ({contention} / 1 sec),Rate,1
06/08/2026 11:48:53,Npgsql,db.client.operation.duration (s)[db.client.connection.pool.name=Host=127.0.0.1;Port=5432;Username=postgres;Database=myapp_load;Maximum Pool Size=500;db.system.name=postgresql;server.address=127.0.0.1;server.port=5432;Percentile=50],Metric,0.117919921875
06/08/2026 11:48:53,Npgsql,db.client.operation.duration (s)[db.client.connection.pool.name=Host=127.0.0.1;Port=5432;Username=postgres;Database=myapp_load;Maximum Pool Size=500;db.system.name=postgresql;server.address=127.0.0.1;server.port=5432;Percentile=95],Metric,0.223388671875
06/08/2026 11:48:53,Npgsql,db.client.operation.duration (s)[db.client.connection.pool.name=Host=127.0.0.1;Port=5432;Username=postgres;Database=myapp_load;Maximum Pool Size=500;db.system.name=postgresql;server.address=127.0.0.1;server.port=5432;Percentile=99],Metric,0.28955078125
06/08/2026 11:48:53,System.Runtime,dotnet.thread_pool.thread.count ({thread} / 1 sec),Rate,20
06/08/2026 11:48:53,System.Runtime,dotnet.exceptions ({exception} / 1 sec)[error.type=SocketException],Rate,2
06/08/2026 11:48:53,System.Runtime,dotnet.exceptions ({exception} / 1 sec)[error.type=HttpRequestException],Rate,11
06/08/2026 11:48:53,System.Runtime,dotnet.gc.last_collection.heap.fragmentation.size (By)[gc.heap.generation=gen1],Metric,17387040
06/08/2026 11:48:53,System.Runtime,dotnet.gc.last_collection.heap.fragmentation.size (By)[gc.heap.generation=loh],Metric,768
06/08/2026 11:48:53,System.Runtime,dotnet.gc.last_collection.heap.fragmentation.size (By)[gc.heap.generation=gen0],Metric,0
06/08/2026 11:48:53,System.Runtime,dotnet.gc.last_collection.heap.fragmentation.size (By)[gc.heap.generation=gen2],Metric,5555928
06/08/2026 11:48:53,System.Runtime,dotnet.gc.last_collection.heap.fragmentation.size (By)[gc.heap.generation=poh],Metric,0
06/08/2026 11:48:53,Microsoft.AspNetCore.Hosting,http.server.active_requests ({request})[http.request.method=POST;url.scheme=http],Metric,0
06/08/2026 11:48:53,Microsoft.AspNetCore.Hosting,http.server.active_requests ({request})[http.request.method=GET;url.scheme=http],Metric,371
06/08/2026 11:48:53,System.Runtime,dotnet.process.memory.working_set (By),Metric,164847616
06/08/2026 11:48:53,System.Runtime,dotnet.thread_pool.queue.length ({work_item} / 1 sec),Rate,8
06/08/2026 11:48:53,Npgsql,db.client.operation.npgsql.bytes_written (By / 1 sec)[db.client.connection.pool.name=Host=127.0.0.1;Port=5432;Username=postgres;Database=myapp_load;Maximum Pool Size=500],Rate,142126
06/08/2026 11:48:53,System.Runtime,dotnet.assembly.count ({assembly}),Metric,150
06/08/2026 11:48:53,Npgsql,db.client.operation.npgsql.prepared_ratio[db.client.connection.pool.name=Host=127.0.0.1;Port=5432;Username=postgres;Database=myapp_load;Maximum Pool Size=500],Metric,0
06/08/2026 11:48:53,System.Runtime,dotnet.jit.compiled_methods ({method} / 1 sec),Rate,59
06/08/2026 11:48:54,System.Runtime,dotnet.gc.last_collection.memory.committed_size (By),Metric,101277696
06/08/2026 11:48:54,Npgsql,db.client.connection.npgsql.pending_requests ({request})[db.client.connection.pool.name=Host=127.0.0.1;Port=5432;Username=postgres;Database=myapp_load;Maximum Pool Size=500],Metric,256
06/08/2026 11:48:54,Npgsql,db.client.connection.max ({connection})[db.client.connection.pool.name=Host=127.0.0.1;Port=5432;Username=postgres;Database=myapp_load;Maximum Pool Size=500],Metric,500
06/08/2026 11:48:54,Npgsql,db.client.connection.count ({connection})[db.client.connection.pool.name=Host=127.0.0.1;Port=5432;Username=postgres;Database=myapp_load;Maximum Pool Size=500;db.client.connection.state=used],Metric,500
06/08/2026 11:48:54,Npgsql,db.client.connection.count ({connection})[db.client.connection.pool.name=Host=127.0.0.1;Port=5432;Username=postgres;Database=myapp_load;Maximum Pool Size=500;db.client.connection.state=idle],Metric,0
06/08/2026 11:48:54,Npgsql,db.client.operation.npgsql.bytes_read (By / 1 sec)[db.client.connection.pool.name=Host=127.0.0.1;Port=5432;Username=postgres;Database=myapp_load;Maximum Pool Size=500],Rate,153793
06/08/2026 11:48:54,System.Runtime,dotnet.gc.collections ({collection} / 1 sec)[gc.heap.generation=gen1],Rate,0
06/08/2026 11:48:54,System.Runtime,dotnet.gc.collections ({collection} / 1 sec)[gc.heap.generation=gen0],Rate,1
06/08/2026 11:48:54,System.Runtime,dotnet.gc.collections ({collection} / 1 sec)[gc.heap.generation=gen2],Rate,0
06/08/2026 11:48:54,Npgsql,db.client.operation.npgsql.executing ({command})[db.client.connection.pool.name=Host=127.0.0.1;Port=5432;Username=postgres;Database=myapp_load;Maximum Pool Size=500],Metric,141
06/08/2026 11:48:54,System.Runtime,dotnet.thread_pool.work_item.count ({work_item} / 1 sec),Rate,5062
06/08/2026 11:48:54,System.Runtime,dotnet.gc.pause.time (s / 1 sec),Rate,0.081286
06/08/2026 11:48:54,System.Runtime,dotnet.timer.count ({timer}),Metric,750
06/08/2026 11:48:54,System.Runtime,dotnet.jit.compilation.time (s / 1 sec),Rate,0.3821608000000012
06/08/2026 11:48:54,System.Runtime,dotnet.gc.last_collection.heap.size (By)[gc.heap.generation=gen1],Metric,55286360
06/08/2026 11:48:54,System.Runtime,dotnet.gc.last_collection.heap.size (By)[gc.heap.generation=loh],Metric,4626696
06/08/2026 11:48:54,System.Runtime,dotnet.gc.last_collection.heap.size (By)[gc.heap.generation=gen0],Metric,3368536
06/08/2026 11:48:54,System.Runtime,dotnet.gc.last_collection.heap.size (By)[gc.heap.generation=gen2],Metric,12818096
06/08/2026 11:48:54,System.Runtime,dotnet.gc.last_collection.heap.size (By)[gc.heap.generation=poh],Metric,803960
06/08/2026 11:48:54,System.Runtime,dotnet.process.cpu.time (s / 1 sec)[cpu.mode=user],Rate,1.046875
06/08/2026 11:48:54,System.Runtime,dotnet.process.cpu.time (s / 1 sec)[cpu.mode=system],Rate,0.515625
06/08/2026 11:48:54,Microsoft.AspNetCore.Hosting,http.server.request.duration (s)[http.request.method=GET;http.response.status_code=200;http.route=/orders/{id:int};network.protocol.version=1.1;url.scheme=http;Percentile=50],Metric,0.2255859375
06/08/2026 11:48:54,Microsoft.AspNetCore.Hosting,http.server.request.duration (s)[http.request.method=GET;http.response.status_code=200;http.route=/orders/{id:int};network.protocol.version=1.1;url.scheme=http;Percentile=95],Metric,0.4990234375
06/08/2026 11:48:54,Microsoft.AspNetCore.Hosting,http.server.request.duration (s)[http.request.method=GET;http.response.status_code=200;http.route=/orders/{id:int};network.protocol.version=1.1;url.scheme=http;Percentile=99],Metric,1.107421875
06/08/2026 11:48:54,Npgsql,db.client.connection.npgsql.create_time (s)[db.client.connection.pool.name=Host=127.0.0.1;Port=5432;Username=postgres;Database=myapp_load;Maximum Pool Size=500;Percentile=50],Metric,1.078125
06/08/2026 11:48:54,Npgsql,db.client.connection.npgsql.create_time (s)[db.client.connection.pool.name=Host=127.0.0.1;Port=5432;Username=postgres;Database=myapp_load;Maximum Pool Size=500;Percentile=95],Metric,1.412109375
06/08/2026 11:48:54,Npgsql,db.client.connection.npgsql.create_time (s)[db.client.connection.pool.name=Host=127.0.0.1;Port=5432;Username=postgres;Database=myapp_load;Maximum Pool Size=500;Percentile=99],Metric,1.412109375
06/08/2026 11:48:54,System.Runtime,dotnet.jit.compiled_il.size (By / 1 sec),Rate,2544
06/08/2026 11:48:54,System.Runtime,dotnet.gc.heap.total_allocated (By / 1 sec),Rate,37576440
06/08/2026 11:48:54,System.Runtime,dotnet.process.cpu.count ({cpu}),Metric,20
06/08/2026 11:48:54,System.Runtime,dotnet.monitor.lock_contentions ({contention} / 1 sec),Rate,28
06/08/2026 11:48:54,Npgsql,db.client.operation.duration (s)[db.client.connection.pool.name=Host=127.0.0.1;Port=5432;Username=postgres;Database=myapp_load;Maximum Pool Size=500;db.system.name=postgresql;server.address=127.0.0.1;server.port=5432;Percentile=50],Metric,0.142578125
06/08/2026 11:48:54,Npgsql,db.client.operation.duration (s)[db.client.connection.pool.name=Host=127.0.0.1;Port=5432;Username=postgres;Database=myapp_load;Maximum Pool Size=500;db.system.name=postgresql;server.address=127.0.0.1;server.port=5432;Percentile=95],Metric,0.31396484375
06/08/2026 11:48:54,Npgsql,db.client.operation.duration (s)[db.client.connection.pool.name=Host=127.0.0.1;Port=5432;Username=postgres;Database=myapp_load;Maximum Pool Size=500;db.system.name=postgresql;server.address=127.0.0.1;server.port=5432;Percentile=99],Metric,0.3623046875
06/08/2026 11:48:54,System.Runtime,dotnet.thread_pool.thread.count ({thread} / 1 sec),Rate,0
06/08/2026 11:48:54,System.Runtime,dotnet.exceptions ({exception} / 1 sec)[error.type=SocketException],Rate,0
06/08/2026 11:48:54,System.Runtime,dotnet.exceptions ({exception} / 1 sec)[error.type=HttpRequestException],Rate,0
06/08/2026 11:48:54,System.Runtime,dotnet.gc.last_collection.heap.fragmentation.size (By)[gc.heap.generation=gen1],Metric,25104208
06/08/2026 11:48:54,System.Runtime,dotnet.gc.last_collection.heap.fragmentation.size (By)[gc.heap.generation=loh],Metric,768
06/08/2026 11:48:54,System.Runtime,dotnet.gc.last_collection.heap.fragmentation.size (By)[gc.heap.generation=gen0],Metric,3368352
06/08/2026 11:48:54,System.Runtime,dotnet.gc.last_collection.heap.fragmentation.size (By)[gc.heap.generation=gen2],Metric,5555928
06/08/2026 11:48:54,System.Runtime,dotnet.gc.last_collection.heap.fragmentation.size (By)[gc.heap.generation=poh],Metric,0
06/08/2026 11:48:54,Microsoft.AspNetCore.Hosting,http.server.active_requests ({request})[http.request.method=POST;url.scheme=http],Metric,0
06/08/2026 11:48:54,Microsoft.AspNetCore.Hosting,http.server.active_requests ({request})[http.request.method=GET;url.scheme=http],Metric,759
06/08/2026 11:48:54,System.Runtime,dotnet.process.memory.working_set (By),Metric,202141696
06/08/2026 11:48:54,System.Runtime,dotnet.thread_pool.queue.length ({work_item} / 1 sec),Rate,36
06/08/2026 11:48:54,Npgsql,db.client.operation.npgsql.bytes_written (By / 1 sec)[db.client.connection.pool.name=Host=127.0.0.1;Port=5432;Username=postgres;Database=myapp_load;Maximum Pool Size=500],Rate,128296
06/08/2026 11:48:54,System.Runtime,dotnet.assembly.count ({assembly}),Metric,150
06/08/2026 11:48:54,Npgsql,db.client.operation.npgsql.prepared_ratio[db.client.connection.pool.name=Host=127.0.0.1;Port=5432;Username=postgres;Database=myapp_load;Maximum Pool Size=500],Metric,0
06/08/2026 11:48:54,System.Runtime,dotnet.jit.compiled_methods ({method} / 1 sec),Rate,28
06/08/2026 11:48:55,System.Runtime,dotnet.gc.last_collection.memory.committed_size (By),Metric,101277696
06/08/2026 11:48:55,Npgsql,db.client.connection.npgsql.pending_requests ({request})[db.client.connection.pool.name=Host=127.0.0.1;Port=5432;Username=postgres;Database=myapp_load;Maximum Pool Size=500],Metric,886
06/08/2026 11:48:55,Npgsql,db.client.connection.max ({connection})[db.client.connection.pool.name=Host=127.0.0.1;Port=5432;Username=postgres;Database=myapp_load;Maximum Pool Size=500],Metric,500
06/08/2026 11:48:55,Npgsql,db.client.connection.count ({connection})[db.client.connection.pool.name=Host=127.0.0.1;Port=5432;Username=postgres;Database=myapp_load;Maximum Pool Size=500;db.client.connection.state=used],Metric,500
06/08/2026 11:48:55,Npgsql,db.client.connection.count ({connection})[db.client.connection.pool.name=Host=127.0.0.1;Port=5432;Username=postgres;Database=myapp_load;Maximum Pool Size=500;db.client.connection.state=idle],Metric,0
06/08/2026 11:48:55,Npgsql,db.client.operation.npgsql.bytes_read (By / 1 sec)[db.client.connection.pool.name=Host=127.0.0.1;Port=5432;Username=postgres;Database=myapp_load;Maximum Pool Size=500],Rate,182548
06/08/2026 11:48:55,System.Runtime,dotnet.gc.collections ({collection} / 1 sec)[gc.heap.generation=gen1],Rate,0
06/08/2026 11:48:55,System.Runtime,dotnet.gc.collections ({collection} / 1 sec)[gc.heap.generation=gen0],Rate,0
06/08/2026 11:48:55,System.Runtime,dotnet.gc.collections ({collection} / 1 sec)[gc.heap.generation=gen2],Rate,0
06/08/2026 11:48:55,Npgsql,db.client.operation.npgsql.executing ({command})[db.client.connection.pool.name=Host=127.0.0.1;Port=5432;Username=postgres;Database=myapp_load;Maximum Pool Size=500],Metric,161
06/08/2026 11:48:55,System.Runtime,dotnet.thread_pool.work_item.count ({work_item} / 1 sec),Rate,6166
06/08/2026 11:48:55,System.Runtime,dotnet.gc.pause.time (s / 1 sec),Rate,0
06/08/2026 11:48:55,System.Runtime,dotnet.timer.count ({timer}),Metric,1389
06/08/2026 11:48:55,System.Runtime,dotnet.jit.compilation.time (s / 1 sec),Rate,0.6579651999999996
06/08/2026 11:48:55,System.Runtime,dotnet.gc.last_collection.heap.size (By)[gc.heap.generation=gen1],Metric,55286360
06/08/2026 11:48:55,System.Runtime,dotnet.gc.last_collection.heap.size (By)[gc.heap.generation=loh],Metric,4626696
06/08/2026 11:48:55,System.Runtime,dotnet.gc.last_collection.heap.size (By)[gc.heap.generation=gen0],Metric,3368536
06/08/2026 11:48:55,System.Runtime,dotnet.gc.last_collection.heap.size (By)[gc.heap.generation=gen2],Metric,12818096
06/08/2026 11:48:55,System.Runtime,dotnet.gc.last_collection.heap.size (By)[gc.heap.generation=poh],Metric,803960
06/08/2026 11:48:55,System.Runtime,dotnet.process.cpu.time (s / 1 sec)[cpu.mode=user],Rate,1.046875
06/08/2026 11:48:55,System.Runtime,dotnet.process.cpu.time (s / 1 sec)[cpu.mode=system],Rate,0.46875
06/08/2026 11:48:55,Microsoft.AspNetCore.Hosting,http.server.request.duration (s)[http.request.method=GET;http.response.status_code=200;http.route=/orders/{id:int};network.protocol.version=1.1;url.scheme=http;Percentile=50],Metric,0.5146484375
06/08/2026 11:48:55,Microsoft.AspNetCore.Hosting,http.server.request.duration (s)[http.request.method=GET;http.response.status_code=200;http.route=/orders/{id:int};network.protocol.version=1.1;url.scheme=http;Percentile=95],Metric,0.685546875
06/08/2026 11:48:55,Microsoft.AspNetCore.Hosting,http.server.request.duration (s)[http.request.method=GET;http.response.status_code=200;http.route=/orders/{id:int};network.protocol.version=1.1;url.scheme=http;Percentile=99],Metric,0.724609375
06/08/2026 11:48:55,Npgsql,db.client.connection.npgsql.create_time (s)[db.client.connection.pool.name=Host=127.0.0.1;Port=5432;Username=postgres;Database=myapp_load;Maximum Pool Size=500;Percentile=50],Metric,2.6015625
06/08/2026 11:48:55,Npgsql,db.client.connection.npgsql.create_time (s)[db.client.connection.pool.name=Host=127.0.0.1;Port=5432;Username=postgres;Database=myapp_load;Maximum Pool Size=500;Percentile=95],Metric,2.625
06/08/2026 11:48:55,Npgsql,db.client.connection.npgsql.create_time (s)[db.client.connection.pool.name=Host=127.0.0.1;Port=5432;Username=postgres;Database=myapp_load;Maximum Pool Size=500;Percentile=99],Metric,2.625
06/08/2026 11:48:55,System.Runtime,dotnet.jit.compiled_il.size (By / 1 sec),Rate,3745
06/08/2026 11:48:55,System.Runtime,dotnet.gc.heap.total_allocated (By / 1 sec),Rate,34254096
06/08/2026 11:48:55,System.Runtime,dotnet.process.cpu.count ({cpu}),Metric,20
06/08/2026 11:48:55,System.Runtime,dotnet.monitor.lock_contentions ({contention} / 1 sec),Rate,43
06/08/2026 11:48:55,Npgsql,db.client.operation.duration (s)[db.client.connection.pool.name=Host=127.0.0.1;Port=5432;Username=postgres;Database=myapp_load;Maximum Pool Size=500;db.system.name=postgresql;server.address=127.0.0.1;server.port=5432;Percentile=50],Metric,0.1259765625
06/08/2026 11:48:55,Npgsql,db.client.operation.duration (s)[db.client.connection.pool.name=Host=127.0.0.1;Port=5432;Username=postgres;Database=myapp_load;Maximum Pool Size=500;db.system.name=postgresql;server.address=127.0.0.1;server.port=5432;Percentile=95],Metric,0.2265625
06/08/2026 11:48:55,Npgsql,db.client.operation.duration (s)[db.client.connection.pool.name=Host=127.0.0.1;Port=5432;Username=postgres;Database=myapp_load;Maximum Pool Size=500;db.system.name=postgresql;server.address=127.0.0.1;server.port=5432;Percentile=99],Metric,0.37841796875
06/08/2026 11:48:55,System.Runtime,dotnet.thread_pool.thread.count ({thread} / 1 sec),Rate,0
06/08/2026 11:48:55,System.Runtime,dotnet.exceptions ({exception} / 1 sec)[error.type=SocketException],Rate,0
06/08/2026 11:48:55,System.Runtime,dotnet.exceptions ({exception} / 1 sec)[error.type=HttpRequestException],Rate,0
06/08/2026 11:48:55,System.Runtime,dotnet.gc.last_collection.heap.fragmentation.size (By)[gc.heap.generation=gen1],Metric,25104208
06/08/2026 11:48:55,System.Runtime,dotnet.gc.last_collection.heap.fragmentation.size (By)[gc.heap.generation=loh],Metric,768
06/08/2026 11:48:55,System.Runtime,dotnet.gc.last_collection.heap.fragmentation.size (By)[gc.heap.generation=gen0],Metric,3368352
06/08/2026 11:48:55,System.Runtime,dotnet.gc.last_collection.heap.fragmentation.size (By)[gc.heap.generation=gen2],Metric,5555928
06/08/2026 11:48:55,System.Runtime,dotnet.gc.last_collection.heap.fragmentation.size (By)[gc.heap.generation=poh],Metric,0
06/08/2026 11:48:55,Microsoft.AspNetCore.Hosting,http.server.active_requests ({request})[http.request.method=POST;url.scheme=http],Metric,0
06/08/2026 11:48:55,Microsoft.AspNetCore.Hosting,http.server.active_requests ({request})[http.request.method=GET;url.scheme=http],Metric,1372
06/08/2026 11:48:55,System.Runtime,dotnet.process.memory.working_set (By),Metric,219230208
06/08/2026 11:48:55,System.Runtime,dotnet.thread_pool.queue.length ({work_item} / 1 sec),Rate,-42
06/08/2026 11:48:55,Npgsql,db.client.operation.npgsql.bytes_written (By / 1 sec)[db.client.connection.pool.name=Host=127.0.0.1;Port=5432;Username=postgres;Database=myapp_load;Maximum Pool Size=500],Rate,154661
06/08/2026 11:48:55,System.Runtime,dotnet.assembly.count ({assembly}),Metric,150
06/08/2026 11:48:55,Npgsql,db.client.operation.npgsql.prepared_ratio[db.client.connection.pool.name=Host=127.0.0.1;Port=5432;Username=postgres;Database=myapp_load;Maximum Pool Size=500],Metric,0
06/08/2026 11:48:55,System.Runtime,dotnet.jit.compiled_methods ({method} / 1 sec),Rate,35
06/08/2026 11:48:56,System.Runtime,dotnet.gc.last_collection.memory.committed_size (By),Metric,131244032
06/08/2026 11:48:56,Npgsql,db.client.connection.npgsql.pending_requests ({request})[db.client.connection.pool.name=Host=127.0.0.1;Port=5432;Username=postgres;Database=myapp_load;Maximum Pool Size=500],Metric,981
06/08/2026 11:48:56,Npgsql,db.client.connection.max ({connection})[db.client.connection.pool.name=Host=127.0.0.1;Port=5432;Username=postgres;Database=myapp_load;Maximum Pool Size=500],Metric,500
06/08/2026 11:48:56,Npgsql,db.client.connection.count ({connection})[db.client.connection.pool.name=Host=127.0.0.1;Port=5432;Username=postgres;Database=myapp_load;Maximum Pool Size=500;db.client.connection.state=used],Metric,500
06/08/2026 11:48:56,Npgsql,db.client.connection.count ({connection})[db.client.connection.pool.name=Host=127.0.0.1;Port=5432;Username=postgres;Database=myapp_load;Maximum Pool Size=500;db.client.connection.state=idle],Metric,0
06/08/2026 11:48:56,Npgsql,db.client.operation.npgsql.bytes_read (By / 1 sec)[db.client.connection.pool.name=Host=127.0.0.1;Port=5432;Username=postgres;Database=myapp_load;Maximum Pool Size=500],Rate,187486
06/08/2026 11:48:56,System.Runtime,dotnet.gc.collections ({collection} / 1 sec)[gc.heap.generation=gen1],Rate,0
06/08/2026 11:48:56,System.Runtime,dotnet.gc.collections ({collection} / 1 sec)[gc.heap.generation=gen0],Rate,1
06/08/2026 11:48:56,System.Runtime,dotnet.gc.collections ({collection} / 1 sec)[gc.heap.generation=gen2],Rate,0
06/08/2026 11:48:56,Npgsql,db.client.operation.npgsql.executing ({command})[db.client.connection.pool.name=Host=127.0.0.1;Port=5432;Username=postgres;Database=myapp_load;Maximum Pool Size=500],Metric,181
06/08/2026 11:48:56,System.Runtime,dotnet.thread_pool.work_item.count ({work_item} / 1 sec),Rate,5511
06/08/2026 11:48:56,System.Runtime,dotnet.gc.pause.time (s / 1 sec),Rate,0.09886199999999998
06/08/2026 11:48:56,System.Runtime,dotnet.timer.count ({timer}),Metric,1485
06/08/2026 11:48:56,System.Runtime,dotnet.jit.compilation.time (s / 1 sec),Rate,0.9855029000000002
06/08/2026 11:48:56,System.Runtime,dotnet.gc.last_collection.heap.size (By)[gc.heap.generation=gen1],Metric,55286360
06/08/2026 11:48:56,System.Runtime,dotnet.gc.last_collection.heap.size (By)[gc.heap.generation=loh],Metric,4626696
06/08/2026 11:48:56,System.Runtime,dotnet.gc.last_collection.heap.size (By)[gc.heap.generation=gen0],Metric,0
06/08/2026 11:48:56,System.Runtime,dotnet.gc.last_collection.heap.size (By)[gc.heap.generation=gen2],Metric,12818096
06/08/2026 11:48:56,System.Runtime,dotnet.gc.last_collection.heap.size (By)[gc.heap.generation=poh],Metric,1627960
06/08/2026 11:48:56,System.Runtime,dotnet.process.cpu.time (s / 1 sec)[cpu.mode=user],Rate,1.078125
06/08/2026 11:48:56,System.Runtime,dotnet.process.cpu.time (s / 1 sec)[cpu.mode=system],Rate,0.734375
06/08/2026 11:48:56,Microsoft.AspNetCore.Hosting,http.server.request.duration (s)[http.request.method=GET;http.response.status_code=200;http.route=/orders/{id:int};network.protocol.version=1.1;url.scheme=http;Percentile=50],Metric,0.908203125
06/08/2026 11:48:56,Microsoft.AspNetCore.Hosting,http.server.request.duration (s)[http.request.method=GET;http.response.status_code=200;http.route=/orders/{id:int};network.protocol.version=1.1;url.scheme=http;Percentile=95],Metric,1.07421875
06/08/2026 11:48:56,Microsoft.AspNetCore.Hosting,http.server.request.duration (s)[http.request.method=GET;http.response.status_code=200;http.route=/orders/{id:int};network.protocol.version=1.1;url.scheme=http;Percentile=99],Metric,3.28515625
06/08/2026 11:48:56,Npgsql,db.client.connection.npgsql.create_time (s)[db.client.connection.pool.name=Host=127.0.0.1;Port=5432;Username=postgres;Database=myapp_load;Maximum Pool Size=500;Percentile=50],Metric,3.2578125
06/08/2026 11:48:56,Npgsql,db.client.connection.npgsql.create_time (s)[db.client.connection.pool.name=Host=127.0.0.1;Port=5432;Username=postgres;Database=myapp_load;Maximum Pool Size=500;Percentile=95],Metric,3.71875
06/08/2026 11:48:56,Npgsql,db.client.connection.npgsql.create_time (s)[db.client.connection.pool.name=Host=127.0.0.1;Port=5432;Username=postgres;Database=myapp_load;Maximum Pool Size=500;Percentile=99],Metric,3.71875
06/08/2026 11:48:56,System.Runtime,dotnet.jit.compiled_il.size (By / 1 sec),Rate,7798
06/08/2026 11:48:56,System.Runtime,dotnet.gc.heap.total_allocated (By / 1 sec),Rate,27718888
06/08/2026 11:48:56,System.Runtime,dotnet.process.cpu.count ({cpu}),Metric,20
06/08/2026 11:48:56,System.Runtime,dotnet.monitor.lock_contentions ({contention} / 1 sec),Rate,27
06/08/2026 11:48:56,Npgsql,db.client.operation.duration (s)[db.client.connection.pool.name=Host=127.0.0.1;Port=5432;Username=postgres;Database=myapp_load;Maximum Pool Size=500;db.system.name=postgresql;server.address=127.0.0.1;server.port=5432;Percentile=50],Metric,0.12890625
06/08/2026 11:48:56,Npgsql,db.client.operation.duration (s)[db.client.connection.pool.name=Host=127.0.0.1;Port=5432;Username=postgres;Database=myapp_load;Maximum Pool Size=500;db.system.name=postgresql;server.address=127.0.0.1;server.port=5432;Percentile=95],Metric,0.3330078125
06/08/2026 11:48:56,Npgsql,db.client.operation.duration (s)[db.client.connection.pool.name=Host=127.0.0.1;Port=5432;Username=postgres;Database=myapp_load;Maximum Pool Size=500;db.system.name=postgresql;server.address=127.0.0.1;server.port=5432;Percentile=99],Metric,0.37451171875
06/08/2026 11:48:56,System.Runtime,dotnet.thread_pool.thread.count ({thread} / 1 sec),Rate,0
06/08/2026 11:48:56,System.Runtime,dotnet.exceptions ({exception} / 1 sec)[error.type=SocketException],Rate,0
06/08/2026 11:48:56,System.Runtime,dotnet.exceptions ({exception} / 1 sec)[error.type=HttpRequestException],Rate,0
06/08/2026 11:48:56,System.Runtime,dotnet.gc.last_collection.heap.fragmentation.size (By)[gc.heap.generation=gen1],Metric,2317520
06/08/2026 11:48:56,System.Runtime,dotnet.gc.last_collection.heap.fragmentation.size (By)[gc.heap.generation=loh],Metric,768
06/08/2026 11:48:56,System.Runtime,dotnet.gc.last_collection.heap.fragmentation.size (By)[gc.heap.generation=gen0],Metric,0
06/08/2026 11:48:56,System.Runtime,dotnet.gc.last_collection.heap.fragmentation.size (By)[gc.heap.generation=gen2],Metric,5555928
06/08/2026 11:48:56,System.Runtime,dotnet.gc.last_collection.heap.fragmentation.size (By)[gc.heap.generation=poh],Metric,0
06/08/2026 11:48:56,Microsoft.AspNetCore.Hosting,http.server.active_requests ({request})[http.request.method=POST;url.scheme=http],Metric,0
06/08/2026 11:48:56,Microsoft.AspNetCore.Hosting,http.server.active_requests ({request})[http.request.method=GET;url.scheme=http],Metric,1481
06/08/2026 11:48:56,System.Runtime,dotnet.process.memory.working_set (By),Metric,231612416
06/08/2026 11:48:56,System.Runtime,dotnet.thread_pool.queue.length ({work_item} / 1 sec),Rate,0
06/08/2026 11:48:56,Npgsql,db.client.operation.npgsql.bytes_written (By / 1 sec)[db.client.connection.pool.name=Host=127.0.0.1;Port=5432;Username=postgres;Database=myapp_load;Maximum Pool Size=500],Rate,156119
06/08/2026 11:48:56,System.Runtime,dotnet.assembly.count ({assembly}),Metric,150
06/08/2026 11:48:56,Npgsql,db.client.operation.npgsql.prepared_ratio[db.client.connection.pool.name=Host=127.0.0.1;Port=5432;Username=postgres;Database=myapp_load;Maximum Pool Size=500],Metric,0
06/08/2026 11:48:56,System.Runtime,dotnet.jit.compiled_methods ({method} / 1 sec),Rate,51
06/08/2026 11:48:57,System.Runtime,dotnet.gc.last_collection.memory.committed_size (By),Metric,131244032
06/08/2026 11:48:57,Npgsql,db.client.connection.npgsql.pending_requests ({request})[db.client.connection.pool.name=Host=127.0.0.1;Port=5432;Username=postgres;Database=myapp_load;Maximum Pool Size=500],Metric,1787
06/08/2026 11:48:57,Npgsql,db.client.connection.max ({connection})[db.client.connection.pool.name=Host=127.0.0.1;Port=5432;Username=postgres;Database=myapp_load;Maximum Pool Size=500],Metric,500
06/08/2026 11:48:57,Npgsql,db.client.connection.count ({connection})[db.client.connection.pool.name=Host=127.0.0.1;Port=5432;Username=postgres;Database=myapp_load;Maximum Pool Size=500;db.client.connection.state=used],Metric,493
06/08/2026 11:48:57,Npgsql,db.client.connection.count ({connection})[db.client.connection.pool.name=Host=127.0.0.1;Port=5432;Username=postgres;Database=myapp_load;Maximum Pool Size=500;db.client.connection.state=idle],Metric,7
06/08/2026 11:48:57,Npgsql,db.client.operation.npgsql.bytes_read (By / 1 sec)[db.client.connection.pool.name=Host=127.0.0.1;Port=5432;Username=postgres;Database=myapp_load;Maximum Pool Size=500],Rate,193851
06/08/2026 11:48:57,System.Runtime,dotnet.gc.collections ({collection} / 1 sec)[gc.heap.generation=gen1],Rate,0
06/08/2026 11:48:57,System.Runtime,dotnet.gc.collections ({collection} / 1 sec)[gc.heap.generation=gen0],Rate,0
06/08/2026 11:48:57,System.Runtime,dotnet.gc.collections ({collection} / 1 sec)[gc.heap.generation=gen2],Rate,0
06/08/2026 11:48:57,Npgsql,db.client.operation.npgsql.executing ({command})[db.client.connection.pool.name=Host=127.0.0.1;Port=5432;Username=postgres;Database=myapp_load;Maximum Pool Size=500],Metric,211
06/08/2026 11:48:57,System.Runtime,dotnet.thread_pool.work_item.count ({work_item} / 1 sec),Rate,6413
06/08/2026 11:48:57,System.Runtime,dotnet.gc.pause.time (s / 1 sec),Rate,0
06/08/2026 11:48:57,System.Runtime,dotnet.timer.count ({timer}),Metric,2289
06/08/2026 11:48:57,System.Runtime,dotnet.jit.compilation.time (s / 1 sec),Rate,0.8837158999999986
06/08/2026 11:48:57,System.Runtime,dotnet.gc.last_collection.heap.size (By)[gc.heap.generation=gen1],Metric,55286360
06/08/2026 11:48:57,System.Runtime,dotnet.gc.last_collection.heap.size (By)[gc.heap.generation=loh],Metric,4626696
06/08/2026 11:48:57,System.Runtime,dotnet.gc.last_collection.heap.size (By)[gc.heap.generation=gen0],Metric,0
06/08/2026 11:48:57,System.Runtime,dotnet.gc.last_collection.heap.size (By)[gc.heap.generation=gen2],Metric,12818096
06/08/2026 11:48:57,System.Runtime,dotnet.gc.last_collection.heap.size (By)[gc.heap.generation=poh],Metric,1627960
06/08/2026 11:48:57,System.Runtime,dotnet.process.cpu.time (s / 1 sec)[cpu.mode=user],Rate,0.890625
06/08/2026 11:48:57,System.Runtime,dotnet.process.cpu.time (s / 1 sec)[cpu.mode=system],Rate,0.46875
06/08/2026 11:48:57,Microsoft.AspNetCore.Hosting,http.server.request.duration (s)[http.request.method=GET;http.response.status_code=200;http.route=/orders/{id:int};network.protocol.version=1.1;url.scheme=http;Percentile=50],Metric,1.119140625
06/08/2026 11:48:57,Microsoft.AspNetCore.Hosting,http.server.request.duration (s)[http.request.method=GET;http.response.status_code=200;http.route=/orders/{id:int};network.protocol.version=1.1;url.scheme=http;Percentile=95],Metric,1.38671875
06/08/2026 11:48:57,Microsoft.AspNetCore.Hosting,http.server.request.duration (s)[http.request.method=GET;http.response.status_code=200;http.route=/orders/{id:int};network.protocol.version=1.1;url.scheme=http;Percentile=99],Metric,4.3671875
06/08/2026 11:48:57,Npgsql,db.client.connection.npgsql.create_time (s)[db.client.connection.pool.name=Host=127.0.0.1;Port=5432;Username=postgres;Database=myapp_load;Maximum Pool Size=500;Percentile=50],Metric,4.2734375
06/08/2026 11:48:57,Npgsql,db.client.connection.npgsql.create_time (s)[db.client.connection.pool.name=Host=127.0.0.1;Port=5432;Username=postgres;Database=myapp_load;Maximum Pool Size=500;Percentile=95],Metric,4.5546875
06/08/2026 11:48:57,Npgsql,db.client.connection.npgsql.create_time (s)[db.client.connection.pool.name=Host=127.0.0.1;Port=5432;Username=postgres;Database=myapp_load;Maximum Pool Size=500;Percentile=99],Metric,4.5625
06/08/2026 11:48:57,System.Runtime,dotnet.jit.compiled_il.size (By / 1 sec),Rate,4958
06/08/2026 11:48:57,System.Runtime,dotnet.gc.heap.total_allocated (By / 1 sec),Rate,35711096
06/08/2026 11:48:57,System.Runtime,dotnet.process.cpu.count ({cpu}),Metric,20
06/08/2026 11:48:57,System.Runtime,dotnet.monitor.lock_contentions ({contention} / 1 sec),Rate,21
06/08/2026 11:48:57,Npgsql,db.client.operation.duration (s)[db.client.connection.pool.name=Host=127.0.0.1;Port=5432;Username=postgres;Database=myapp_load;Maximum Pool Size=500;db.system.name=postgresql;server.address=127.0.0.1;server.port=5432;Percentile=50],Metric,0.1168212890625
06/08/2026 11:48:57,Npgsql,db.client.operation.duration (s)[db.client.connection.pool.name=Host=127.0.0.1;Port=5432;Username=postgres;Database=myapp_load;Maximum Pool Size=500;db.system.name=postgresql;server.address=127.0.0.1;server.port=5432;Percentile=95],Metric,0.416015625
06/08/2026 11:48:57,Npgsql,db.client.operation.duration (s)[db.client.connection.pool.name=Host=127.0.0.1;Port=5432;Username=postgres;Database=myapp_load;Maximum Pool Size=500;db.system.name=postgresql;server.address=127.0.0.1;server.port=5432;Percentile=99],Metric,0.44091796875
06/08/2026 11:48:57,System.Runtime,dotnet.thread_pool.thread.count ({thread} / 1 sec),Rate,0
06/08/2026 11:48:57,System.Runtime,dotnet.exceptions ({exception} / 1 sec)[error.type=SocketException],Rate,2
06/08/2026 11:48:57,System.Runtime,dotnet.exceptions ({exception} / 1 sec)[error.type=HttpRequestException],Rate,11
06/08/2026 11:48:57,System.Runtime,dotnet.gc.last_collection.heap.fragmentation.size (By)[gc.heap.generation=gen1],Metric,2317520
06/08/2026 11:48:57,System.Runtime,dotnet.gc.last_collection.heap.fragmentation.size (By)[gc.heap.generation=loh],Metric,768
06/08/2026 11:48:57,System.Runtime,dotnet.gc.last_collection.heap.fragmentation.size (By)[gc.heap.generation=gen0],Metric,0
06/08/2026 11:48:57,System.Runtime,dotnet.gc.last_collection.heap.fragmentation.size (By)[gc.heap.generation=gen2],Metric,5555928
06/08/2026 11:48:57,System.Runtime,dotnet.gc.last_collection.heap.fragmentation.size (By)[gc.heap.generation=poh],Metric,0
06/08/2026 11:48:57,Microsoft.AspNetCore.Hosting,http.server.active_requests ({request})[http.request.method=POST;url.scheme=http],Metric,0
06/08/2026 11:48:57,Microsoft.AspNetCore.Hosting,http.server.active_requests ({request})[http.request.method=GET;url.scheme=http],Metric,2158
06/08/2026 11:48:57,System.Runtime,dotnet.process.memory.working_set (By),Metric,232976384
06/08/2026 11:48:57,System.Runtime,dotnet.thread_pool.queue.length ({work_item} / 1 sec),Rate,13
06/08/2026 11:48:57,Npgsql,db.client.operation.npgsql.bytes_written (By / 1 sec)[db.client.connection.pool.name=Host=127.0.0.1;Port=5432;Username=postgres;Database=myapp_load;Maximum Pool Size=500],Rate,161838
06/08/2026 11:48:57,System.Runtime,dotnet.assembly.count ({assembly}),Metric,150
06/08/2026 11:48:57,Npgsql,db.client.operation.npgsql.prepared_ratio[db.client.connection.pool.name=Host=127.0.0.1;Port=5432;Username=postgres;Database=myapp_load;Maximum Pool Size=500],Metric,0
06/08/2026 11:48:57,System.Runtime,dotnet.jit.compiled_methods ({method} / 1 sec),Rate,77
06/08/2026 11:48:58,System.Runtime,dotnet.gc.last_collection.memory.committed_size (By),Metric,140550144
06/08/2026 11:48:58,Npgsql,db.client.connection.npgsql.pending_requests ({request})[db.client.connection.pool.name=Host=127.0.0.1;Port=5432;Username=postgres;Database=myapp_load;Maximum Pool Size=500],Metric,2172
06/08/2026 11:48:58,Npgsql,db.client.connection.max ({connection})[db.client.connection.pool.name=Host=127.0.0.1;Port=5432;Username=postgres;Database=myapp_load;Maximum Pool Size=500],Metric,500
06/08/2026 11:48:58,Npgsql,db.client.connection.count ({connection})[db.client.connection.pool.name=Host=127.0.0.1;Port=5432;Username=postgres;Database=myapp_load;Maximum Pool Size=500;db.client.connection.state=used],Metric,449
06/08/2026 11:48:58,Npgsql,db.client.connection.count ({connection})[db.client.connection.pool.name=Host=127.0.0.1;Port=5432;Username=postgres;Database=myapp_load;Maximum Pool Size=500;db.client.connection.state=idle],Metric,51
06/08/2026 11:48:58,Npgsql,db.client.operation.npgsql.bytes_read (By / 1 sec)[db.client.connection.pool.name=Host=127.0.0.1;Port=5432;Username=postgres;Database=myapp_load;Maximum Pool Size=500],Rate,111294
06/08/2026 11:48:58,System.Runtime,dotnet.gc.collections ({collection} / 1 sec)[gc.heap.generation=gen1],Rate,1
06/08/2026 11:48:58,System.Runtime,dotnet.gc.collections ({collection} / 1 sec)[gc.heap.generation=gen0],Rate,0
06/08/2026 11:48:58,System.Runtime,dotnet.gc.collections ({collection} / 1 sec)[gc.heap.generation=gen2],Rate,0
06/08/2026 11:48:58,Npgsql,db.client.operation.npgsql.executing ({command})[db.client.connection.pool.name=Host=127.0.0.1;Port=5432;Username=postgres;Database=myapp_load;Maximum Pool Size=500],Metric,172
06/08/2026 11:48:58,System.Runtime,dotnet.thread_pool.work_item.count ({work_item} / 1 sec),Rate,3883
06/08/2026 11:48:58,System.Runtime,dotnet.gc.pause.time (s / 1 sec),Rate,0.153939
06/08/2026 11:48:58,System.Runtime,dotnet.timer.count ({timer}),Metric,2625
06/08/2026 11:48:58,System.Runtime,dotnet.jit.compilation.time (s / 1 sec),Rate,0.7613208
06/08/2026 11:48:58,System.Runtime,dotnet.gc.last_collection.heap.size (By)[gc.heap.generation=gen1],Metric,33441280
06/08/2026 11:48:58,System.Runtime,dotnet.gc.last_collection.heap.size (By)[gc.heap.generation=loh],Metric,4626696
06/08/2026 11:48:58,System.Runtime,dotnet.gc.last_collection.heap.size (By)[gc.heap.generation=gen0],Metric,1609336
06/08/2026 11:48:58,System.Runtime,dotnet.gc.last_collection.heap.size (By)[gc.heap.generation=gen2],Metric,46223440
06/08/2026 11:48:58,System.Runtime,dotnet.gc.last_collection.heap.size (By)[gc.heap.generation=poh],Metric,2620880
06/08/2026 11:48:58,System.Runtime,dotnet.process.cpu.time (s / 1 sec)[cpu.mode=user],Rate,1
06/08/2026 11:48:58,System.Runtime,dotnet.process.cpu.time (s / 1 sec)[cpu.mode=system],Rate,0.265625
06/08/2026 11:48:58,Microsoft.AspNetCore.Hosting,http.server.request.duration (s)[http.request.method=GET;http.response.status_code=200;http.route=/orders/{id:int};network.protocol.version=1.1;url.scheme=http;Percentile=50],Metric,1.611328125
06/08/2026 11:48:58,Microsoft.AspNetCore.Hosting,http.server.request.duration (s)[http.request.method=GET;http.response.status_code=200;http.route=/orders/{id:int};network.protocol.version=1.1;url.scheme=http;Percentile=95],Metric,1.8984375
06/08/2026 11:48:58,Microsoft.AspNetCore.Hosting,http.server.request.duration (s)[http.request.method=GET;http.response.status_code=200;http.route=/orders/{id:int};network.protocol.version=1.1;url.scheme=http;Percentile=99],Metric,4.8515625
06/08/2026 11:48:58,Npgsql,db.client.connection.npgsql.create_time (s)[db.client.connection.pool.name=Host=127.0.0.1;Port=5432;Username=postgres;Database=myapp_load;Maximum Pool Size=500;Percentile=50],Metric,4.8359375
06/08/2026 11:48:58,Npgsql,db.client.connection.npgsql.create_time (s)[db.client.connection.pool.name=Host=127.0.0.1;Port=5432;Username=postgres;Database=myapp_load;Maximum Pool Size=500;Percentile=95],Metric,4.8359375
06/08/2026 11:48:58,Npgsql,db.client.connection.npgsql.create_time (s)[db.client.connection.pool.name=Host=127.0.0.1;Port=5432;Username=postgres;Database=myapp_load;Maximum Pool Size=500;Percentile=99],Metric,4.8359375
06/08/2026 11:48:58,System.Runtime,dotnet.jit.compiled_il.size (By / 1 sec),Rate,5697
06/08/2026 11:48:58,System.Runtime,dotnet.gc.heap.total_allocated (By / 1 sec),Rate,21350552
06/08/2026 11:48:58,System.Runtime,dotnet.process.cpu.count ({cpu}),Metric,20
06/08/2026 11:48:58,System.Runtime,dotnet.monitor.lock_contentions ({contention} / 1 sec),Rate,15
06/08/2026 11:48:58,Npgsql,db.client.operation.duration (s)[db.client.connection.pool.name=Host=127.0.0.1;Port=5432;Username=postgres;Database=myapp_load;Maximum Pool Size=500;db.system.name=postgresql;server.address=127.0.0.1;server.port=5432;Percentile=50],Metric,0.31591796875
06/08/2026 11:48:58,Npgsql,db.client.operation.duration (s)[db.client.connection.pool.name=Host=127.0.0.1;Port=5432;Username=postgres;Database=myapp_load;Maximum Pool Size=500;db.system.name=postgresql;server.address=127.0.0.1;server.port=5432;Percentile=95],Metric,0.5361328125
06/08/2026 11:48:58,Npgsql,db.client.operation.duration (s)[db.client.connection.pool.name=Host=127.0.0.1;Port=5432;Username=postgres;Database=myapp_load;Maximum Pool Size=500;db.system.name=postgresql;server.address=127.0.0.1;server.port=5432;Percentile=99],Metric,0.6943359375
06/08/2026 11:48:58,System.Runtime,dotnet.thread_pool.thread.count ({thread} / 1 sec),Rate,0
06/08/2026 11:48:58,System.Runtime,dotnet.exceptions ({exception} / 1 sec)[error.type=SocketException],Rate,0
06/08/2026 11:48:58,System.Runtime,dotnet.exceptions ({exception} / 1 sec)[error.type=HttpRequestException],Rate,0
06/08/2026 11:48:58,System.Runtime,dotnet.gc.last_collection.heap.fragmentation.size (By)[gc.heap.generation=gen1],Metric,4299600
06/08/2026 11:48:58,System.Runtime,dotnet.gc.last_collection.heap.fragmentation.size (By)[gc.heap.generation=loh],Metric,768
06/08/2026 11:48:58,System.Runtime,dotnet.gc.last_collection.heap.fragmentation.size (By)[gc.heap.generation=gen0],Metric,1609152
06/08/2026 11:48:58,System.Runtime,dotnet.gc.last_collection.heap.fragmentation.size (By)[gc.heap.generation=gen2],Metric,13422576
06/08/2026 11:48:58,System.Runtime,dotnet.gc.last_collection.heap.fragmentation.size (By)[gc.heap.generation=poh],Metric,0
06/08/2026 11:48:58,Microsoft.AspNetCore.Hosting,http.server.active_requests ({request})[http.request.method=POST;url.scheme=http],Metric,0
06/08/2026 11:48:58,Microsoft.AspNetCore.Hosting,http.server.active_requests ({request})[http.request.method=GET;url.scheme=http],Metric,2627
06/08/2026 11:48:58,System.Runtime,dotnet.process.memory.working_set (By),Metric,242827264
06/08/2026 11:48:58,System.Runtime,dotnet.thread_pool.queue.length ({work_item} / 1 sec),Rate,146
06/08/2026 11:48:58,Npgsql,db.client.operation.npgsql.bytes_written (By / 1 sec)[db.client.connection.pool.name=Host=127.0.0.1;Port=5432;Username=postgres;Database=myapp_load;Maximum Pool Size=500],Rate,94035
06/08/2026 11:48:58,System.Runtime,dotnet.assembly.count ({assembly}),Metric,150
06/08/2026 11:48:58,Npgsql,db.client.operation.npgsql.prepared_ratio[db.client.connection.pool.name=Host=127.0.0.1;Port=5432;Username=postgres;Database=myapp_load;Maximum Pool Size=500],Metric,0
06/08/2026 11:48:58,System.Runtime,dotnet.jit.compiled_methods ({method} / 1 sec),Rate,84
06/08/2026 11:48:59,System.Runtime,dotnet.gc.last_collection.memory.committed_size (By),Metric,141463552
06/08/2026 11:48:59,Npgsql,db.client.connection.npgsql.pending_requests ({request})[db.client.connection.pool.name=Host=127.0.0.1;Port=5432;Username=postgres;Database=myapp_load;Maximum Pool Size=500],Metric,2942
06/08/2026 11:48:59,Npgsql,db.client.connection.max ({connection})[db.client.connection.pool.name=Host=127.0.0.1;Port=5432;Username=postgres;Database=myapp_load;Maximum Pool Size=500],Metric,500
06/08/2026 11:48:59,Npgsql,db.client.connection.count ({connection})[db.client.connection.pool.name=Host=127.0.0.1;Port=5432;Username=postgres;Database=myapp_load;Maximum Pool Size=500;db.client.connection.state=used],Metric,468
06/08/2026 11:48:59,Npgsql,db.client.connection.count ({connection})[db.client.connection.pool.name=Host=127.0.0.1;Port=5432;Username=postgres;Database=myapp_load;Maximum Pool Size=500;db.client.connection.state=idle],Metric,32
06/08/2026 11:48:59,Npgsql,db.client.operation.npgsql.bytes_read (By / 1 sec)[db.client.connection.pool.name=Host=127.0.0.1;Port=5432;Username=postgres;Database=myapp_load;Maximum Pool Size=500],Rate,244299
06/08/2026 11:48:59,System.Runtime,dotnet.gc.collections ({collection} / 1 sec)[gc.heap.generation=gen1],Rate,0
06/08/2026 11:48:59,System.Runtime,dotnet.gc.collections ({collection} / 1 sec)[gc.heap.generation=gen0],Rate,1
06/08/2026 11:48:59,System.Runtime,dotnet.gc.collections ({collection} / 1 sec)[gc.heap.generation=gen2],Rate,0
06/08/2026 11:48:59,Npgsql,db.client.operation.npgsql.executing ({command})[db.client.connection.pool.name=Host=127.0.0.1;Port=5432;Username=postgres;Database=myapp_load;Maximum Pool Size=500],Metric,222
06/08/2026 11:48:59,System.Runtime,dotnet.thread_pool.work_item.count ({work_item} / 1 sec),Rate,8053
06/08/2026 11:48:59,System.Runtime,dotnet.gc.pause.time (s / 1 sec),Rate,0.08274700000000007
06/08/2026 11:48:59,System.Runtime,dotnet.timer.count ({timer}),Metric,3410
06/08/2026 11:48:59,System.Runtime,dotnet.jit.compilation.time (s / 1 sec),Rate,0.6961761000000024
06/08/2026 11:48:59,System.Runtime,dotnet.gc.last_collection.heap.size (By)[gc.heap.generation=gen1],Metric,82946120
06/08/2026 11:48:59,System.Runtime,dotnet.gc.last_collection.heap.size (By)[gc.heap.generation=loh],Metric,4626696
06/08/2026 11:48:59,System.Runtime,dotnet.gc.last_collection.heap.size (By)[gc.heap.generation=gen0],Metric,0
06/08/2026 11:48:59,System.Runtime,dotnet.gc.last_collection.heap.size (By)[gc.heap.generation=gen2],Metric,46223440
06/08/2026 11:48:59,System.Runtime,dotnet.gc.last_collection.heap.size (By)[gc.heap.generation=poh],Metric,2695040
06/08/2026 11:48:59,System.Runtime,dotnet.process.cpu.time (s / 1 sec)[cpu.mode=user],Rate,1.234375
06/08/2026 11:48:59,System.Runtime,dotnet.process.cpu.time (s / 1 sec)[cpu.mode=system],Rate,0.546875
06/08/2026 11:48:59,Microsoft.AspNetCore.Hosting,http.server.request.duration (s)[http.request.method=GET;http.response.status_code=200;http.route=/orders/{id:int};network.protocol.version=1.1;url.scheme=http;Percentile=50],Metric,1.947265625
06/08/2026 11:48:59,Microsoft.AspNetCore.Hosting,http.server.request.duration (s)[http.request.method=GET;http.response.status_code=200;http.route=/orders/{id:int};network.protocol.version=1.1;url.scheme=http;Percentile=95],Metric,2.14453125
06/08/2026 11:48:59,Microsoft.AspNetCore.Hosting,http.server.request.duration (s)[http.request.method=GET;http.response.status_code=200;http.route=/orders/{id:int};network.protocol.version=1.1;url.scheme=http;Percentile=99],Metric,6.078125
06/08/2026 11:48:59,Npgsql,db.client.connection.npgsql.create_time (s)[db.client.connection.pool.name=Host=127.0.0.1;Port=5432;Username=postgres;Database=myapp_load;Maximum Pool Size=500;Percentile=50],Metric,6.0703125
06/08/2026 11:48:59,Npgsql,db.client.connection.npgsql.create_time (s)[db.client.connection.pool.name=Host=127.0.0.1;Port=5432;Username=postgres;Database=myapp_load;Maximum Pool Size=500;Percentile=95],Metric,6.109375
06/08/2026 11:48:59,Npgsql,db.client.connection.npgsql.create_time (s)[db.client.connection.pool.name=Host=127.0.0.1;Port=5432;Username=postgres;Database=myapp_load;Maximum Pool Size=500;Percentile=99],Metric,6.2578125
06/08/2026 11:48:59,System.Runtime,dotnet.jit.compiled_il.size (By / 1 sec),Rate,12639
06/08/2026 11:48:59,System.Runtime,dotnet.gc.heap.total_allocated (By / 1 sec),Rate,44970600
06/08/2026 11:48:59,System.Runtime,dotnet.process.cpu.count ({cpu}),Metric,20
06/08/2026 11:48:59,System.Runtime,dotnet.monitor.lock_contentions ({contention} / 1 sec),Rate,39
06/08/2026 11:48:59,Npgsql,db.client.operation.duration (s)[db.client.connection.pool.name=Host=127.0.0.1;Port=5432;Username=postgres;Database=myapp_load;Maximum Pool Size=500;db.system.name=postgresql;server.address=127.0.0.1;server.port=5432;Percentile=50],Metric,0.109375
06/08/2026 11:48:59,Npgsql,db.client.operation.duration (s)[db.client.connection.pool.name=Host=127.0.0.1;Port=5432;Username=postgres;Database=myapp_load;Maximum Pool Size=500;db.system.name=postgresql;server.address=127.0.0.1;server.port=5432;Percentile=95],Metric,0.26025390625
06/08/2026 11:48:59,Npgsql,db.client.operation.duration (s)[db.client.connection.pool.name=Host=127.0.0.1;Port=5432;Username=postgres;Database=myapp_load;Maximum Pool Size=500;db.system.name=postgresql;server.address=127.0.0.1;server.port=5432;Percentile=99],Metric,0.5439453125
06/08/2026 11:48:59,System.Runtime,dotnet.thread_pool.thread.count ({thread} / 1 sec),Rate,0
06/08/2026 11:48:59,System.Runtime,dotnet.exceptions ({exception} / 1 sec)[error.type=SocketException],Rate,0
06/08/2026 11:48:59,System.Runtime,dotnet.exceptions ({exception} / 1 sec)[error.type=HttpRequestException],Rate,0
06/08/2026 11:48:59,System.Runtime,dotnet.gc.last_collection.heap.fragmentation.size (By)[gc.heap.generation=gen1],Metric,18365016
06/08/2026 11:48:59,System.Runtime,dotnet.gc.last_collection.heap.fragmentation.size (By)[gc.heap.generation=loh],Metric,768
06/08/2026 11:48:59,System.Runtime,dotnet.gc.last_collection.heap.fragmentation.size (By)[gc.heap.generation=gen0],Metric,0
06/08/2026 11:48:59,System.Runtime,dotnet.gc.last_collection.heap.fragmentation.size (By)[gc.heap.generation=gen2],Metric,13422576
06/08/2026 11:48:59,System.Runtime,dotnet.gc.last_collection.heap.fragmentation.size (By)[gc.heap.generation=poh],Metric,0
06/08/2026 11:48:59,Microsoft.AspNetCore.Hosting,http.server.active_requests ({request})[http.request.method=POST;url.scheme=http],Metric,0
06/08/2026 11:48:59,Microsoft.AspNetCore.Hosting,http.server.active_requests ({request})[http.request.method=GET;url.scheme=http],Metric,3395
06/08/2026 11:48:59,System.Runtime,dotnet.process.memory.working_set (By),Metric,265048064
06/08/2026 11:48:59,System.Runtime,dotnet.thread_pool.queue.length ({work_item} / 1 sec),Rate,-108
06/08/2026 11:48:59,Npgsql,db.client.operation.npgsql.bytes_written (By / 1 sec)[db.client.connection.pool.name=Host=127.0.0.1;Port=5432;Username=postgres;Database=myapp_load;Maximum Pool Size=500],Rate,197437
06/08/2026 11:48:59,System.Runtime,dotnet.assembly.count ({assembly}),Metric,150
06/08/2026 11:48:59,Npgsql,db.client.operation.npgsql.prepared_ratio[db.client.connection.pool.name=Host=127.0.0.1;Port=5432;Username=postgres;Database=myapp_load;Maximum Pool Size=500],Metric,0
06/08/2026 11:48:59,System.Runtime,dotnet.jit.compiled_methods ({method} / 1 sec),Rate,201
06/08/2026 11:49:00,System.Runtime,dotnet.gc.last_collection.memory.committed_size (By),Metric,191143936
06/08/2026 11:49:00,Npgsql,db.client.connection.npgsql.pending_requests ({request})[db.client.connection.pool.name=Host=127.0.0.1;Port=5432;Username=postgres;Database=myapp_load;Maximum Pool Size=500],Metric,3577
06/08/2026 11:49:00,Npgsql,db.client.connection.max ({connection})[db.client.connection.pool.name=Host=127.0.0.1;Port=5432;Username=postgres;Database=myapp_load;Maximum Pool Size=500],Metric,500
06/08/2026 11:49:00,Npgsql,db.client.connection.count ({connection})[db.client.connection.pool.name=Host=127.0.0.1;Port=5432;Username=postgres;Database=myapp_load;Maximum Pool Size=500;db.client.connection.state=used],Metric,500
06/08/2026 11:49:00,Npgsql,db.client.connection.count ({connection})[db.client.connection.pool.name=Host=127.0.0.1;Port=5432;Username=postgres;Database=myapp_load;Maximum Pool Size=500;db.client.connection.state=idle],Metric,0
06/08/2026 11:49:00,Npgsql,db.client.operation.npgsql.bytes_read (By / 1 sec)[db.client.connection.pool.name=Host=127.0.0.1;Port=5432;Username=postgres;Database=myapp_load;Maximum Pool Size=500],Rate,305468
06/08/2026 11:49:00,System.Runtime,dotnet.gc.collections ({collection} / 1 sec)[gc.heap.generation=gen1],Rate,0
06/08/2026 11:49:00,System.Runtime,dotnet.gc.collections ({collection} / 1 sec)[gc.heap.generation=gen0],Rate,1
06/08/2026 11:49:00,System.Runtime,dotnet.gc.collections ({collection} / 1 sec)[gc.heap.generation=gen2],Rate,0
06/08/2026 11:49:00,Npgsql,db.client.operation.npgsql.executing ({command})[db.client.connection.pool.name=Host=127.0.0.1;Port=5432;Username=postgres;Database=myapp_load;Maximum Pool Size=500],Metric,282
06/08/2026 11:49:00,System.Runtime,dotnet.thread_pool.work_item.count ({work_item} / 1 sec),Rate,9817
06/08/2026 11:49:00,System.Runtime,dotnet.gc.pause.time (s / 1 sec),Rate,0.06958599999999993
06/08/2026 11:49:00,System.Runtime,dotnet.timer.count ({timer}),Metric,4081
06/08/2026 11:49:00,System.Runtime,dotnet.jit.compilation.time (s / 1 sec),Rate,0.826128899999997
06/08/2026 11:49:00,System.Runtime,dotnet.gc.last_collection.heap.size (By)[gc.heap.generation=gen1],Metric,132451312
06/08/2026 11:49:00,System.Runtime,dotnet.gc.last_collection.heap.size (By)[gc.heap.generation=loh],Metric,4626696
06/08/2026 11:49:00,System.Runtime,dotnet.gc.last_collection.heap.size (By)[gc.heap.generation=gen0],Metric,0
06/08/2026 11:49:00,System.Runtime,dotnet.gc.last_collection.heap.size (By)[gc.heap.generation=gen2],Metric,46223440
06/08/2026 11:49:00,System.Runtime,dotnet.gc.last_collection.heap.size (By)[gc.heap.generation=poh],Metric,2859840
06/08/2026 11:49:00,System.Runtime,dotnet.process.cpu.time (s / 1 sec)[cpu.mode=user],Rate,1.640625
06/08/2026 11:49:00,System.Runtime,dotnet.process.cpu.time (s / 1 sec)[cpu.mode=system],Rate,0.640625
06/08/2026 11:49:00,Microsoft.AspNetCore.Hosting,http.server.request.duration (s)[http.request.method=GET;http.response.status_code=200;http.route=/orders/{id:int};network.protocol.version=1.1;url.scheme=http;Percentile=50],Metric,1.6328125
06/08/2026 11:49:00,Microsoft.AspNetCore.Hosting,http.server.request.duration (s)[http.request.method=GET;http.response.status_code=200;http.route=/orders/{id:int};network.protocol.version=1.1;url.scheme=http;Percentile=95],Metric,2.30078125
06/08/2026 11:49:00,Microsoft.AspNetCore.Hosting,http.server.request.duration (s)[http.request.method=GET;http.response.status_code=200;http.route=/orders/{id:int};network.protocol.version=1.1;url.scheme=http;Percentile=99],Metric,6.671875
06/08/2026 11:49:00,Npgsql,db.client.connection.npgsql.create_time (s)[db.client.connection.pool.name=Host=127.0.0.1;Port=5432;Username=postgres;Database=myapp_load;Maximum Pool Size=500;Percentile=50],Metric,6.625
06/08/2026 11:49:00,Npgsql,db.client.connection.npgsql.create_time (s)[db.client.connection.pool.name=Host=127.0.0.1;Port=5432;Username=postgres;Database=myapp_load;Maximum Pool Size=500;Percentile=95],Metric,7.0625
06/08/2026 11:49:00,Npgsql,db.client.connection.npgsql.create_time (s)[db.client.connection.pool.name=Host=127.0.0.1;Port=5432;Username=postgres;Database=myapp_load;Maximum Pool Size=500;Percentile=99],Metric,7.09375
06/08/2026 11:49:00,System.Runtime,dotnet.jit.compiled_il.size (By / 1 sec),Rate,31823
06/08/2026 11:49:00,System.Runtime,dotnet.gc.heap.total_allocated (By / 1 sec),Rate,47820016
06/08/2026 11:49:00,System.Runtime,dotnet.process.cpu.count ({cpu}),Metric,20
06/08/2026 11:49:00,System.Runtime,dotnet.monitor.lock_contentions ({contention} / 1 sec),Rate,49
06/08/2026 11:49:00,Npgsql,db.client.operation.duration (s)[db.client.connection.pool.name=Host=127.0.0.1;Port=5432;Username=postgres;Database=myapp_load;Maximum Pool Size=500;db.system.name=postgresql;server.address=127.0.0.1;server.port=5432;Percentile=50],Metric,0.0703125
06/08/2026 11:49:00,Npgsql,db.client.operation.duration (s)[db.client.connection.pool.name=Host=127.0.0.1;Port=5432;Username=postgres;Database=myapp_load;Maximum Pool Size=500;db.system.name=postgresql;server.address=127.0.0.1;server.port=5432;Percentile=95],Metric,0.40869140625
06/08/2026 11:49:00,Npgsql,db.client.operation.duration (s)[db.client.connection.pool.name=Host=127.0.0.1;Port=5432;Username=postgres;Database=myapp_load;Maximum Pool Size=500;db.system.name=postgresql;server.address=127.0.0.1;server.port=5432;Percentile=99],Metric,1.10546875
06/08/2026 11:49:00,System.Runtime,dotnet.thread_pool.thread.count ({thread} / 1 sec),Rate,0
06/08/2026 11:49:00,System.Runtime,dotnet.exceptions ({exception} / 1 sec)[error.type=SocketException],Rate,0
06/08/2026 11:49:00,System.Runtime,dotnet.exceptions ({exception} / 1 sec)[error.type=HttpRequestException],Rate,0
06/08/2026 11:49:00,System.Runtime,dotnet.gc.last_collection.heap.fragmentation.size (By)[gc.heap.generation=gen1],Metric,33289848
06/08/2026 11:49:00,System.Runtime,dotnet.gc.last_collection.heap.fragmentation.size (By)[gc.heap.generation=loh],Metric,768
06/08/2026 11:49:00,System.Runtime,dotnet.gc.last_collection.heap.fragmentation.size (By)[gc.heap.generation=gen0],Metric,0
06/08/2026 11:49:00,System.Runtime,dotnet.gc.last_collection.heap.fragmentation.size (By)[gc.heap.generation=gen2],Metric,13422576
06/08/2026 11:49:00,System.Runtime,dotnet.gc.last_collection.heap.fragmentation.size (By)[gc.heap.generation=poh],Metric,0
06/08/2026 11:49:00,Microsoft.AspNetCore.Hosting,http.server.active_requests ({request})[http.request.method=POST;url.scheme=http],Metric,0
06/08/2026 11:49:00,Microsoft.AspNetCore.Hosting,http.server.active_requests ({request})[http.request.method=GET;url.scheme=http],Metric,4077
06/08/2026 11:49:00,System.Runtime,dotnet.process.memory.working_set (By),Metric,312717312
06/08/2026 11:49:00,System.Runtime,dotnet.thread_pool.queue.length ({work_item} / 1 sec),Rate,-51
06/08/2026 11:49:00,Npgsql,db.client.operation.npgsql.bytes_written (By / 1 sec)[db.client.connection.pool.name=Host=127.0.0.1;Port=5432;Username=postgres;Database=myapp_load;Maximum Pool Size=500],Rate,257698
06/08/2026 11:49:00,System.Runtime,dotnet.assembly.count ({assembly}),Metric,150
06/08/2026 11:49:00,Npgsql,db.client.operation.npgsql.prepared_ratio[db.client.connection.pool.name=Host=127.0.0.1;Port=5432;Username=postgres;Database=myapp_load;Maximum Pool Size=500],Metric,0
06/08/2026 11:49:00,System.Runtime,dotnet.jit.compiled_methods ({method} / 1 sec),Rate,281
06/08/2026 11:49:01,System.Runtime,dotnet.gc.last_collection.memory.committed_size (By),Metric,241475584
06/08/2026 11:49:01,Npgsql,db.client.connection.npgsql.pending_requests ({request})[db.client.connection.pool.name=Host=127.0.0.1;Port=5432;Username=postgres;Database=myapp_load;Maximum Pool Size=500],Metric,3596
06/08/2026 11:49:01,Npgsql,db.client.connection.max ({connection})[db.client.connection.pool.name=Host=127.0.0.1;Port=5432;Username=postgres;Database=myapp_load;Maximum Pool Size=500],Metric,500
06/08/2026 11:49:01,Npgsql,db.client.connection.count ({connection})[db.client.connection.pool.name=Host=127.0.0.1;Port=5432;Username=postgres;Database=myapp_load;Maximum Pool Size=500;db.client.connection.state=used],Metric,500
06/08/2026 11:49:01,Npgsql,db.client.connection.count ({connection})[db.client.connection.pool.name=Host=127.0.0.1;Port=5432;Username=postgres;Database=myapp_load;Maximum Pool Size=500;db.client.connection.state=idle],Metric,0
06/08/2026 11:49:01,Npgsql,db.client.operation.npgsql.bytes_read (By / 1 sec)[db.client.connection.pool.name=Host=127.0.0.1;Port=5432;Username=postgres;Database=myapp_load;Maximum Pool Size=500],Rate,351118
06/08/2026 11:49:01,System.Runtime,dotnet.gc.collections ({collection} / 1 sec)[gc.heap.generation=gen1],Rate,0
06/08/2026 11:49:01,System.Runtime,dotnet.gc.collections ({collection} / 1 sec)[gc.heap.generation=gen0],Rate,1
06/08/2026 11:49:01,System.Runtime,dotnet.gc.collections ({collection} / 1 sec)[gc.heap.generation=gen2],Rate,0
06/08/2026 11:49:01,Npgsql,db.client.operation.npgsql.executing ({command})[db.client.connection.pool.name=Host=127.0.0.1;Port=5432;Username=postgres;Database=myapp_load;Maximum Pool Size=500],Metric,312
06/08/2026 11:49:01,System.Runtime,dotnet.thread_pool.work_item.count ({work_item} / 1 sec),Rate,9021
06/08/2026 11:49:01,System.Runtime,dotnet.gc.pause.time (s / 1 sec),Rate,0.079685
06/08/2026 11:49:01,System.Runtime,dotnet.timer.count ({timer}),Metric,4102
06/08/2026 11:49:01,System.Runtime,dotnet.jit.compilation.time (s / 1 sec),Rate,0.7348858000000007
06/08/2026 11:49:01,System.Runtime,dotnet.gc.last_collection.heap.size (By)[gc.heap.generation=gen1],Metric,181957296
06/08/2026 11:49:01,System.Runtime,dotnet.gc.last_collection.heap.size (By)[gc.heap.generation=loh],Metric,4626696
06/08/2026 11:49:01,System.Runtime,dotnet.gc.last_collection.heap.size (By)[gc.heap.generation=gen0],Metric,0
06/08/2026 11:49:01,System.Runtime,dotnet.gc.last_collection.heap.size (By)[gc.heap.generation=gen2],Metric,46223440
06/08/2026 11:49:01,System.Runtime,dotnet.gc.last_collection.heap.size (By)[gc.heap.generation=poh],Metric,2884560
06/08/2026 11:49:01,System.Runtime,dotnet.process.cpu.time (s / 1 sec)[cpu.mode=user],Rate,1.71875
06/08/2026 11:49:01,System.Runtime,dotnet.process.cpu.time (s / 1 sec)[cpu.mode=system],Rate,0.59375
06/08/2026 11:49:01,Microsoft.AspNetCore.Hosting,http.server.request.duration (s)[http.request.method=GET;http.response.status_code=200;http.route=/orders/{id:int};network.protocol.version=1.1;url.scheme=http;Percentile=50],Metric,1.5859375
06/08/2026 11:49:01,Microsoft.AspNetCore.Hosting,http.server.request.duration (s)[http.request.method=GET;http.response.status_code=200;http.route=/orders/{id:int};network.protocol.version=1.1;url.scheme=http;Percentile=95],Metric,2.0078125
06/08/2026 11:49:01,Microsoft.AspNetCore.Hosting,http.server.request.duration (s)[http.request.method=GET;http.response.status_code=200;http.route=/orders/{id:int};network.protocol.version=1.1;url.scheme=http;Percentile=99],Metric,7.90625
06/08/2026 11:49:01,Npgsql,db.client.connection.npgsql.create_time (s)[db.client.connection.pool.name=Host=127.0.0.1;Port=5432;Username=postgres;Database=myapp_load;Maximum Pool Size=500;Percentile=50],Metric,7.921875
06/08/2026 11:49:01,Npgsql,db.client.connection.npgsql.create_time (s)[db.client.connection.pool.name=Host=127.0.0.1;Port=5432;Username=postgres;Database=myapp_load;Maximum Pool Size=500;Percentile=95],Metric,8.28125
06/08/2026 11:49:01,Npgsql,db.client.connection.npgsql.create_time (s)[db.client.connection.pool.name=Host=127.0.0.1;Port=5432;Username=postgres;Database=myapp_load;Maximum Pool Size=500;Percentile=99],Metric,8.28125
06/08/2026 11:49:01,System.Runtime,dotnet.jit.compiled_il.size (By / 1 sec),Rate,44312
06/08/2026 11:49:01,System.Runtime,dotnet.gc.heap.total_allocated (By / 1 sec),Rate,37916512
06/08/2026 11:49:01,System.Runtime,dotnet.process.cpu.count ({cpu}),Metric,20
06/08/2026 11:49:01,System.Runtime,dotnet.monitor.lock_contentions ({contention} / 1 sec),Rate,55
06/08/2026 11:49:01,Npgsql,db.client.operation.duration (s)[db.client.connection.pool.name=Host=127.0.0.1;Port=5432;Username=postgres;Database=myapp_load;Maximum Pool Size=500;db.system.name=postgresql;server.address=127.0.0.1;server.port=5432;Percentile=50],Metric,0.0679931640625
06/08/2026 11:49:01,Npgsql,db.client.operation.duration (s)[db.client.connection.pool.name=Host=127.0.0.1;Port=5432;Username=postgres;Database=myapp_load;Maximum Pool Size=500;db.system.name=postgresql;server.address=127.0.0.1;server.port=5432;Percentile=95],Metric,0.45361328125
06/08/2026 11:49:01,Npgsql,db.client.operation.duration (s)[db.client.connection.pool.name=Host=127.0.0.1;Port=5432;Username=postgres;Database=myapp_load;Maximum Pool Size=500;db.system.name=postgresql;server.address=127.0.0.1;server.port=5432;Percentile=99],Metric,1.615234375
06/08/2026 11:49:01,System.Runtime,dotnet.thread_pool.thread.count ({thread} / 1 sec),Rate,0
06/08/2026 11:49:01,System.Runtime,dotnet.exceptions ({exception} / 1 sec)[error.type=SocketException],Rate,2
06/08/2026 11:49:01,System.Runtime,dotnet.exceptions ({exception} / 1 sec)[error.type=HttpRequestException],Rate,11
06/08/2026 11:49:01,System.Runtime,dotnet.gc.last_collection.heap.fragmentation.size (By)[gc.heap.generation=gen1],Metric,51059064
06/08/2026 11:49:01,System.Runtime,dotnet.gc.last_collection.heap.fragmentation.size (By)[gc.heap.generation=loh],Metric,768
06/08/2026 11:49:01,System.Runtime,dotnet.gc.last_collection.heap.fragmentation.size (By)[gc.heap.generation=gen0],Metric,0
06/08/2026 11:49:01,System.Runtime,dotnet.gc.last_collection.heap.fragmentation.size (By)[gc.heap.generation=gen2],Metric,13422576
06/08/2026 11:49:01,System.Runtime,dotnet.gc.last_collection.heap.fragmentation.size (By)[gc.heap.generation=poh],Metric,0
06/08/2026 11:49:01,Microsoft.AspNetCore.Hosting,http.server.active_requests ({request})[http.request.method=POST;url.scheme=http],Metric,0
06/08/2026 11:49:01,Microsoft.AspNetCore.Hosting,http.server.active_requests ({request})[http.request.method=GET;url.scheme=http],Metric,4096
06/08/2026 11:49:01,System.Runtime,dotnet.process.memory.working_set (By),Metric,351694848
06/08/2026 11:49:01,System.Runtime,dotnet.thread_pool.queue.length ({work_item} / 1 sec),Rate,-2
06/08/2026 11:49:01,Npgsql,db.client.operation.npgsql.bytes_written (By / 1 sec)[db.client.connection.pool.name=Host=127.0.0.1;Port=5432;Username=postgres;Database=myapp_load;Maximum Pool Size=500],Rate,288497
06/08/2026 11:49:01,System.Runtime,dotnet.assembly.count ({assembly}),Metric,150
06/08/2026 11:49:01,Npgsql,db.client.operation.npgsql.prepared_ratio[db.client.connection.pool.name=Host=127.0.0.1;Port=5432;Username=postgres;Database=myapp_load;Maximum Pool Size=500],Metric,0
06/08/2026 11:49:01,System.Runtime,dotnet.jit.compiled_methods ({method} / 1 sec),Rate,606
06/08/2026 11:49:02,System.Runtime,dotnet.gc.last_collection.memory.committed_size (By),Metric,241475584
06/08/2026 11:49:02,Npgsql,db.client.connection.npgsql.pending_requests ({request})[db.client.connection.pool.name=Host=127.0.0.1;Port=5432;Username=postgres;Database=myapp_load;Maximum Pool Size=500],Metric,3297
06/08/2026 11:49:02,Npgsql,db.client.connection.max ({connection})[db.client.connection.pool.name=Host=127.0.0.1;Port=5432;Username=postgres;Database=myapp_load;Maximum Pool Size=500],Metric,500
06/08/2026 11:49:02,Npgsql,db.client.connection.count ({connection})[db.client.connection.pool.name=Host=127.0.0.1;Port=5432;Username=postgres;Database=myapp_load;Maximum Pool Size=500;db.client.connection.state=used],Metric,500
06/08/2026 11:49:02,Npgsql,db.client.connection.count ({connection})[db.client.connection.pool.name=Host=127.0.0.1;Port=5432;Username=postgres;Database=myapp_load;Maximum Pool Size=500;db.client.connection.state=idle],Metric,0
06/08/2026 11:49:02,Npgsql,db.client.operation.npgsql.bytes_read (By / 1 sec)[db.client.connection.pool.name=Host=127.0.0.1;Port=5432;Username=postgres;Database=myapp_load;Maximum Pool Size=500],Rate,314931
06/08/2026 11:49:02,System.Runtime,dotnet.gc.collections ({collection} / 1 sec)[gc.heap.generation=gen1],Rate,0
06/08/2026 11:49:02,System.Runtime,dotnet.gc.collections ({collection} / 1 sec)[gc.heap.generation=gen0],Rate,0
06/08/2026 11:49:02,System.Runtime,dotnet.gc.collections ({collection} / 1 sec)[gc.heap.generation=gen2],Rate,0
06/08/2026 11:49:02,Npgsql,db.client.operation.npgsql.executing ({command})[db.client.connection.pool.name=Host=127.0.0.1;Port=5432;Username=postgres;Database=myapp_load;Maximum Pool Size=500],Metric,326
06/08/2026 11:49:02,System.Runtime,dotnet.thread_pool.work_item.count ({work_item} / 1 sec),Rate,7840
06/08/2026 11:49:02,System.Runtime,dotnet.gc.pause.time (s / 1 sec),Rate,0
06/08/2026 11:49:02,System.Runtime,dotnet.timer.count ({timer}),Metric,3803
06/08/2026 11:49:02,System.Runtime,dotnet.jit.compilation.time (s / 1 sec),Rate,0.7761093999999993
06/08/2026 11:49:02,System.Runtime,dotnet.gc.last_collection.heap.size (By)[gc.heap.generation=gen1],Metric,181957296
06/08/2026 11:49:02,System.Runtime,dotnet.gc.last_collection.heap.size (By)[gc.heap.generation=loh],Metric,4626696
06/08/2026 11:49:02,System.Runtime,dotnet.gc.last_collection.heap.size (By)[gc.heap.generation=gen0],Metric,0
06/08/2026 11:49:02,System.Runtime,dotnet.gc.last_collection.heap.size (By)[gc.heap.generation=gen2],Metric,46223440
06/08/2026 11:49:02,System.Runtime,dotnet.gc.last_collection.heap.size (By)[gc.heap.generation=poh],Metric,2884560
06/08/2026 11:49:02,System.Runtime,dotnet.process.cpu.time (s / 1 sec)[cpu.mode=user],Rate,0.921875
06/08/2026 11:49:02,System.Runtime,dotnet.process.cpu.time (s / 1 sec)[cpu.mode=system],Rate,0.421875
06/08/2026 11:49:02,Microsoft.AspNetCore.Hosting,http.server.request.duration (s)[http.request.method=GET;http.response.status_code=200;http.route=/orders/{id:int};network.protocol.version=1.1;url.scheme=http;Percentile=50],Metric,1.8359375
06/08/2026 11:49:02,Microsoft.AspNetCore.Hosting,http.server.request.duration (s)[http.request.method=GET;http.response.status_code=200;http.route=/orders/{id:int};network.protocol.version=1.1;url.scheme=http;Percentile=95],Metric,2.34375
06/08/2026 11:49:02,Microsoft.AspNetCore.Hosting,http.server.request.duration (s)[http.request.method=GET;http.response.status_code=200;http.route=/orders/{id:int};network.protocol.version=1.1;url.scheme=http;Percentile=99],Metric,4.1875
06/08/2026 11:49:02,Npgsql,db.client.connection.npgsql.create_time (s)[db.client.connection.pool.name=Host=127.0.0.1;Port=5432;Username=postgres;Database=myapp_load;Maximum Pool Size=500;Percentile=50],Metric,8.796875
06/08/2026 11:49:02,Npgsql,db.client.connection.npgsql.create_time (s)[db.client.connection.pool.name=Host=127.0.0.1;Port=5432;Username=postgres;Database=myapp_load;Maximum Pool Size=500;Percentile=95],Metric,9.28125
06/08/2026 11:49:02,Npgsql,db.client.connection.npgsql.create_time (s)[db.client.connection.pool.name=Host=127.0.0.1;Port=5432;Username=postgres;Database=myapp_load;Maximum Pool Size=500;Percentile=99],Metric,9.28125
06/08/2026 11:49:02,System.Runtime,dotnet.jit.compiled_il.size (By / 1 sec),Rate,34052
06/08/2026 11:49:02,System.Runtime,dotnet.gc.heap.total_allocated (By / 1 sec),Rate,29913792
06/08/2026 11:49:02,System.Runtime,dotnet.process.cpu.count ({cpu}),Metric,20
06/08/2026 11:49:02,System.Runtime,dotnet.monitor.lock_contentions ({contention} / 1 sec),Rate,85
06/08/2026 11:49:02,Npgsql,db.client.operation.duration (s)[db.client.connection.pool.name=Host=127.0.0.1;Port=5432;Username=postgres;Database=myapp_load;Maximum Pool Size=500;db.system.name=postgresql;server.address=127.0.0.1;server.port=5432;Percentile=50],Metric,0.0897216796875
06/08/2026 11:49:02,Npgsql,db.client.operation.duration (s)[db.client.connection.pool.name=Host=127.0.0.1;Port=5432;Username=postgres;Database=myapp_load;Maximum Pool Size=500;db.system.name=postgresql;server.address=127.0.0.1;server.port=5432;Percentile=95],Metric,0.609375
06/08/2026 11:49:02,Npgsql,db.client.operation.duration (s)[db.client.connection.pool.name=Host=127.0.0.1;Port=5432;Username=postgres;Database=myapp_load;Maximum Pool Size=500;db.system.name=postgresql;server.address=127.0.0.1;server.port=5432;Percentile=99],Metric,1.734375
06/08/2026 11:49:02,System.Runtime,dotnet.thread_pool.thread.count ({thread} / 1 sec),Rate,0
06/08/2026 11:49:02,System.Runtime,dotnet.exceptions ({exception} / 1 sec)[error.type=SocketException],Rate,0
06/08/2026 11:49:02,System.Runtime,dotnet.exceptions ({exception} / 1 sec)[error.type=HttpRequestException],Rate,0
06/08/2026 11:49:02,System.Runtime,dotnet.gc.last_collection.heap.fragmentation.size (By)[gc.heap.generation=gen1],Metric,51059064
06/08/2026 11:49:02,System.Runtime,dotnet.gc.last_collection.heap.fragmentation.size (By)[gc.heap.generation=loh],Metric,768
06/08/2026 11:49:02,System.Runtime,dotnet.gc.last_collection.heap.fragmentation.size (By)[gc.heap.generation=gen0],Metric,0
06/08/2026 11:49:02,System.Runtime,dotnet.gc.last_collection.heap.fragmentation.size (By)[gc.heap.generation=gen2],Metric,13422576
06/08/2026 11:49:02,System.Runtime,dotnet.gc.last_collection.heap.fragmentation.size (By)[gc.heap.generation=poh],Metric,0
06/08/2026 11:49:02,Microsoft.AspNetCore.Hosting,http.server.active_requests ({request})[http.request.method=POST;url.scheme=http],Metric,0
06/08/2026 11:49:02,Microsoft.AspNetCore.Hosting,http.server.active_requests ({request})[http.request.method=GET;url.scheme=http],Metric,3797
06/08/2026 11:49:02,System.Runtime,dotnet.process.memory.working_set (By),Metric,382889984
06/08/2026 11:49:02,System.Runtime,dotnet.thread_pool.queue.length ({work_item} / 1 sec),Rate,0
06/08/2026 11:49:02,Npgsql,db.client.operation.npgsql.bytes_written (By / 1 sec)[db.client.connection.pool.name=Host=127.0.0.1;Port=5432;Username=postgres;Database=myapp_load;Maximum Pool Size=500],Rate,262022
06/08/2026 11:49:02,System.Runtime,dotnet.assembly.count ({assembly}),Metric,150
06/08/2026 11:49:02,Npgsql,db.client.operation.npgsql.prepared_ratio[db.client.connection.pool.name=Host=127.0.0.1;Port=5432;Username=postgres;Database=myapp_load;Maximum Pool Size=500],Metric,0
06/08/2026 11:49:02,System.Runtime,dotnet.jit.compiled_methods ({method} / 1 sec),Rate,485
06/08/2026 11:49:03,System.Runtime,dotnet.gc.last_collection.memory.committed_size (By),Metric,291872768
06/08/2026 11:49:03,Npgsql,db.client.connection.npgsql.pending_requests ({request})[db.client.connection.pool.name=Host=127.0.0.1;Port=5432;Username=postgres;Database=myapp_load;Maximum Pool Size=500],Metric,3596
06/08/2026 11:49:03,Npgsql,db.client.connection.max ({connection})[db.client.connection.pool.name=Host=127.0.0.1;Port=5432;Username=postgres;Database=myapp_load;Maximum Pool Size=500],Metric,500
06/08/2026 11:49:03,Npgsql,db.client.connection.count ({connection})[db.client.connection.pool.name=Host=127.0.0.1;Port=5432;Username=postgres;Database=myapp_load;Maximum Pool Size=500;db.client.connection.state=used],Metric,458
06/08/2026 11:49:03,Npgsql,db.client.connection.count ({connection})[db.client.connection.pool.name=Host=127.0.0.1;Port=5432;Username=postgres;Database=myapp_load;Maximum Pool Size=500;db.client.connection.state=idle],Metric,42
06/08/2026 11:49:03,Npgsql,db.client.operation.npgsql.bytes_read (By / 1 sec)[db.client.connection.pool.name=Host=127.0.0.1;Port=5432;Username=postgres;Database=myapp_load;Maximum Pool Size=500],Rate,286690
06/08/2026 11:49:03,System.Runtime,dotnet.gc.collections ({collection} / 1 sec)[gc.heap.generation=gen1],Rate,0
06/08/2026 11:49:03,System.Runtime,dotnet.gc.collections ({collection} / 1 sec)[gc.heap.generation=gen0],Rate,1
06/08/2026 11:49:03,System.Runtime,dotnet.gc.collections ({collection} / 1 sec)[gc.heap.generation=gen2],Rate,0
06/08/2026 11:49:03,Npgsql,db.client.operation.npgsql.executing ({command})[db.client.connection.pool.name=Host=127.0.0.1;Port=5432;Username=postgres;Database=myapp_load;Maximum Pool Size=500],Metric,281
06/08/2026 11:49:03,System.Runtime,dotnet.thread_pool.work_item.count ({work_item} / 1 sec),Rate,7744
06/08/2026 11:49:03,System.Runtime,dotnet.gc.pause.time (s / 1 sec),Rate,0.15925200000000006
06/08/2026 11:49:03,System.Runtime,dotnet.timer.count ({timer}),Metric,4051
06/08/2026 11:49:03,System.Runtime,dotnet.jit.compilation.time (s / 1 sec),Rate,0.8298935000000007
06/08/2026 11:49:03,System.Runtime,dotnet.gc.last_collection.heap.size (By)[gc.heap.generation=gen1],Metric,209108712
06/08/2026 11:49:03,System.Runtime,dotnet.gc.last_collection.heap.size (By)[gc.heap.generation=loh],Metric,4626696
06/08/2026 11:49:03,System.Runtime,dotnet.gc.last_collection.heap.size (By)[gc.heap.generation=gen0],Metric,3326344
06/08/2026 11:49:03,System.Runtime,dotnet.gc.last_collection.heap.size (By)[gc.heap.generation=gen2],Metric,46223440
06/08/2026 11:49:03,System.Runtime,dotnet.gc.last_collection.heap.size (By)[gc.heap.generation=poh],Metric,2946360
06/08/2026 11:49:03,System.Runtime,dotnet.process.cpu.time (s / 1 sec)[cpu.mode=user],Rate,1.21875
06/08/2026 11:49:03,System.Runtime,dotnet.process.cpu.time (s / 1 sec)[cpu.mode=system],Rate,0.28125
06/08/2026 11:49:03,Microsoft.AspNetCore.Hosting,http.server.request.duration (s)[http.request.method=GET;http.response.status_code=200;http.route=/orders/{id:int};network.protocol.version=1.1;url.scheme=http;Percentile=50],Metric,2.09765625
06/08/2026 11:49:03,Microsoft.AspNetCore.Hosting,http.server.request.duration (s)[http.request.method=GET;http.response.status_code=200;http.route=/orders/{id:int};network.protocol.version=1.1;url.scheme=http;Percentile=95],Metric,2.55078125
06/08/2026 11:49:03,Microsoft.AspNetCore.Hosting,http.server.request.duration (s)[http.request.method=GET;http.response.status_code=200;http.route=/orders/{id:int};network.protocol.version=1.1;url.scheme=http;Percentile=99],Metric,9.515625
06/08/2026 11:49:03,Npgsql,db.client.connection.npgsql.create_time (s)[db.client.connection.pool.name=Host=127.0.0.1;Port=5432;Username=postgres;Database=myapp_load;Maximum Pool Size=500;Percentile=50],Metric,9.765625
06/08/2026 11:49:03,Npgsql,db.client.connection.npgsql.create_time (s)[db.client.connection.pool.name=Host=127.0.0.1;Port=5432;Username=postgres;Database=myapp_load;Maximum Pool Size=500;Percentile=95],Metric,9.8125
06/08/2026 11:49:03,Npgsql,db.client.connection.npgsql.create_time (s)[db.client.connection.pool.name=Host=127.0.0.1;Port=5432;Username=postgres;Database=myapp_load;Maximum Pool Size=500;Percentile=99],Metric,9.8125
06/08/2026 11:49:03,System.Runtime,dotnet.jit.compiled_il.size (By / 1 sec),Rate,16329
06/08/2026 11:49:03,System.Runtime,dotnet.gc.heap.total_allocated (By / 1 sec),Rate,34831240
06/08/2026 11:49:03,System.Runtime,dotnet.process.cpu.count ({cpu}),Metric,20
06/08/2026 11:49:03,System.Runtime,dotnet.monitor.lock_contentions ({contention} / 1 sec),Rate,20
06/08/2026 11:49:03,Npgsql,db.client.operation.duration (s)[db.client.connection.pool.name=Host=127.0.0.1;Port=5432;Username=postgres;Database=myapp_load;Maximum Pool Size=500;db.system.name=postgresql;server.address=127.0.0.1;server.port=5432;Percentile=50],Metric,0.137939453125
06/08/2026 11:49:03,Npgsql,db.client.operation.duration (s)[db.client.connection.pool.name=Host=127.0.0.1;Port=5432;Username=postgres;Database=myapp_load;Maximum Pool Size=500;db.system.name=postgresql;server.address=127.0.0.1;server.port=5432;Percentile=95],Metric,0.5986328125
06/08/2026 11:49:03,Npgsql,db.client.operation.duration (s)[db.client.connection.pool.name=Host=127.0.0.1;Port=5432;Username=postgres;Database=myapp_load;Maximum Pool Size=500;db.system.name=postgresql;server.address=127.0.0.1;server.port=5432;Percentile=99],Metric,1.548828125
06/08/2026 11:49:03,System.Runtime,dotnet.thread_pool.thread.count ({thread} / 1 sec),Rate,0
06/08/2026 11:49:03,System.Runtime,dotnet.exceptions ({exception} / 1 sec)[error.type=SocketException],Rate,0
06/08/2026 11:49:03,System.Runtime,dotnet.exceptions ({exception} / 1 sec)[error.type=HttpRequestException],Rate,0
06/08/2026 11:49:03,System.Runtime,dotnet.gc.last_collection.heap.fragmentation.size (By)[gc.heap.generation=gen1],Metric,46710656
06/08/2026 11:49:03,System.Runtime,dotnet.gc.last_collection.heap.fragmentation.size (By)[gc.heap.generation=loh],Metric,768
06/08/2026 11:49:03,System.Runtime,dotnet.gc.last_collection.heap.fragmentation.size (By)[gc.heap.generation=gen0],Metric,3326296
06/08/2026 11:49:03,System.Runtime,dotnet.gc.last_collection.heap.fragmentation.size (By)[gc.heap.generation=gen2],Metric,13422576
06/08/2026 11:49:03,System.Runtime,dotnet.gc.last_collection.heap.fragmentation.size (By)[gc.heap.generation=poh],Metric,0
06/08/2026 11:49:03,Microsoft.AspNetCore.Hosting,http.server.active_requests ({request})[http.request.method=POST;url.scheme=http],Metric,0
06/08/2026 11:49:03,Microsoft.AspNetCore.Hosting,http.server.active_requests ({request})[http.request.method=GET;url.scheme=http],Metric,4038
06/08/2026 11:49:03,System.Runtime,dotnet.process.memory.working_set (By),Metric,400633856
06/08/2026 11:49:03,System.Runtime,dotnet.thread_pool.queue.length ({work_item} / 1 sec),Rate,68
06/08/2026 11:49:03,Npgsql,db.client.operation.npgsql.bytes_written (By / 1 sec)[db.client.connection.pool.name=Host=127.0.0.1;Port=5432;Username=postgres;Database=myapp_load;Maximum Pool Size=500],Rate,234977
06/08/2026 11:49:03,System.Runtime,dotnet.assembly.count ({assembly}),Metric,150
06/08/2026 11:49:03,Npgsql,db.client.operation.npgsql.prepared_ratio[db.client.connection.pool.name=Host=127.0.0.1;Port=5432;Username=postgres;Database=myapp_load;Maximum Pool Size=500],Metric,0
06/08/2026 11:49:03,System.Runtime,dotnet.jit.compiled_methods ({method} / 1 sec),Rate,173
06/08/2026 11:49:04,System.Runtime,dotnet.gc.last_collection.memory.committed_size (By),Metric,317104128
06/08/2026 11:49:04,Npgsql,db.client.connection.npgsql.pending_requests ({request})[db.client.connection.pool.name=Host=127.0.0.1;Port=5432;Username=postgres;Database=myapp_load;Maximum Pool Size=500],Metric,3592
06/08/2026 11:49:04,Npgsql,db.client.connection.max ({connection})[db.client.connection.pool.name=Host=127.0.0.1;Port=5432;Username=postgres;Database=myapp_load;Maximum Pool Size=500],Metric,500
06/08/2026 11:49:04,Npgsql,db.client.connection.count ({connection})[db.client.connection.pool.name=Host=127.0.0.1;Port=5432;Username=postgres;Database=myapp_load;Maximum Pool Size=500;db.client.connection.state=used],Metric,456
06/08/2026 11:49:04,Npgsql,db.client.connection.count ({connection})[db.client.connection.pool.name=Host=127.0.0.1;Port=5432;Username=postgres;Database=myapp_load;Maximum Pool Size=500;db.client.connection.state=idle],Metric,44
06/08/2026 11:49:04,Npgsql,db.client.operation.npgsql.bytes_read (By / 1 sec)[db.client.connection.pool.name=Host=127.0.0.1;Port=5432;Username=postgres;Database=myapp_load;Maximum Pool Size=500],Rate,370724
06/08/2026 11:49:04,System.Runtime,dotnet.gc.collections ({collection} / 1 sec)[gc.heap.generation=gen1],Rate,0
06/08/2026 11:49:04,System.Runtime,dotnet.gc.collections ({collection} / 1 sec)[gc.heap.generation=gen0],Rate,1
06/08/2026 11:49:04,System.Runtime,dotnet.gc.collections ({collection} / 1 sec)[gc.heap.generation=gen2],Rate,0
06/08/2026 11:49:04,Npgsql,db.client.operation.npgsql.executing ({command})[db.client.connection.pool.name=Host=127.0.0.1;Port=5432;Username=postgres;Database=myapp_load;Maximum Pool Size=500],Metric,308
06/08/2026 11:49:04,System.Runtime,dotnet.thread_pool.work_item.count ({work_item} / 1 sec),Rate,9634
06/08/2026 11:49:04,System.Runtime,dotnet.gc.pause.time (s / 1 sec),Rate,0.08053199999999994
06/08/2026 11:49:04,System.Runtime,dotnet.timer.count ({timer}),Metric,4053
06/08/2026 11:49:04,System.Runtime,dotnet.jit.compilation.time (s / 1 sec),Rate,0.749251000000001
06/08/2026 11:49:04,System.Runtime,dotnet.gc.last_collection.heap.size (By)[gc.heap.generation=gen1],Metric,258614024
06/08/2026 11:49:04,System.Runtime,dotnet.gc.last_collection.heap.size (By)[gc.heap.generation=loh],Metric,4626696
06/08/2026 11:49:04,System.Runtime,dotnet.gc.last_collection.heap.size (By)[gc.heap.generation=gen0],Metric,0
06/08/2026 11:49:04,System.Runtime,dotnet.gc.last_collection.heap.size (By)[gc.heap.generation=gen2],Metric,46223440
06/08/2026 11:49:04,System.Runtime,dotnet.gc.last_collection.heap.size (By)[gc.heap.generation=poh],Metric,2991680
06/08/2026 11:49:04,System.Runtime,dotnet.process.cpu.time (s / 1 sec)[cpu.mode=user],Rate,1.140625
06/08/2026 11:49:04,System.Runtime,dotnet.process.cpu.time (s / 1 sec)[cpu.mode=system],Rate,0.5
06/08/2026 11:49:04,Microsoft.AspNetCore.Hosting,http.server.request.duration (s)[http.request.method=GET;http.response.status_code=200;http.route=/orders/{id:int};network.protocol.version=1.1;url.scheme=http;Percentile=50],Metric,2.0390625
06/08/2026 11:49:04,Microsoft.AspNetCore.Hosting,http.server.request.duration (s)[http.request.method=GET;http.response.status_code=200;http.route=/orders/{id:int};network.protocol.version=1.1;url.scheme=http;Percentile=95],Metric,2.359375
06/08/2026 11:49:04,Microsoft.AspNetCore.Hosting,http.server.request.duration (s)[http.request.method=GET;http.response.status_code=200;http.route=/orders/{id:int};network.protocol.version=1.1;url.scheme=http;Percentile=99],Metric,3.1328125
06/08/2026 11:49:04,Npgsql,db.client.connection.npgsql.create_time (s)[db.client.connection.pool.name=Host=127.0.0.1;Port=5432;Username=postgres;Database=myapp_load;Maximum Pool Size=500;Percentile=50],Metric,10.96875
06/08/2026 11:49:04,Npgsql,db.client.connection.npgsql.create_time (s)[db.client.connection.pool.name=Host=127.0.0.1;Port=5432;Username=postgres;Database=myapp_load;Maximum Pool Size=500;Percentile=95],Metric,11.1875
06/08/2026 11:49:04,Npgsql,db.client.connection.npgsql.create_time (s)[db.client.connection.pool.name=Host=127.0.0.1;Port=5432;Username=postgres;Database=myapp_load;Maximum Pool Size=500;Percentile=99],Metric,11.1875
06/08/2026 11:49:04,System.Runtime,dotnet.jit.compiled_il.size (By / 1 sec),Rate,16248
06/08/2026 11:49:04,System.Runtime,dotnet.gc.heap.total_allocated (By / 1 sec),Rate,40403016
06/08/2026 11:49:04,System.Runtime,dotnet.process.cpu.count ({cpu}),Metric,20
06/08/2026 11:49:04,System.Runtime,dotnet.monitor.lock_contentions ({contention} / 1 sec),Rate,34
06/08/2026 11:49:04,Npgsql,db.client.operation.duration (s)[db.client.connection.pool.name=Host=127.0.0.1;Port=5432;Username=postgres;Database=myapp_load;Maximum Pool Size=500;db.system.name=postgresql;server.address=127.0.0.1;server.port=5432;Percentile=50],Metric,0.1201171875
06/08/2026 11:49:04,Npgsql,db.client.operation.duration (s)[db.client.connection.pool.name=Host=127.0.0.1;Port=5432;Username=postgres;Database=myapp_load;Maximum Pool Size=500;db.system.name=postgresql;server.address=127.0.0.1;server.port=5432;Percentile=95],Metric,0.408203125
06/08/2026 11:49:04,Npgsql,db.client.operation.duration (s)[db.client.connection.pool.name=Host=127.0.0.1;Port=5432;Username=postgres;Database=myapp_load;Maximum Pool Size=500;db.system.name=postgresql;server.address=127.0.0.1;server.port=5432;Percentile=99],Metric,1.048828125
06/08/2026 11:49:04,System.Runtime,dotnet.thread_pool.thread.count ({thread} / 1 sec),Rate,0
06/08/2026 11:49:04,System.Runtime,dotnet.exceptions ({exception} / 1 sec)[error.type=SocketException],Rate,0
06/08/2026 11:49:04,System.Runtime,dotnet.exceptions ({exception} / 1 sec)[error.type=HttpRequestException],Rate,0
06/08/2026 11:49:04,System.Runtime,dotnet.gc.last_collection.heap.fragmentation.size (By)[gc.heap.generation=gen1],Metric,64851088
06/08/2026 11:49:04,System.Runtime,dotnet.gc.last_collection.heap.fragmentation.size (By)[gc.heap.generation=loh],Metric,768
06/08/2026 11:49:04,System.Runtime,dotnet.gc.last_collection.heap.fragmentation.size (By)[gc.heap.generation=gen0],Metric,0
06/08/2026 11:49:04,System.Runtime,dotnet.gc.last_collection.heap.fragmentation.size (By)[gc.heap.generation=gen2],Metric,13422576
06/08/2026 11:49:04,System.Runtime,dotnet.gc.last_collection.heap.fragmentation.size (By)[gc.heap.generation=poh],Metric,0
06/08/2026 11:49:04,Microsoft.AspNetCore.Hosting,http.server.active_requests ({request})[http.request.method=POST;url.scheme=http],Metric,0
06/08/2026 11:49:04,Microsoft.AspNetCore.Hosting,http.server.active_requests ({request})[http.request.method=GET;url.scheme=http],Metric,4034
06/08/2026 11:49:04,System.Runtime,dotnet.process.memory.working_set (By),Metric,438444032
06/08/2026 11:49:04,System.Runtime,dotnet.thread_pool.queue.length ({work_item} / 1 sec),Rate,-8
06/08/2026 11:49:04,Npgsql,db.client.operation.npgsql.bytes_written (By / 1 sec)[db.client.connection.pool.name=Host=127.0.0.1;Port=5432;Username=postgres;Database=myapp_load;Maximum Pool Size=500],Rate,310056
06/08/2026 11:49:04,System.Runtime,dotnet.assembly.count ({assembly}),Metric,150
06/08/2026 11:49:04,Npgsql,db.client.operation.npgsql.prepared_ratio[db.client.connection.pool.name=Host=127.0.0.1;Port=5432;Username=postgres;Database=myapp_load;Maximum Pool Size=500],Metric,0
06/08/2026 11:49:04,System.Runtime,dotnet.jit.compiled_methods ({method} / 1 sec),Rate,200
06/08/2026 11:49:05,System.Runtime,dotnet.gc.last_collection.memory.committed_size (By),Metric,226037760
06/08/2026 11:49:05,Npgsql,db.client.connection.npgsql.pending_requests ({request})[db.client.connection.pool.name=Host=127.0.0.1;Port=5432;Username=postgres;Database=myapp_load;Maximum Pool Size=500],Metric,3344
06/08/2026 11:49:05,Npgsql,db.client.connection.max ({connection})[db.client.connection.pool.name=Host=127.0.0.1;Port=5432;Username=postgres;Database=myapp_load;Maximum Pool Size=500],Metric,500
06/08/2026 11:49:05,Npgsql,db.client.connection.count ({connection})[db.client.connection.pool.name=Host=127.0.0.1;Port=5432;Username=postgres;Database=myapp_load;Maximum Pool Size=500;db.client.connection.state=used],Metric,439
06/08/2026 11:49:05,Npgsql,db.client.connection.count ({connection})[db.client.connection.pool.name=Host=127.0.0.1;Port=5432;Username=postgres;Database=myapp_load;Maximum Pool Size=500;db.client.connection.state=idle],Metric,61
06/08/2026 11:49:05,Npgsql,db.client.operation.npgsql.bytes_read (By / 1 sec)[db.client.connection.pool.name=Host=127.0.0.1;Port=5432;Username=postgres;Database=myapp_load;Maximum Pool Size=500],Rate,367079
06/08/2026 11:49:05,System.Runtime,dotnet.gc.collections ({collection} / 1 sec)[gc.heap.generation=gen1],Rate,1
06/08/2026 11:49:05,System.Runtime,dotnet.gc.collections ({collection} / 1 sec)[gc.heap.generation=gen0],Rate,0
06/08/2026 11:49:05,System.Runtime,dotnet.gc.collections ({collection} / 1 sec)[gc.heap.generation=gen2],Rate,1
06/08/2026 11:49:05,Npgsql,db.client.operation.npgsql.executing ({command})[db.client.connection.pool.name=Host=127.0.0.1;Port=5432;Username=postgres;Database=myapp_load;Maximum Pool Size=500],Metric,292
06/08/2026 11:49:05,System.Runtime,dotnet.thread_pool.work_item.count ({work_item} / 1 sec),Rate,9361
06/08/2026 11:49:05,System.Runtime,dotnet.gc.pause.time (s / 1 sec),Rate,0.22031599999999996
06/08/2026 11:49:05,System.Runtime,dotnet.timer.count ({timer}),Metric,3784
06/08/2026 11:49:05,System.Runtime,dotnet.jit.compilation.time (s / 1 sec),Rate,0.8296750999999993
06/08/2026 11:49:05,System.Runtime,dotnet.gc.last_collection.heap.size (By)[gc.heap.generation=gen1],Metric,29626968
06/08/2026 11:49:05,System.Runtime,dotnet.gc.last_collection.heap.size (By)[gc.heap.generation=loh],Metric,4626696
06/08/2026 11:49:05,System.Runtime,dotnet.gc.last_collection.heap.size (By)[gc.heap.generation=gen0],Metric,0
06/08/2026 11:49:05,System.Runtime,dotnet.gc.last_collection.heap.size (By)[gc.heap.generation=gen2],Metric,69053808
06/08/2026 11:49:05,System.Runtime,dotnet.gc.last_collection.heap.size (By)[gc.heap.generation=poh],Metric,3123520
06/08/2026 11:49:05,System.Runtime,dotnet.process.cpu.time (s / 1 sec)[cpu.mode=user],Rate,1.484375
06/08/2026 11:49:05,System.Runtime,dotnet.process.cpu.time (s / 1 sec)[cpu.mode=system],Rate,0.578125
06/08/2026 11:49:05,Microsoft.AspNetCore.Hosting,http.server.request.duration (s)[http.request.method=GET;http.response.status_code=200;http.route=/orders/{id:int};network.protocol.version=1.1;url.scheme=http;Percentile=50],Metric,1.78515625
06/08/2026 11:49:05,Microsoft.AspNetCore.Hosting,http.server.request.duration (s)[http.request.method=GET;http.response.status_code=200;http.route=/orders/{id:int};network.protocol.version=1.1;url.scheme=http;Percentile=95],Metric,2.05859375
06/08/2026 11:49:05,Microsoft.AspNetCore.Hosting,http.server.request.duration (s)[http.request.method=GET;http.response.status_code=200;http.route=/orders/{id:int};network.protocol.version=1.1;url.scheme=http;Percentile=99],Metric,2.88671875
06/08/2026 11:49:05,Npgsql,db.client.connection.npgsql.create_time (s)[db.client.connection.pool.name=Host=127.0.0.1;Port=5432;Username=postgres;Database=myapp_load;Maximum Pool Size=500;Percentile=50],Metric,11.109375
06/08/2026 11:49:05,Npgsql,db.client.connection.npgsql.create_time (s)[db.client.connection.pool.name=Host=127.0.0.1;Port=5432;Username=postgres;Database=myapp_load;Maximum Pool Size=500;Percentile=95],Metric,11.109375
06/08/2026 11:49:05,Npgsql,db.client.connection.npgsql.create_time (s)[db.client.connection.pool.name=Host=127.0.0.1;Port=5432;Username=postgres;Database=myapp_load;Maximum Pool Size=500;Percentile=99],Metric,11.109375
06/08/2026 11:49:05,System.Runtime,dotnet.jit.compiled_il.size (By / 1 sec),Rate,21910
06/08/2026 11:49:05,System.Runtime,dotnet.gc.heap.total_allocated (By / 1 sec),Rate,36466216
06/08/2026 11:49:05,System.Runtime,dotnet.process.cpu.count ({cpu}),Metric,20
06/08/2026 11:49:05,System.Runtime,dotnet.monitor.lock_contentions ({contention} / 1 sec),Rate,44
06/08/2026 11:49:05,Npgsql,db.client.operation.duration (s)[db.client.connection.pool.name=Host=127.0.0.1;Port=5432;Username=postgres;Database=myapp_load;Maximum Pool Size=500;db.system.name=postgresql;server.address=127.0.0.1;server.port=5432;Percentile=50],Metric,0.0770263671875
06/08/2026 11:49:05,Npgsql,db.client.operation.duration (s)[db.client.connection.pool.name=Host=127.0.0.1;Port=5432;Username=postgres;Database=myapp_load;Maximum Pool Size=500;db.system.name=postgresql;server.address=127.0.0.1;server.port=5432;Percentile=95],Metric,0.2880859375
06/08/2026 11:49:05,Npgsql,db.client.operation.duration (s)[db.client.connection.pool.name=Host=127.0.0.1;Port=5432;Username=postgres;Database=myapp_load;Maximum Pool Size=500;db.system.name=postgresql;server.address=127.0.0.1;server.port=5432;Percentile=99],Metric,1.03125
06/08/2026 11:49:05,System.Runtime,dotnet.thread_pool.thread.count ({thread} / 1 sec),Rate,0
06/08/2026 11:49:05,System.Runtime,dotnet.exceptions ({exception} / 1 sec)[error.type=SocketException],Rate,4
06/08/2026 11:49:05,System.Runtime,dotnet.exceptions ({exception} / 1 sec)[error.type=HttpRequestException],Rate,23
06/08/2026 11:49:05,System.Runtime,dotnet.gc.last_collection.heap.fragmentation.size (By)[gc.heap.generation=gen1],Metric,410808
06/08/2026 11:49:05,System.Runtime,dotnet.gc.last_collection.heap.fragmentation.size (By)[gc.heap.generation=loh],Metric,768
06/08/2026 11:49:05,System.Runtime,dotnet.gc.last_collection.heap.fragmentation.size (By)[gc.heap.generation=gen0],Metric,0
06/08/2026 11:49:05,System.Runtime,dotnet.gc.last_collection.heap.fragmentation.size (By)[gc.heap.generation=gen2],Metric,118784
06/08/2026 11:49:05,System.Runtime,dotnet.gc.last_collection.heap.fragmentation.size (By)[gc.heap.generation=poh],Metric,0
06/08/2026 11:49:05,Microsoft.AspNetCore.Hosting,http.server.active_requests ({request})[http.request.method=POST;url.scheme=http],Metric,0
06/08/2026 11:49:05,Microsoft.AspNetCore.Hosting,http.server.active_requests ({request})[http.request.method=GET;url.scheme=http],Metric,3780
06/08/2026 11:49:05,System.Runtime,dotnet.process.memory.working_set (By),Metric,478437376
06/08/2026 11:49:05,System.Runtime,dotnet.thread_pool.queue.length ({work_item} / 1 sec),Rate,20
06/08/2026 11:49:05,Npgsql,db.client.operation.npgsql.bytes_written (By / 1 sec)[db.client.connection.pool.name=Host=127.0.0.1;Port=5432;Username=postgres;Database=myapp_load;Maximum Pool Size=500],Rate,306274
06/08/2026 11:49:05,System.Runtime,dotnet.assembly.count ({assembly}),Metric,150
06/08/2026 11:49:05,Npgsql,db.client.operation.npgsql.prepared_ratio[db.client.connection.pool.name=Host=127.0.0.1;Port=5432;Username=postgres;Database=myapp_load;Maximum Pool Size=500],Metric,0
06/08/2026 11:49:05,System.Runtime,dotnet.jit.compiled_methods ({method} / 1 sec),Rate,203
06/08/2026 11:49:06,System.Runtime,dotnet.gc.last_collection.memory.committed_size (By),Metric,224137216
06/08/2026 11:49:06,Npgsql,db.client.connection.npgsql.pending_requests ({request})[db.client.connection.pool.name=Host=127.0.0.1;Port=5432;Username=postgres;Database=myapp_load;Maximum Pool Size=500],Metric,3596
06/08/2026 11:49:06,Npgsql,db.client.connection.max ({connection})[db.client.connection.pool.name=Host=127.0.0.1;Port=5432;Username=postgres;Database=myapp_load;Maximum Pool Size=500],Metric,500
06/08/2026 11:49:06,Npgsql,db.client.connection.count ({connection})[db.client.connection.pool.name=Host=127.0.0.1;Port=5432;Username=postgres;Database=myapp_load;Maximum Pool Size=500;db.client.connection.state=used],Metric,500
06/08/2026 11:49:06,Npgsql,db.client.connection.count ({connection})[db.client.connection.pool.name=Host=127.0.0.1;Port=5432;Username=postgres;Database=myapp_load;Maximum Pool Size=500;db.client.connection.state=idle],Metric,0
06/08/2026 11:49:06,Npgsql,db.client.operation.npgsql.bytes_read (By / 1 sec)[db.client.connection.pool.name=Host=127.0.0.1;Port=5432;Username=postgres;Database=myapp_load;Maximum Pool Size=500],Rate,161456
06/08/2026 11:49:06,System.Runtime,dotnet.gc.collections ({collection} / 1 sec)[gc.heap.generation=gen1],Rate,0
06/08/2026 11:49:06,System.Runtime,dotnet.gc.collections ({collection} / 1 sec)[gc.heap.generation=gen0],Rate,0
06/08/2026 11:49:06,System.Runtime,dotnet.gc.collections ({collection} / 1 sec)[gc.heap.generation=gen2],Rate,0
06/08/2026 11:49:06,Npgsql,db.client.operation.npgsql.executing ({command})[db.client.connection.pool.name=Host=127.0.0.1;Port=5432;Username=postgres;Database=myapp_load;Maximum Pool Size=500],Metric,366
06/08/2026 11:49:06,System.Runtime,dotnet.thread_pool.work_item.count ({work_item} / 1 sec),Rate,4953
06/08/2026 11:49:06,System.Runtime,dotnet.gc.pause.time (s / 1 sec),Rate,0.06834300000000004
06/08/2026 11:49:06,System.Runtime,dotnet.timer.count ({timer}),Metric,4101
06/08/2026 11:49:06,System.Runtime,dotnet.jit.compilation.time (s / 1 sec),Rate,0.5484183999999992
06/08/2026 11:49:06,System.Runtime,dotnet.gc.last_collection.heap.size (By)[gc.heap.generation=gen1],Metric,29626968
06/08/2026 11:49:06,System.Runtime,dotnet.gc.last_collection.heap.size (By)[gc.heap.generation=loh],Metric,4626696
06/08/2026 11:49:06,System.Runtime,dotnet.gc.last_collection.heap.size (By)[gc.heap.generation=gen0],Metric,12722504
06/08/2026 11:49:06,System.Runtime,dotnet.gc.last_collection.heap.size (By)[gc.heap.generation=gen2],Metric,69053624
06/08/2026 11:49:06,System.Runtime,dotnet.gc.last_collection.heap.size (By)[gc.heap.generation=poh],Metric,3296560
06/08/2026 11:49:06,System.Runtime,dotnet.process.cpu.time (s / 1 sec)[cpu.mode=user],Rate,0.796875
06/08/2026 11:49:06,System.Runtime,dotnet.process.cpu.time (s / 1 sec)[cpu.mode=system],Rate,0.265625
06/08/2026 11:49:06,Microsoft.AspNetCore.Hosting,http.server.request.duration (s)[http.request.method=GET;http.response.status_code=200;http.route=/orders/{id:int};network.protocol.version=1.1;url.scheme=http;Percentile=50],Metric,2.10546875
06/08/2026 11:49:06,Microsoft.AspNetCore.Hosting,http.server.request.duration (s)[http.request.method=GET;http.response.status_code=200;http.route=/orders/{id:int};network.protocol.version=1.1;url.scheme=http;Percentile=95],Metric,3.125
06/08/2026 11:49:06,Microsoft.AspNetCore.Hosting,http.server.request.duration (s)[http.request.method=GET;http.response.status_code=200;http.route=/orders/{id:int};network.protocol.version=1.1;url.scheme=http;Percentile=99],Metric,12.296875
06/08/2026 11:49:06,Npgsql,db.client.connection.npgsql.create_time (s)[db.client.connection.pool.name=Host=127.0.0.1;Port=5432;Username=postgres;Database=myapp_load;Maximum Pool Size=500;Percentile=50],Metric,12.296875
06/08/2026 11:49:06,Npgsql,db.client.connection.npgsql.create_time (s)[db.client.connection.pool.name=Host=127.0.0.1;Port=5432;Username=postgres;Database=myapp_load;Maximum Pool Size=500;Percentile=95],Metric,12.5
06/08/2026 11:49:06,Npgsql,db.client.connection.npgsql.create_time (s)[db.client.connection.pool.name=Host=127.0.0.1;Port=5432;Username=postgres;Database=myapp_load;Maximum Pool Size=500;Percentile=99],Metric,12.5
06/08/2026 11:49:06,System.Runtime,dotnet.jit.compiled_il.size (By / 1 sec),Rate,6355
06/08/2026 11:49:06,System.Runtime,dotnet.gc.heap.total_allocated (By / 1 sec),Rate,22647728
06/08/2026 11:49:06,System.Runtime,dotnet.process.cpu.count ({cpu}),Metric,20
06/08/2026 11:49:06,System.Runtime,dotnet.monitor.lock_contentions ({contention} / 1 sec),Rate,4
06/08/2026 11:49:06,Npgsql,db.client.operation.duration (s)[db.client.connection.pool.name=Host=127.0.0.1;Port=5432;Username=postgres;Database=myapp_load;Maximum Pool Size=500;db.system.name=postgresql;server.address=127.0.0.1;server.port=5432;Percentile=50],Metric,0.243896484375
06/08/2026 11:49:06,Npgsql,db.client.operation.duration (s)[db.client.connection.pool.name=Host=127.0.0.1;Port=5432;Username=postgres;Database=myapp_load;Maximum Pool Size=500;db.system.name=postgresql;server.address=127.0.0.1;server.port=5432;Percentile=95],Metric,1.29296875
06/08/2026 11:49:06,Npgsql,db.client.operation.duration (s)[db.client.connection.pool.name=Host=127.0.0.1;Port=5432;Username=postgres;Database=myapp_load;Maximum Pool Size=500;db.system.name=postgresql;server.address=127.0.0.1;server.port=5432;Percentile=99],Metric,1.333984375
06/08/2026 11:49:06,System.Runtime,dotnet.thread_pool.thread.count ({thread} / 1 sec),Rate,0
06/08/2026 11:49:06,System.Runtime,dotnet.exceptions ({exception} / 1 sec)[error.type=SocketException],Rate,0
06/08/2026 11:49:06,System.Runtime,dotnet.exceptions ({exception} / 1 sec)[error.type=HttpRequestException],Rate,0
06/08/2026 11:49:06,System.Runtime,dotnet.gc.last_collection.heap.fragmentation.size (By)[gc.heap.generation=gen1],Metric,1275336
06/08/2026 11:49:06,System.Runtime,dotnet.gc.last_collection.heap.fragmentation.size (By)[gc.heap.generation=loh],Metric,768
06/08/2026 11:49:06,System.Runtime,dotnet.gc.last_collection.heap.fragmentation.size (By)[gc.heap.generation=gen0],Metric,3858512
06/08/2026 11:49:06,System.Runtime,dotnet.gc.last_collection.heap.fragmentation.size (By)[gc.heap.generation=gen2],Metric,6859000
06/08/2026 11:49:06,System.Runtime,dotnet.gc.last_collection.heap.fragmentation.size (By)[gc.heap.generation=poh],Metric,0
06/08/2026 11:49:06,Microsoft.AspNetCore.Hosting,http.server.active_requests ({request})[http.request.method=POST;url.scheme=http],Metric,0
06/08/2026 11:49:06,Microsoft.AspNetCore.Hosting,http.server.active_requests ({request})[http.request.method=GET;url.scheme=http],Metric,4089
06/08/2026 11:49:06,System.Runtime,dotnet.process.memory.working_set (By),Metric,345419776
06/08/2026 11:49:06,System.Runtime,dotnet.thread_pool.queue.length ({work_item} / 1 sec),Rate,-78
06/08/2026 11:49:06,Npgsql,db.client.operation.npgsql.bytes_written (By / 1 sec)[db.client.connection.pool.name=Host=127.0.0.1;Port=5432;Username=postgres;Database=myapp_load;Maximum Pool Size=500],Rate,148044
06/08/2026 11:49:06,System.Runtime,dotnet.assembly.count ({assembly}),Metric,150
06/08/2026 11:49:06,Npgsql,db.client.operation.npgsql.prepared_ratio[db.client.connection.pool.name=Host=127.0.0.1;Port=5432;Username=postgres;Database=myapp_load;Maximum Pool Size=500],Metric,0
06/08/2026 11:49:06,System.Runtime,dotnet.jit.compiled_methods ({method} / 1 sec),Rate,72
06/08/2026 11:49:07,System.Runtime,dotnet.gc.last_collection.memory.committed_size (By),Metric,243552256
06/08/2026 11:49:07,Npgsql,db.client.connection.npgsql.pending_requests ({request})[db.client.connection.pool.name=Host=127.0.0.1;Port=5432;Username=postgres;Database=myapp_load;Maximum Pool Size=500],Metric,3596
06/08/2026 11:49:07,Npgsql,db.client.connection.max ({connection})[db.client.connection.pool.name=Host=127.0.0.1;Port=5432;Username=postgres;Database=myapp_load;Maximum Pool Size=500],Metric,500
06/08/2026 11:49:07,Npgsql,db.client.connection.count ({connection})[db.client.connection.pool.name=Host=127.0.0.1;Port=5432;Username=postgres;Database=myapp_load;Maximum Pool Size=500;db.client.connection.state=used],Metric,500
06/08/2026 11:49:07,Npgsql,db.client.connection.count ({connection})[db.client.connection.pool.name=Host=127.0.0.1;Port=5432;Username=postgres;Database=myapp_load;Maximum Pool Size=500;db.client.connection.state=idle],Metric,0
06/08/2026 11:49:07,Npgsql,db.client.operation.npgsql.bytes_read (By / 1 sec)[db.client.connection.pool.name=Host=127.0.0.1;Port=5432;Username=postgres;Database=myapp_load;Maximum Pool Size=500],Rate,352698
06/08/2026 11:49:07,System.Runtime,dotnet.gc.collections ({collection} / 1 sec)[gc.heap.generation=gen1],Rate,0
06/08/2026 11:49:07,System.Runtime,dotnet.gc.collections ({collection} / 1 sec)[gc.heap.generation=gen0],Rate,1
06/08/2026 11:49:07,System.Runtime,dotnet.gc.collections ({collection} / 1 sec)[gc.heap.generation=gen2],Rate,1
06/08/2026 11:49:07,Npgsql,db.client.operation.npgsql.executing ({command})[db.client.connection.pool.name=Host=127.0.0.1;Port=5432;Username=postgres;Database=myapp_load;Maximum Pool Size=500],Metric,393
06/08/2026 11:49:07,System.Runtime,dotnet.thread_pool.work_item.count ({work_item} / 1 sec),Rate,9085
06/08/2026 11:49:07,System.Runtime,dotnet.gc.pause.time (s / 1 sec),Rate,0.10136100000000003
06/08/2026 11:49:07,System.Runtime,dotnet.timer.count ({timer}),Metric,4101
06/08/2026 11:49:07,System.Runtime,dotnet.jit.compilation.time (s / 1 sec),Rate,0.0016885000000002037
06/08/2026 11:49:07,System.Runtime,dotnet.gc.last_collection.heap.size (By)[gc.heap.generation=gen1],Metric,60346976
06/08/2026 11:49:07,System.Runtime,dotnet.gc.last_collection.heap.size (By)[gc.heap.generation=loh],Metric,4626696
06/08/2026 11:49:07,System.Runtime,dotnet.gc.last_collection.heap.size (By)[gc.heap.generation=gen0],Metric,0
06/08/2026 11:49:07,System.Runtime,dotnet.gc.last_collection.heap.size (By)[gc.heap.generation=gen2],Metric,69053624
06/08/2026 11:49:07,System.Runtime,dotnet.gc.last_collection.heap.size (By)[gc.heap.generation=poh],Metric,3296560
06/08/2026 11:49:07,System.Runtime,dotnet.process.cpu.time (s / 1 sec)[cpu.mode=user],Rate,1.09375
06/08/2026 11:49:07,System.Runtime,dotnet.process.cpu.time (s / 1 sec)[cpu.mode=system],Rate,0.75
06/08/2026 11:49:07,Microsoft.AspNetCore.Hosting,http.server.request.duration (s)[http.request.method=GET;http.response.status_code=200;http.route=/orders/{id:int};network.protocol.version=1.1;url.scheme=http;Percentile=50],Metric,2.3515625
06/08/2026 11:49:07,Microsoft.AspNetCore.Hosting,http.server.request.duration (s)[http.request.method=GET;http.response.status_code=200;http.route=/orders/{id:int};network.protocol.version=1.1;url.scheme=http;Percentile=95],Metric,2.73046875
06/08/2026 11:49:07,Microsoft.AspNetCore.Hosting,http.server.request.duration (s)[http.request.method=GET;http.response.status_code=200;http.route=/orders/{id:int};network.protocol.version=1.1;url.scheme=http;Percentile=99],Metric,13.609375
06/08/2026 11:49:07,Npgsql,db.client.connection.npgsql.create_time (s)[db.client.connection.pool.name=Host=127.0.0.1;Port=5432;Username=postgres;Database=myapp_load;Maximum Pool Size=500;Percentile=50],Metric,13.609375
06/08/2026 11:49:07,Npgsql,db.client.connection.npgsql.create_time (s)[db.client.connection.pool.name=Host=127.0.0.1;Port=5432;Username=postgres;Database=myapp_load;Maximum Pool Size=500;Percentile=95],Metric,13.796875
06/08/2026 11:49:07,Npgsql,db.client.connection.npgsql.create_time (s)[db.client.connection.pool.name=Host=127.0.0.1;Port=5432;Username=postgres;Database=myapp_load;Maximum Pool Size=500;Percentile=99],Metric,13.8125
06/08/2026 11:49:07,System.Runtime,dotnet.jit.compiled_il.size (By / 1 sec),Rate,22
06/08/2026 11:49:07,System.Runtime,dotnet.gc.heap.total_allocated (By / 1 sec),Rate,37904288
06/08/2026 11:49:07,System.Runtime,dotnet.process.cpu.count ({cpu}),Metric,20
06/08/2026 11:49:07,System.Runtime,dotnet.monitor.lock_contentions ({contention} / 1 sec),Rate,20
06/08/2026 11:49:07,Npgsql,db.client.operation.duration (s)[db.client.connection.pool.name=Host=127.0.0.1;Port=5432;Username=postgres;Database=myapp_load;Maximum Pool Size=500;db.system.name=postgresql;server.address=127.0.0.1;server.port=5432;Percentile=50],Metric,0.10546875
06/08/2026 11:49:07,Npgsql,db.client.operation.duration (s)[db.client.connection.pool.name=Host=127.0.0.1;Port=5432;Username=postgres;Database=myapp_load;Maximum Pool Size=500;db.system.name=postgresql;server.address=127.0.0.1;server.port=5432;Percentile=95],Metric,0.6376953125
06/08/2026 11:49:07,Npgsql,db.client.operation.duration (s)[db.client.connection.pool.name=Host=127.0.0.1;Port=5432;Username=postgres;Database=myapp_load;Maximum Pool Size=500;db.system.name=postgresql;server.address=127.0.0.1;server.port=5432;Percentile=99],Metric,1.296875
06/08/2026 11:49:07,System.Runtime,dotnet.thread_pool.thread.count ({thread} / 1 sec),Rate,0
06/08/2026 11:49:07,System.Runtime,dotnet.exceptions ({exception} / 1 sec)[error.type=SocketException],Rate,0
06/08/2026 11:49:07,System.Runtime,dotnet.exceptions ({exception} / 1 sec)[error.type=HttpRequestException],Rate,0
06/08/2026 11:49:07,System.Runtime,dotnet.gc.last_collection.heap.fragmentation.size (By)[gc.heap.generation=gen1],Metric,1065776
06/08/2026 11:49:07,System.Runtime,dotnet.gc.last_collection.heap.fragmentation.size (By)[gc.heap.generation=loh],Metric,0
06/08/2026 11:49:07,System.Runtime,dotnet.gc.last_collection.heap.fragmentation.size (By)[gc.heap.generation=gen0],Metric,0
06/08/2026 11:49:07,System.Runtime,dotnet.gc.last_collection.heap.fragmentation.size (By)[gc.heap.generation=gen2],Metric,6853416
06/08/2026 11:49:07,System.Runtime,dotnet.gc.last_collection.heap.fragmentation.size (By)[gc.heap.generation=poh],Metric,0
06/08/2026 11:49:07,Microsoft.AspNetCore.Hosting,http.server.active_requests ({request})[http.request.method=POST;url.scheme=http],Metric,0
06/08/2026 11:49:07,Microsoft.AspNetCore.Hosting,http.server.active_requests ({request})[http.request.method=GET;url.scheme=http],Metric,4096
06/08/2026 11:49:07,System.Runtime,dotnet.process.memory.working_set (By),Metric,363544576
06/08/2026 11:49:07,System.Runtime,dotnet.thread_pool.queue.length ({work_item} / 1 sec),Rate,-2
06/08/2026 11:49:07,Npgsql,db.client.operation.npgsql.bytes_written (By / 1 sec)[db.client.connection.pool.name=Host=127.0.0.1;Port=5432;Username=postgres;Database=myapp_load;Maximum Pool Size=500],Rate,293951
06/08/2026 11:49:07,System.Runtime,dotnet.assembly.count ({assembly}),Metric,150
06/08/2026 11:49:07,Npgsql,db.client.operation.npgsql.prepared_ratio[db.client.connection.pool.name=Host=127.0.0.1;Port=5432;Username=postgres;Database=myapp_load;Maximum Pool Size=500],Metric,0
06/08/2026 11:49:07,System.Runtime,dotnet.jit.compiled_methods ({method} / 1 sec),Rate,1
06/08/2026 11:49:08,System.Runtime,dotnet.gc.last_collection.memory.committed_size (By),Metric,249188352
06/08/2026 11:49:08,Npgsql,db.client.connection.npgsql.pending_requests ({request})[db.client.connection.pool.name=Host=127.0.0.1;Port=5432;Username=postgres;Database=myapp_load;Maximum Pool Size=500],Metric,3510
06/08/2026 11:49:08,Npgsql,db.client.connection.max ({connection})[db.client.connection.pool.name=Host=127.0.0.1;Port=5432;Username=postgres;Database=myapp_load;Maximum Pool Size=500],Metric,500
06/08/2026 11:49:08,Npgsql,db.client.connection.count ({connection})[db.client.connection.pool.name=Host=127.0.0.1;Port=5432;Username=postgres;Database=myapp_load;Maximum Pool Size=500;db.client.connection.state=used],Metric,500
06/08/2026 11:49:08,Npgsql,db.client.connection.count ({connection})[db.client.connection.pool.name=Host=127.0.0.1;Port=5432;Username=postgres;Database=myapp_load;Maximum Pool Size=500;db.client.connection.state=idle],Metric,0
06/08/2026 11:49:08,Npgsql,db.client.operation.npgsql.bytes_read (By / 1 sec)[db.client.connection.pool.name=Host=127.0.0.1;Port=5432;Username=postgres;Database=myapp_load;Maximum Pool Size=500],Rate,362068
06/08/2026 11:49:08,System.Runtime,dotnet.gc.collections ({collection} / 1 sec)[gc.heap.generation=gen1],Rate,0
06/08/2026 11:49:08,System.Runtime,dotnet.gc.collections ({collection} / 1 sec)[gc.heap.generation=gen0],Rate,0
06/08/2026 11:49:08,System.Runtime,dotnet.gc.collections ({collection} / 1 sec)[gc.heap.generation=gen2],Rate,0
06/08/2026 11:49:08,Npgsql,db.client.operation.npgsql.executing ({command})[db.client.connection.pool.name=Host=127.0.0.1;Port=5432;Username=postgres;Database=myapp_load;Maximum Pool Size=500],Metric,393
06/08/2026 11:49:08,System.Runtime,dotnet.thread_pool.work_item.count ({work_item} / 1 sec),Rate,9629
06/08/2026 11:49:08,System.Runtime,dotnet.gc.pause.time (s / 1 sec),Rate,0
06/08/2026 11:49:08,System.Runtime,dotnet.timer.count ({timer}),Metric,4015
06/08/2026 11:49:08,System.Runtime,dotnet.jit.compilation.time (s / 1 sec),Rate,0.05653730000000223
06/08/2026 11:49:08,System.Runtime,dotnet.gc.last_collection.heap.size (By)[gc.heap.generation=gen1],Metric,60346976
06/08/2026 11:49:08,System.Runtime,dotnet.gc.last_collection.heap.size (By)[gc.heap.generation=loh],Metric,4626696
06/08/2026 11:49:08,System.Runtime,dotnet.gc.last_collection.heap.size (By)[gc.heap.generation=gen0],Metric,13160672
06/08/2026 11:49:08,System.Runtime,dotnet.gc.last_collection.heap.size (By)[gc.heap.generation=gen2],Metric,68982264
06/08/2026 11:49:08,System.Runtime,dotnet.gc.last_collection.heap.size (By)[gc.heap.generation=poh],Metric,3296560
06/08/2026 11:49:08,System.Runtime,dotnet.process.cpu.time (s / 1 sec)[cpu.mode=user],Rate,0.96875
06/08/2026 11:49:08,System.Runtime,dotnet.process.cpu.time (s / 1 sec)[cpu.mode=system],Rate,0.515625
06/08/2026 11:49:08,Microsoft.AspNetCore.Hosting,http.server.request.duration (s)[http.request.method=GET;http.response.status_code=200;http.route=/orders/{id:int};network.protocol.version=1.1;url.scheme=http;Percentile=50],Metric,2.12109375
06/08/2026 11:49:08,Microsoft.AspNetCore.Hosting,http.server.request.duration (s)[http.request.method=GET;http.response.status_code=200;http.route=/orders/{id:int};network.protocol.version=1.1;url.scheme=http;Percentile=95],Metric,2.56640625
06/08/2026 11:49:08,Microsoft.AspNetCore.Hosting,http.server.request.duration (s)[http.request.method=GET;http.response.status_code=200;http.route=/orders/{id:int};network.protocol.version=1.1;url.scheme=http;Percentile=99],Metric,3.08984375
06/08/2026 11:49:08,System.Runtime,dotnet.jit.compiled_il.size (By / 1 sec),Rate,4204
06/08/2026 11:49:08,System.Runtime,dotnet.gc.heap.total_allocated (By / 1 sec),Rate,38999136
06/08/2026 11:49:08,System.Runtime,dotnet.process.cpu.count ({cpu}),Metric,20
06/08/2026 11:49:08,System.Runtime,dotnet.monitor.lock_contentions ({contention} / 1 sec),Rate,29
06/08/2026 11:49:08,Npgsql,db.client.operation.duration (s)[db.client.connection.pool.name=Host=127.0.0.1;Port=5432;Username=postgres;Database=myapp_load;Maximum Pool Size=500;db.system.name=postgresql;server.address=127.0.0.1;server.port=5432;Percentile=50],Metric,0.0880126953125
06/08/2026 11:49:08,Npgsql,db.client.operation.duration (s)[db.client.connection.pool.name=Host=127.0.0.1;Port=5432;Username=postgres;Database=myapp_load;Maximum Pool Size=500;db.system.name=postgresql;server.address=127.0.0.1;server.port=5432;Percentile=95],Metric,0.36083984375
06/08/2026 11:49:08,Npgsql,db.client.operation.duration (s)[db.client.connection.pool.name=Host=127.0.0.1;Port=5432;Username=postgres;Database=myapp_load;Maximum Pool Size=500;db.system.name=postgresql;server.address=127.0.0.1;server.port=5432;Percentile=99],Metric,0.896484375
06/08/2026 11:49:08,System.Runtime,dotnet.thread_pool.thread.count ({thread} / 1 sec),Rate,0
06/08/2026 11:49:08,System.Runtime,dotnet.exceptions ({exception} / 1 sec)[error.type=SocketException],Rate,0
06/08/2026 11:49:08,System.Runtime,dotnet.exceptions ({exception} / 1 sec)[error.type=HttpRequestException],Rate,0
06/08/2026 11:49:08,System.Runtime,dotnet.exceptions ({exception} / 1 sec)[error.type=NpgsqlException],Rate,54
06/08/2026 11:49:08,System.Runtime,dotnet.exceptions ({exception} / 1 sec)[error.type=OperationCanceledException],Rate,2
06/08/2026 11:49:08,System.Runtime,dotnet.gc.last_collection.heap.fragmentation.size (By)[gc.heap.generation=gen1],Metric,22354608
06/08/2026 11:49:08,System.Runtime,dotnet.gc.last_collection.heap.fragmentation.size (By)[gc.heap.generation=loh],Metric,768
06/08/2026 11:49:08,System.Runtime,dotnet.gc.last_collection.heap.fragmentation.size (By)[gc.heap.generation=gen0],Metric,2487128
06/08/2026 11:49:08,System.Runtime,dotnet.gc.last_collection.heap.fragmentation.size (By)[gc.heap.generation=gen2],Metric,13900056
06/08/2026 11:49:08,System.Runtime,dotnet.gc.last_collection.heap.fragmentation.size (By)[gc.heap.generation=poh],Metric,0
06/08/2026 11:49:08,Microsoft.AspNetCore.Hosting,http.server.active_requests ({request})[http.request.method=POST;url.scheme=http],Metric,0
06/08/2026 11:49:08,Microsoft.AspNetCore.Hosting,http.server.active_requests ({request})[http.request.method=GET;url.scheme=http],Metric,4012
06/08/2026 11:49:08,System.Runtime,dotnet.process.memory.working_set (By),Metric,365383680
06/08/2026 11:49:08,System.Runtime,dotnet.thread_pool.queue.length ({work_item} / 1 sec),Rate,0
06/08/2026 11:49:08,Npgsql,db.client.operation.npgsql.bytes_written (By / 1 sec)[db.client.connection.pool.name=Host=127.0.0.1;Port=5432;Username=postgres;Database=myapp_load;Maximum Pool Size=500],Rate,304679
06/08/2026 11:49:08,System.Runtime,dotnet.assembly.count ({assembly}),Metric,152
06/08/2026 11:49:08,Npgsql,db.client.operation.npgsql.prepared_ratio[db.client.connection.pool.name=Host=127.0.0.1;Port=5432;Username=postgres;Database=myapp_load;Maximum Pool Size=500],Metric,0
06/08/2026 11:49:08,System.Runtime,dotnet.jit.compiled_methods ({method} / 1 sec),Rate,76
06/08/2026 11:49:09,System.Runtime,dotnet.gc.last_collection.memory.committed_size (By),Metric,286478336
06/08/2026 11:49:09,Npgsql,db.client.connection.npgsql.pending_requests ({request})[db.client.connection.pool.name=Host=127.0.0.1;Port=5432;Username=postgres;Database=myapp_load;Maximum Pool Size=500],Metric,3651
06/08/2026 11:49:09,Npgsql,db.client.connection.max ({connection})[db.client.connection.pool.name=Host=127.0.0.1;Port=5432;Username=postgres;Database=myapp_load;Maximum Pool Size=500],Metric,500
06/08/2026 11:49:09,Npgsql,db.client.connection.count ({connection})[db.client.connection.pool.name=Host=127.0.0.1;Port=5432;Username=postgres;Database=myapp_load;Maximum Pool Size=500;db.client.connection.state=used],Metric,500
06/08/2026 11:49:09,Npgsql,db.client.connection.count ({connection})[db.client.connection.pool.name=Host=127.0.0.1;Port=5432;Username=postgres;Database=myapp_load;Maximum Pool Size=500;db.client.connection.state=idle],Metric,0
06/08/2026 11:49:09,Npgsql,db.client.operation.npgsql.bytes_read (By / 1 sec)[db.client.connection.pool.name=Host=127.0.0.1;Port=5432;Username=postgres;Database=myapp_load;Maximum Pool Size=500],Rate,101158
06/08/2026 11:49:09,System.Runtime,dotnet.gc.collections ({collection} / 1 sec)[gc.heap.generation=gen1],Rate,0
06/08/2026 11:49:09,System.Runtime,dotnet.gc.collections ({collection} / 1 sec)[gc.heap.generation=gen0],Rate,1
06/08/2026 11:49:09,System.Runtime,dotnet.gc.collections ({collection} / 1 sec)[gc.heap.generation=gen2],Rate,0
06/08/2026 11:49:09,Npgsql,db.client.operation.npgsql.executing ({command})[db.client.connection.pool.name=Host=127.0.0.1;Port=5432;Username=postgres;Database=myapp_load;Maximum Pool Size=500],Metric,131
06/08/2026 11:49:09,System.Runtime,dotnet.thread_pool.work_item.count ({work_item} / 1 sec),Rate,3420
06/08/2026 11:49:09,System.Runtime,dotnet.gc.pause.time (s / 1 sec),Rate,0.07464500000000007
06/08/2026 11:49:09,System.Runtime,dotnet.timer.count ({timer}),Metric,4155
06/08/2026 11:49:09,System.Runtime,dotnet.jit.compilation.time (s / 1 sec),Rate,0.2190455
06/08/2026 11:49:09,System.Runtime,dotnet.gc.last_collection.heap.size (By)[gc.heap.generation=gen1],Metric,109905080
06/08/2026 11:49:09,System.Runtime,dotnet.gc.last_collection.heap.size (By)[gc.heap.generation=loh],Metric,4626696
06/08/2026 11:49:09,System.Runtime,dotnet.gc.last_collection.heap.size (By)[gc.heap.generation=gen0],Metric,22434544
06/08/2026 11:49:09,System.Runtime,dotnet.gc.last_collection.heap.size (By)[gc.heap.generation=gen2],Metric,68982264
06/08/2026 11:49:09,System.Runtime,dotnet.gc.last_collection.heap.size (By)[gc.heap.generation=poh],Metric,3341880
06/08/2026 11:49:09,System.Runtime,dotnet.process.cpu.time (s / 1 sec)[cpu.mode=user],Rate,2.03125
06/08/2026 11:49:09,System.Runtime,dotnet.process.cpu.time (s / 1 sec)[cpu.mode=system],Rate,0.984375
06/08/2026 11:49:09,Microsoft.AspNetCore.Hosting,http.server.request.duration (s)[http.request.method=GET;http.response.status_code=200;http.route=/orders/{id:int};network.protocol.version=1.1;url.scheme=http;Percentile=50],Metric,2.05859375
06/08/2026 11:49:09,Microsoft.AspNetCore.Hosting,http.server.request.duration (s)[http.request.method=GET;http.response.status_code=200;http.route=/orders/{id:int};network.protocol.version=1.1;url.scheme=http;Percentile=95],Metric,3.60546875
06/08/2026 11:49:09,Microsoft.AspNetCore.Hosting,http.server.request.duration (s)[http.request.method=GET;http.response.status_code=200;http.route=/orders/{id:int};network.protocol.version=1.1;url.scheme=http;Percentile=99],Metric,4.6328125
06/08/2026 11:49:09,Microsoft.AspNetCore.Hosting,http.server.request.duration (s)[error.type=Npgsql.NpgsqlException;http.request.method=GET;http.response.status_code=500;http.route=/orders/{id:int};network.protocol.version=1.1;url.scheme=http;Percentile=50],Metric,15.28125
06/08/2026 11:49:09,Microsoft.AspNetCore.Hosting,http.server.request.duration (s)[error.type=Npgsql.NpgsqlException;http.request.method=GET;http.response.status_code=500;http.route=/orders/{id:int};network.protocol.version=1.1;url.scheme=http;Percentile=95],Metric,15.453125
06/08/2026 11:49:09,Microsoft.AspNetCore.Hosting,http.server.request.duration (s)[error.type=Npgsql.NpgsqlException;http.request.method=GET;http.response.status_code=500;http.route=/orders/{id:int};network.protocol.version=1.1;url.scheme=http;Percentile=99],Metric,15.828125
06/08/2026 11:49:09,System.Runtime,dotnet.jit.compiled_il.size (By / 1 sec),Rate,4154
06/08/2026 11:49:09,System.Runtime,dotnet.gc.heap.total_allocated (By / 1 sec),Rate,107265168
06/08/2026 11:49:09,System.Runtime,dotnet.process.cpu.count ({cpu}),Metric,20
06/08/2026 11:49:09,System.Runtime,dotnet.monitor.lock_contentions ({contention} / 1 sec),Rate,74
06/08/2026 11:49:09,Npgsql,db.client.operation.duration (s)[db.client.connection.pool.name=Host=127.0.0.1;Port=5432;Username=postgres;Database=myapp_load;Maximum Pool Size=500;db.system.name=postgresql;server.address=127.0.0.1;server.port=5432;Percentile=50],Metric,0.170166015625
06/08/2026 11:49:09,Npgsql,db.client.operation.duration (s)[db.client.connection.pool.name=Host=127.0.0.1;Port=5432;Username=postgres;Database=myapp_load;Maximum Pool Size=500;db.system.name=postgresql;server.address=127.0.0.1;server.port=5432;Percentile=95],Metric,1.474609375
06/08/2026 11:49:09,Npgsql,db.client.operation.duration (s)[db.client.connection.pool.name=Host=127.0.0.1;Port=5432;Username=postgres;Database=myapp_load;Maximum Pool Size=500;db.system.name=postgresql;server.address=127.0.0.1;server.port=5432;Percentile=99],Metric,2.59375
06/08/2026 11:49:09,System.Runtime,dotnet.thread_pool.thread.count ({thread} / 1 sec),Rate,0
06/08/2026 11:49:09,System.Runtime,dotnet.exceptions ({exception} / 1 sec)[error.type=SocketException],Rate,2
06/08/2026 11:49:09,System.Runtime,dotnet.exceptions ({exception} / 1 sec)[error.type=HttpRequestException],Rate,11
06/08/2026 11:49:09,System.Runtime,dotnet.exceptions ({exception} / 1 sec)[error.type=NpgsqlException],Rate,2025
06/08/2026 11:49:09,System.Runtime,dotnet.exceptions ({exception} / 1 sec)[error.type=OperationCanceledException],Rate,73
06/08/2026 11:49:09,System.Runtime,dotnet.gc.last_collection.heap.fragmentation.size (By)[gc.heap.generation=gen1],Metric,28924464
06/08/2026 11:49:09,System.Runtime,dotnet.gc.last_collection.heap.fragmentation.size (By)[gc.heap.generation=loh],Metric,768
06/08/2026 11:49:09,System.Runtime,dotnet.gc.last_collection.heap.fragmentation.size (By)[gc.heap.generation=gen0],Metric,22236816
06/08/2026 11:49:09,System.Runtime,dotnet.gc.last_collection.heap.fragmentation.size (By)[gc.heap.generation=gen2],Metric,13900056
06/08/2026 11:49:09,System.Runtime,dotnet.gc.last_collection.heap.fragmentation.size (By)[gc.heap.generation=poh],Metric,0
06/08/2026 11:49:09,Microsoft.AspNetCore.Hosting,http.server.active_requests ({request})[http.request.method=POST;url.scheme=http],Metric,0
06/08/2026 11:49:09,Microsoft.AspNetCore.Hosting,http.server.active_requests ({request})[http.request.method=GET;url.scheme=http],Metric,4093
06/08/2026 11:49:09,System.Runtime,dotnet.process.memory.working_set (By),Metric,409714688
06/08/2026 11:49:09,System.Runtime,dotnet.thread_pool.queue.length ({work_item} / 1 sec),Rate,0
06/08/2026 11:49:09,Npgsql,db.client.operation.npgsql.bytes_written (By / 1 sec)[db.client.connection.pool.name=Host=127.0.0.1;Port=5432;Username=postgres;Database=myapp_load;Maximum Pool Size=500],Rate,51658
06/08/2026 11:49:09,System.Runtime,dotnet.assembly.count ({assembly}),Metric,153
06/08/2026 11:49:09,Npgsql,db.client.operation.npgsql.prepared_ratio[db.client.connection.pool.name=Host=127.0.0.1;Port=5432;Username=postgres;Database=myapp_load;Maximum Pool Size=500],Metric,0
06/08/2026 11:49:09,System.Runtime,dotnet.jit.compiled_methods ({method} / 1 sec),Rate,60
06/08/2026 11:49:10,System.Runtime,dotnet.gc.last_collection.memory.committed_size (By),Metric,286478336
06/08/2026 11:49:10,Npgsql,db.client.connection.npgsql.pending_requests ({request})[db.client.connection.pool.name=Host=127.0.0.1;Port=5432;Username=postgres;Database=myapp_load;Maximum Pool Size=500],Metric,3738
06/08/2026 11:49:10,Npgsql,db.client.connection.max ({connection})[db.client.connection.pool.name=Host=127.0.0.1;Port=5432;Username=postgres;Database=myapp_load;Maximum Pool Size=500],Metric,500
06/08/2026 11:49:10,Npgsql,db.client.connection.count ({connection})[db.client.connection.pool.name=Host=127.0.0.1;Port=5432;Username=postgres;Database=myapp_load;Maximum Pool Size=500;db.client.connection.state=used],Metric,500
06/08/2026 11:49:10,Npgsql,db.client.connection.count ({connection})[db.client.connection.pool.name=Host=127.0.0.1;Port=5432;Username=postgres;Database=myapp_load;Maximum Pool Size=500;db.client.connection.state=idle],Metric,0
06/08/2026 11:49:10,Npgsql,db.client.operation.npgsql.bytes_read (By / 1 sec)[db.client.connection.pool.name=Host=127.0.0.1;Port=5432;Username=postgres;Database=myapp_load;Maximum Pool Size=500],Rate,12877
06/08/2026 11:49:10,System.Runtime,dotnet.gc.collections ({collection} / 1 sec)[gc.heap.generation=gen1],Rate,0
06/08/2026 11:49:10,System.Runtime,dotnet.gc.collections ({collection} / 1 sec)[gc.heap.generation=gen0],Rate,0
06/08/2026 11:49:10,System.Runtime,dotnet.gc.collections ({collection} / 1 sec)[gc.heap.generation=gen2],Rate,0
06/08/2026 11:49:10,Npgsql,db.client.operation.npgsql.executing ({command})[db.client.connection.pool.name=Host=127.0.0.1;Port=5432;Username=postgres;Database=myapp_load;Maximum Pool Size=500],Metric,51
06/08/2026 11:49:10,System.Runtime,dotnet.thread_pool.work_item.count ({work_item} / 1 sec),Rate,604
06/08/2026 11:49:10,System.Runtime,dotnet.gc.pause.time (s / 1 sec),Rate,0
06/08/2026 11:49:10,System.Runtime,dotnet.timer.count ({timer}),Metric,4241
06/08/2026 11:49:10,System.Runtime,dotnet.jit.compilation.time (s / 1 sec),Rate,0.8246247999999987
06/08/2026 11:49:10,System.Runtime,dotnet.gc.last_collection.heap.size (By)[gc.heap.generation=gen1],Metric,109905080
06/08/2026 11:49:10,System.Runtime,dotnet.gc.last_collection.heap.size (By)[gc.heap.generation=loh],Metric,4626696
06/08/2026 11:49:10,System.Runtime,dotnet.gc.last_collection.heap.size (By)[gc.heap.generation=gen0],Metric,22434544
06/08/2026 11:49:10,System.Runtime,dotnet.gc.last_collection.heap.size (By)[gc.heap.generation=gen2],Metric,68982264
06/08/2026 11:49:10,System.Runtime,dotnet.gc.last_collection.heap.size (By)[gc.heap.generation=poh],Metric,3341880
06/08/2026 11:49:10,System.Runtime,dotnet.process.cpu.time (s / 1 sec)[cpu.mode=user],Rate,0.984375
06/08/2026 11:49:10,System.Runtime,dotnet.process.cpu.time (s / 1 sec)[cpu.mode=system],Rate,0.21875
06/08/2026 11:49:10,Microsoft.AspNetCore.Hosting,http.server.request.duration (s)[http.request.method=GET;http.response.status_code=200;http.route=/orders/{id:int};network.protocol.version=1.1;url.scheme=http;Percentile=50],Metric,3.30078125
06/08/2026 11:49:10,Microsoft.AspNetCore.Hosting,http.server.request.duration (s)[http.request.method=GET;http.response.status_code=200;http.route=/orders/{id:int};network.protocol.version=1.1;url.scheme=http;Percentile=95],Metric,6.0546875
06/08/2026 11:49:10,Microsoft.AspNetCore.Hosting,http.server.request.duration (s)[http.request.method=GET;http.response.status_code=200;http.route=/orders/{id:int};network.protocol.version=1.1;url.scheme=http;Percentile=99],Metric,16.84375
06/08/2026 11:49:10,Microsoft.AspNetCore.Hosting,http.server.request.duration (s)[error.type=Npgsql.NpgsqlException;http.request.method=GET;http.response.status_code=500;http.route=/orders/{id:int};network.protocol.version=1.1;url.scheme=http;Percentile=50],Metric,16.625
06/08/2026 11:49:10,Microsoft.AspNetCore.Hosting,http.server.request.duration (s)[error.type=Npgsql.NpgsqlException;http.request.method=GET;http.response.status_code=500;http.route=/orders/{id:int};network.protocol.version=1.1;url.scheme=http;Percentile=95],Metric,16.71875
06/08/2026 11:49:10,Microsoft.AspNetCore.Hosting,http.server.request.duration (s)[error.type=Npgsql.NpgsqlException;http.request.method=GET;http.response.status_code=500;http.route=/orders/{id:int};network.protocol.version=1.1;url.scheme=http;Percentile=99],Metric,16.71875
06/08/2026 11:49:10,System.Runtime,dotnet.jit.compiled_il.size (By / 1 sec),Rate,37527
06/08/2026 11:49:10,System.Runtime,dotnet.gc.heap.total_allocated (By / 1 sec),Rate,18683008
06/08/2026 11:49:10,System.Runtime,dotnet.process.cpu.count ({cpu}),Metric,20
06/08/2026 11:49:10,System.Runtime,dotnet.monitor.lock_contentions ({contention} / 1 sec),Rate,0
06/08/2026 11:49:10,Npgsql,db.client.operation.duration (s)[db.client.connection.pool.name=Host=127.0.0.1;Port=5432;Username=postgres;Database=myapp_load;Maximum Pool Size=500;db.system.name=postgresql;server.address=127.0.0.1;server.port=5432;Percentile=50],Metric,1.255859375
06/08/2026 11:49:10,Npgsql,db.client.operation.duration (s)[db.client.connection.pool.name=Host=127.0.0.1;Port=5432;Username=postgres;Database=myapp_load;Maximum Pool Size=500;db.system.name=postgresql;server.address=127.0.0.1;server.port=5432;Percentile=95],Metric,3.41015625
06/08/2026 11:49:10,Npgsql,db.client.operation.duration (s)[db.client.connection.pool.name=Host=127.0.0.1;Port=5432;Username=postgres;Database=myapp_load;Maximum Pool Size=500;db.system.name=postgresql;server.address=127.0.0.1;server.port=5432;Percentile=99],Metric,4.640625
06/08/2026 11:49:10,System.Runtime,dotnet.thread_pool.thread.count ({thread} / 1 sec),Rate,0
06/08/2026 11:49:10,System.Runtime,dotnet.exceptions ({exception} / 1 sec)[error.type=SocketException],Rate,0
06/08/2026 11:49:10,System.Runtime,dotnet.exceptions ({exception} / 1 sec)[error.type=HttpRequestException],Rate,0
06/08/2026 11:49:10,System.Runtime,dotnet.exceptions ({exception} / 1 sec)[error.type=NpgsqlException],Rate,308
06/08/2026 11:49:10,System.Runtime,dotnet.exceptions ({exception} / 1 sec)[error.type=OperationCanceledException],Rate,11
06/08/2026 11:49:10,System.Runtime,dotnet.gc.last_collection.heap.fragmentation.size (By)[gc.heap.generation=gen1],Metric,28924464
06/08/2026 11:49:10,System.Runtime,dotnet.gc.last_collection.heap.fragmentation.size (By)[gc.heap.generation=loh],Metric,768
06/08/2026 11:49:10,System.Runtime,dotnet.gc.last_collection.heap.fragmentation.size (By)[gc.heap.generation=gen0],Metric,22236816
06/08/2026 11:49:10,System.Runtime,dotnet.gc.last_collection.heap.fragmentation.size (By)[gc.heap.generation=gen2],Metric,13900056
06/08/2026 11:49:10,System.Runtime,dotnet.gc.last_collection.heap.fragmentation.size (By)[gc.heap.generation=poh],Metric,0
06/08/2026 11:49:10,Microsoft.AspNetCore.Hosting,http.server.active_requests ({request})[http.request.method=POST;url.scheme=http],Metric,0
06/08/2026 11:49:10,Microsoft.AspNetCore.Hosting,http.server.active_requests ({request})[http.request.method=GET;url.scheme=http],Metric,4096
06/08/2026 11:49:10,System.Runtime,dotnet.process.memory.working_set (By),Metric,410406912
06/08/2026 11:49:10,System.Runtime,dotnet.thread_pool.queue.length ({work_item} / 1 sec),Rate,1
06/08/2026 11:49:10,Npgsql,db.client.operation.npgsql.bytes_written (By / 1 sec)[db.client.connection.pool.name=Host=127.0.0.1;Port=5432;Username=postgres;Database=myapp_load;Maximum Pool Size=500],Rate,1272
06/08/2026 11:49:10,System.Runtime,dotnet.assembly.count ({assembly}),Metric,153
06/08/2026 11:49:10,System.Runtime,dotnet.jit.compiled_methods ({method} / 1 sec),Rate,462
06/08/2026 11:49:11,System.Runtime,dotnet.gc.last_collection.memory.committed_size (By),Metric,286478336
06/08/2026 11:49:11,Npgsql,db.client.connection.npgsql.pending_requests ({request})[db.client.connection.pool.name=Host=127.0.0.1;Port=5432;Username=postgres;Database=myapp_load;Maximum Pool Size=500],Metric,3799
06/08/2026 11:49:11,Npgsql,db.client.connection.max ({connection})[db.client.connection.pool.name=Host=127.0.0.1;Port=5432;Username=postgres;Database=myapp_load;Maximum Pool Size=500],Metric,500
06/08/2026 11:49:11,Npgsql,db.client.connection.count ({connection})[db.client.connection.pool.name=Host=127.0.0.1;Port=5432;Username=postgres;Database=myapp_load;Maximum Pool Size=500;db.client.connection.state=used],Metric,500
06/08/2026 11:49:11,Npgsql,db.client.connection.count ({connection})[db.client.connection.pool.name=Host=127.0.0.1;Port=5432;Username=postgres;Database=myapp_load;Maximum Pool Size=500;db.client.connection.state=idle],Metric,0
06/08/2026 11:49:11,Npgsql,db.client.operation.npgsql.bytes_read (By / 1 sec)[db.client.connection.pool.name=Host=127.0.0.1;Port=5432;Username=postgres;Database=myapp_load;Maximum Pool Size=500],Rate,32565
06/08/2026 11:49:11,System.Runtime,dotnet.gc.collections ({collection} / 1 sec)[gc.heap.generation=gen1],Rate,0
06/08/2026 11:49:11,System.Runtime,dotnet.gc.collections ({collection} / 1 sec)[gc.heap.generation=gen0],Rate,0
06/08/2026 11:49:11,System.Runtime,dotnet.gc.collections ({collection} / 1 sec)[gc.heap.generation=gen2],Rate,0
06/08/2026 11:49:11,Npgsql,db.client.operation.npgsql.executing ({command})[db.client.connection.pool.name=Host=127.0.0.1;Port=5432;Username=postgres;Database=myapp_load;Maximum Pool Size=500],Metric,4
06/08/2026 11:49:11,System.Runtime,dotnet.thread_pool.work_item.count ({work_item} / 1 sec),Rate,659
06/08/2026 11:49:11,System.Runtime,dotnet.gc.pause.time (s / 1 sec),Rate,0
06/08/2026 11:49:11,System.Runtime,dotnet.timer.count ({timer}),Metric,4304
06/08/2026 11:49:11,System.Runtime,dotnet.jit.compilation.time (s / 1 sec),Rate,0.7793433000000007
06/08/2026 11:49:11,System.Runtime,dotnet.gc.last_collection.heap.size (By)[gc.heap.generation=gen1],Metric,109905080
06/08/2026 11:49:11,System.Runtime,dotnet.gc.last_collection.heap.size (By)[gc.heap.generation=loh],Metric,4626696
06/08/2026 11:49:11,System.Runtime,dotnet.gc.last_collection.heap.size (By)[gc.heap.generation=gen0],Metric,22434544
06/08/2026 11:49:11,System.Runtime,dotnet.gc.last_collection.heap.size (By)[gc.heap.generation=gen2],Metric,68982264
06/08/2026 11:49:11,System.Runtime,dotnet.gc.last_collection.heap.size (By)[gc.heap.generation=poh],Metric,3341880
06/08/2026 11:49:11,System.Runtime,dotnet.process.cpu.time (s / 1 sec)[cpu.mode=user],Rate,0.828125
06/08/2026 11:49:11,System.Runtime,dotnet.process.cpu.time (s / 1 sec)[cpu.mode=system],Rate,0.4375
06/08/2026 11:49:11,Microsoft.AspNetCore.Hosting,http.server.request.duration (s)[http.request.method=GET;http.response.status_code=200;http.route=/orders/{id:int};network.protocol.version=1.1;url.scheme=http;Percentile=50],Metric,3.75
06/08/2026 11:49:11,Microsoft.AspNetCore.Hosting,http.server.request.duration (s)[http.request.method=GET;http.response.status_code=200;http.route=/orders/{id:int};network.protocol.version=1.1;url.scheme=http;Percentile=95],Metric,7
06/08/2026 11:49:11,Microsoft.AspNetCore.Hosting,http.server.request.duration (s)[http.request.method=GET;http.response.status_code=200;http.route=/orders/{id:int};network.protocol.version=1.1;url.scheme=http;Percentile=99],Metric,17.5
06/08/2026 11:49:11,Microsoft.AspNetCore.Hosting,http.server.request.duration (s)[error.type=Npgsql.NpgsqlException;http.request.method=GET;http.response.status_code=500;http.route=/orders/{id:int};network.protocol.version=1.1;url.scheme=http;Percentile=50],Metric,17.34375
06/08/2026 11:49:11,Microsoft.AspNetCore.Hosting,http.server.request.duration (s)[error.type=Npgsql.NpgsqlException;http.request.method=GET;http.response.status_code=500;http.route=/orders/{id:int};network.protocol.version=1.1;url.scheme=http;Percentile=95],Metric,17.625
06/08/2026 11:49:11,Microsoft.AspNetCore.Hosting,http.server.request.duration (s)[error.type=Npgsql.NpgsqlException;http.request.method=GET;http.response.status_code=500;http.route=/orders/{id:int};network.protocol.version=1.1;url.scheme=http;Percentile=99],Metric,17.625
06/08/2026 11:49:11,Npgsql,db.client.connection.npgsql.create_time (s)[db.client.connection.pool.name=Host=127.0.0.1;Port=5432;Username=postgres;Database=myapp_load;Maximum Pool Size=500;Percentile=50],Metric,2.64453125
06/08/2026 11:49:11,Npgsql,db.client.connection.npgsql.create_time (s)[db.client.connection.pool.name=Host=127.0.0.1;Port=5432;Username=postgres;Database=myapp_load;Maximum Pool Size=500;Percentile=95],Metric,2.80078125
06/08/2026 11:49:11,Npgsql,db.client.connection.npgsql.create_time (s)[db.client.connection.pool.name=Host=127.0.0.1;Port=5432;Username=postgres;Database=myapp_load;Maximum Pool Size=500;Percentile=99],Metric,2.81640625
06/08/2026 11:49:11,System.Runtime,dotnet.jit.compiled_il.size (By / 1 sec),Rate,35708
06/08/2026 11:49:11,System.Runtime,dotnet.gc.heap.total_allocated (By / 1 sec),Rate,20832368
06/08/2026 11:49:11,System.Runtime,dotnet.process.cpu.count ({cpu}),Metric,20
06/08/2026 11:49:11,System.Runtime,dotnet.monitor.lock_contentions ({contention} / 1 sec),Rate,1
06/08/2026 11:49:11,Npgsql,db.client.operation.duration (s)[db.client.connection.pool.name=Host=127.0.0.1;Port=5432;Username=postgres;Database=myapp_load;Maximum Pool Size=500;db.system.name=postgresql;server.address=127.0.0.1;server.port=5432;Percentile=50],Metric,1.6328125
06/08/2026 11:49:11,Npgsql,db.client.operation.duration (s)[db.client.connection.pool.name=Host=127.0.0.1;Port=5432;Username=postgres;Database=myapp_load;Maximum Pool Size=500;db.system.name=postgresql;server.address=127.0.0.1;server.port=5432;Percentile=95],Metric,4.8203125
06/08/2026 11:49:11,Npgsql,db.client.operation.duration (s)[db.client.connection.pool.name=Host=127.0.0.1;Port=5432;Username=postgres;Database=myapp_load;Maximum Pool Size=500;db.system.name=postgresql;server.address=127.0.0.1;server.port=5432;Percentile=99],Metric,5.2421875
06/08/2026 11:49:11,System.Runtime,dotnet.thread_pool.thread.count ({thread} / 1 sec),Rate,0
06/08/2026 11:49:11,System.Runtime,dotnet.exceptions ({exception} / 1 sec)[error.type=SocketException],Rate,0
06/08/2026 11:49:11,System.Runtime,dotnet.exceptions ({exception} / 1 sec)[error.type=HttpRequestException],Rate,0
06/08/2026 11:49:11,System.Runtime,dotnet.exceptions ({exception} / 1 sec)[error.type=NpgsqlException],Rate,380
06/08/2026 11:49:11,System.Runtime,dotnet.exceptions ({exception} / 1 sec)[error.type=OperationCanceledException],Rate,5
06/08/2026 11:49:11,System.Runtime,dotnet.gc.last_collection.heap.fragmentation.size (By)[gc.heap.generation=gen1],Metric,28924464
06/08/2026 11:49:11,System.Runtime,dotnet.gc.last_collection.heap.fragmentation.size (By)[gc.heap.generation=loh],Metric,768
06/08/2026 11:49:11,System.Runtime,dotnet.gc.last_collection.heap.fragmentation.size (By)[gc.heap.generation=gen0],Metric,22236816
06/08/2026 11:49:11,System.Runtime,dotnet.gc.last_collection.heap.fragmentation.size (By)[gc.heap.generation=gen2],Metric,13900056
06/08/2026 11:49:11,System.Runtime,dotnet.gc.last_collection.heap.fragmentation.size (By)[gc.heap.generation=poh],Metric,0
06/08/2026 11:49:11,Microsoft.AspNetCore.Hosting,http.server.active_requests ({request})[http.request.method=POST;url.scheme=http],Metric,0
06/08/2026 11:49:11,Microsoft.AspNetCore.Hosting,http.server.active_requests ({request})[http.request.method=GET;url.scheme=http],Metric,4094
06/08/2026 11:49:11,System.Runtime,dotnet.process.memory.working_set (By),Metric,411394048
06/08/2026 11:49:11,System.Runtime,dotnet.thread_pool.queue.length ({work_item} / 1 sec),Rate,-1
06/08/2026 11:49:11,Npgsql,db.client.operation.npgsql.bytes_written (By / 1 sec)[db.client.connection.pool.name=Host=127.0.0.1;Port=5432;Username=postgres;Database=myapp_load;Maximum Pool Size=500],Rate,11494
06/08/2026 11:49:11,System.Runtime,dotnet.assembly.count ({assembly}),Metric,156
06/08/2026 11:49:11,Npgsql,db.client.operation.npgsql.prepared_ratio[db.client.connection.pool.name=Host=127.0.0.1;Port=5432;Username=postgres;Database=myapp_load;Maximum Pool Size=500],Metric,0
06/08/2026 11:49:11,System.Runtime,dotnet.jit.compiled_methods ({method} / 1 sec),Rate,423
06/08/2026 11:49:12,System.Runtime,dotnet.gc.last_collection.memory.committed_size (By),Metric,286478336
06/08/2026 11:49:12,Npgsql,db.client.connection.npgsql.pending_requests ({request})[db.client.connection.pool.name=Host=127.0.0.1;Port=5432;Username=postgres;Database=myapp_load;Maximum Pool Size=500],Metric,3874
06/08/2026 11:49:12,Npgsql,db.client.connection.max ({connection})[db.client.connection.pool.name=Host=127.0.0.1;Port=5432;Username=postgres;Database=myapp_load;Maximum Pool Size=500],Metric,500
06/08/2026 11:49:12,Npgsql,db.client.connection.count ({connection})[db.client.connection.pool.name=Host=127.0.0.1;Port=5432;Username=postgres;Database=myapp_load;Maximum Pool Size=500;db.client.connection.state=used],Metric,500
06/08/2026 11:49:12,Npgsql,db.client.connection.count ({connection})[db.client.connection.pool.name=Host=127.0.0.1;Port=5432;Username=postgres;Database=myapp_load;Maximum Pool Size=500;db.client.connection.state=idle],Metric,0
06/08/2026 11:49:12,Npgsql,db.client.operation.npgsql.bytes_read (By / 1 sec)[db.client.connection.pool.name=Host=127.0.0.1;Port=5432;Username=postgres;Database=myapp_load;Maximum Pool Size=500],Rate,69514
06/08/2026 11:49:12,System.Runtime,dotnet.gc.collections ({collection} / 1 sec)[gc.heap.generation=gen1],Rate,0
06/08/2026 11:49:12,System.Runtime,dotnet.gc.collections ({collection} / 1 sec)[gc.heap.generation=gen0],Rate,0
06/08/2026 11:49:12,System.Runtime,dotnet.gc.collections ({collection} / 1 sec)[gc.heap.generation=gen2],Rate,0
06/08/2026 11:49:12,Npgsql,db.client.operation.npgsql.executing ({command})[db.client.connection.pool.name=Host=127.0.0.1;Port=5432;Username=postgres;Database=myapp_load;Maximum Pool Size=500],Metric,4
06/08/2026 11:49:12,System.Runtime,dotnet.thread_pool.work_item.count ({work_item} / 1 sec),Rate,930
06/08/2026 11:49:12,System.Runtime,dotnet.gc.pause.time (s / 1 sec),Rate,0
06/08/2026 11:49:12,System.Runtime,dotnet.timer.count ({timer}),Metric,4379
06/08/2026 11:49:12,System.Runtime,dotnet.jit.compilation.time (s / 1 sec),Rate,0.09346109999999896
06/08/2026 11:49:12,System.Runtime,dotnet.gc.last_collection.heap.size (By)[gc.heap.generation=gen1],Metric,109905080
06/08/2026 11:49:12,System.Runtime,dotnet.gc.last_collection.heap.size (By)[gc.heap.generation=loh],Metric,4626696
06/08/2026 11:49:12,System.Runtime,dotnet.gc.last_collection.heap.size (By)[gc.heap.generation=gen0],Metric,22434544
06/08/2026 11:49:12,System.Runtime,dotnet.gc.last_collection.heap.size (By)[gc.heap.generation=gen2],Metric,68982264
06/08/2026 11:49:12,System.Runtime,dotnet.gc.last_collection.heap.size (By)[gc.heap.generation=poh],Metric,3341880
06/08/2026 11:49:12,System.Runtime,dotnet.process.cpu.time (s / 1 sec)[cpu.mode=user],Rate,0.28125
06/08/2026 11:49:12,System.Runtime,dotnet.process.cpu.time (s / 1 sec)[cpu.mode=system],Rate,0.265625
06/08/2026 11:49:12,Microsoft.AspNetCore.Hosting,http.server.request.duration (s)[http.request.method=GET;http.response.status_code=200;http.route=/orders/{id:int};network.protocol.version=1.1;url.scheme=http;Percentile=50],Metric,3.07421875
06/08/2026 11:49:12,Microsoft.AspNetCore.Hosting,http.server.request.duration (s)[http.request.method=GET;http.response.status_code=200;http.route=/orders/{id:int};network.protocol.version=1.1;url.scheme=http;Percentile=95],Metric,4.8125
06/08/2026 11:49:12,Microsoft.AspNetCore.Hosting,http.server.request.duration (s)[http.request.method=GET;http.response.status_code=200;http.route=/orders/{id:int};network.protocol.version=1.1;url.scheme=http;Percentile=99],Metric,4.9140625
06/08/2026 11:49:12,Npgsql,db.client.connection.npgsql.create_time (s)[db.client.connection.pool.name=Host=127.0.0.1;Port=5432;Username=postgres;Database=myapp_load;Maximum Pool Size=500;Percentile=50],Metric,2.89453125
06/08/2026 11:49:12,Npgsql,db.client.connection.npgsql.create_time (s)[db.client.connection.pool.name=Host=127.0.0.1;Port=5432;Username=postgres;Database=myapp_load;Maximum Pool Size=500;Percentile=95],Metric,3.30078125
06/08/2026 11:49:12,Npgsql,db.client.connection.npgsql.create_time (s)[db.client.connection.pool.name=Host=127.0.0.1;Port=5432;Username=postgres;Database=myapp_load;Maximum Pool Size=500;Percentile=99],Metric,3.33984375
06/08/2026 11:49:12,System.Runtime,dotnet.jit.compiled_il.size (By / 1 sec),Rate,2824
06/08/2026 11:49:12,System.Runtime,dotnet.gc.heap.total_allocated (By / 1 sec),Rate,9547936
06/08/2026 11:49:12,System.Runtime,dotnet.process.cpu.count ({cpu}),Metric,20
06/08/2026 11:49:12,System.Runtime,dotnet.monitor.lock_contentions ({contention} / 1 sec),Rate,0
06/08/2026 11:49:12,Npgsql,db.client.operation.duration (s)[db.client.connection.pool.name=Host=127.0.0.1;Port=5432;Username=postgres;Database=myapp_load;Maximum Pool Size=500;db.system.name=postgresql;server.address=127.0.0.1;server.port=5432;Percentile=50],Metric,0.02392578125
06/08/2026 11:49:12,Npgsql,db.client.operation.duration (s)[db.client.connection.pool.name=Host=127.0.0.1;Port=5432;Username=postgres;Database=myapp_load;Maximum Pool Size=500;db.system.name=postgresql;server.address=127.0.0.1;server.port=5432;Percentile=95],Metric,0.080810546875
06/08/2026 11:49:12,Npgsql,db.client.operation.duration (s)[db.client.connection.pool.name=Host=127.0.0.1;Port=5432;Username=postgres;Database=myapp_load;Maximum Pool Size=500;db.system.name=postgresql;server.address=127.0.0.1;server.port=5432;Percentile=99],Metric,0.1092529296875
06/08/2026 11:49:12,System.Runtime,dotnet.thread_pool.thread.count ({thread} / 1 sec),Rate,0
06/08/2026 11:49:12,System.Runtime,dotnet.exceptions ({exception} / 1 sec)[error.type=SocketException],Rate,0
06/08/2026 11:49:12,System.Runtime,dotnet.exceptions ({exception} / 1 sec)[error.type=HttpRequestException],Rate,0
06/08/2026 11:49:12,System.Runtime,dotnet.exceptions ({exception} / 1 sec)[error.type=NpgsqlException],Rate,0
06/08/2026 11:49:12,System.Runtime,dotnet.exceptions ({exception} / 1 sec)[error.type=OperationCanceledException],Rate,0
06/08/2026 11:49:12,System.Runtime,dotnet.gc.last_collection.heap.fragmentation.size (By)[gc.heap.generation=gen1],Metric,28924464
06/08/2026 11:49:12,System.Runtime,dotnet.gc.last_collection.heap.fragmentation.size (By)[gc.heap.generation=loh],Metric,768
06/08/2026 11:49:12,System.Runtime,dotnet.gc.last_collection.heap.fragmentation.size (By)[gc.heap.generation=gen0],Metric,22236816
06/08/2026 11:49:12,System.Runtime,dotnet.gc.last_collection.heap.fragmentation.size (By)[gc.heap.generation=gen2],Metric,13900056
06/08/2026 11:49:12,System.Runtime,dotnet.gc.last_collection.heap.fragmentation.size (By)[gc.heap.generation=poh],Metric,0
06/08/2026 11:49:12,Microsoft.AspNetCore.Hosting,http.server.active_requests ({request})[http.request.method=POST;url.scheme=http],Metric,0
06/08/2026 11:49:12,Microsoft.AspNetCore.Hosting,http.server.active_requests ({request})[http.request.method=GET;url.scheme=http],Metric,4096
06/08/2026 11:49:12,System.Runtime,dotnet.process.memory.working_set (By),Metric,411373568
06/08/2026 11:49:12,System.Runtime,dotnet.thread_pool.queue.length ({work_item} / 1 sec),Rate,0
06/08/2026 11:49:12,Npgsql,db.client.operation.npgsql.bytes_written (By / 1 sec)[db.client.connection.pool.name=Host=127.0.0.1;Port=5432;Username=postgres;Database=myapp_load;Maximum Pool Size=500],Rate,34176
06/08/2026 11:49:12,System.Runtime,dotnet.assembly.count ({assembly}),Metric,156
06/08/2026 11:49:12,Npgsql,db.client.operation.npgsql.prepared_ratio[db.client.connection.pool.name=Host=127.0.0.1;Port=5432;Username=postgres;Database=myapp_load;Maximum Pool Size=500],Metric,0
06/08/2026 11:49:12,System.Runtime,dotnet.jit.compiled_methods ({method} / 1 sec),Rate,45
06/08/2026 11:49:13,System.Runtime,dotnet.gc.last_collection.memory.committed_size (By),Metric,286478336
06/08/2026 11:49:13,Npgsql,db.client.connection.npgsql.pending_requests ({request})[db.client.connection.pool.name=Host=127.0.0.1;Port=5432;Username=postgres;Database=myapp_load;Maximum Pool Size=500],Metric,3950
06/08/2026 11:49:13,Npgsql,db.client.connection.max ({connection})[db.client.connection.pool.name=Host=127.0.0.1;Port=5432;Username=postgres;Database=myapp_load;Maximum Pool Size=500],Metric,500
06/08/2026 11:49:13,Npgsql,db.client.connection.count ({connection})[db.client.connection.pool.name=Host=127.0.0.1;Port=5432;Username=postgres;Database=myapp_load;Maximum Pool Size=500;db.client.connection.state=used],Metric,500
06/08/2026 11:49:13,Npgsql,db.client.connection.count ({connection})[db.client.connection.pool.name=Host=127.0.0.1;Port=5432;Username=postgres;Database=myapp_load;Maximum Pool Size=500;db.client.connection.state=idle],Metric,0
06/08/2026 11:49:13,Npgsql,db.client.operation.npgsql.bytes_read (By / 1 sec)[db.client.connection.pool.name=Host=127.0.0.1;Port=5432;Username=postgres;Database=myapp_load;Maximum Pool Size=500],Rate,61154
06/08/2026 11:49:13,System.Runtime,dotnet.gc.collections ({collection} / 1 sec)[gc.heap.generation=gen1],Rate,0
06/08/2026 11:49:13,System.Runtime,dotnet.gc.collections ({collection} / 1 sec)[gc.heap.generation=gen0],Rate,0
06/08/2026 11:49:13,System.Runtime,dotnet.gc.collections ({collection} / 1 sec)[gc.heap.generation=gen2],Rate,0
06/08/2026 11:49:13,Npgsql,db.client.operation.npgsql.executing ({command})[db.client.connection.pool.name=Host=127.0.0.1;Port=5432;Username=postgres;Database=myapp_load;Maximum Pool Size=500],Metric,4
06/08/2026 11:49:13,System.Runtime,dotnet.thread_pool.work_item.count ({work_item} / 1 sec),Rate,833
06/08/2026 11:49:13,System.Runtime,dotnet.gc.pause.time (s / 1 sec),Rate,0
06/08/2026 11:49:13,System.Runtime,dotnet.timer.count ({timer}),Metric,4455
06/08/2026 11:49:13,System.Runtime,dotnet.jit.compilation.time (s / 1 sec),Rate,0.017044399999999627
06/08/2026 11:49:13,System.Runtime,dotnet.gc.last_collection.heap.size (By)[gc.heap.generation=gen1],Metric,109905080
06/08/2026 11:49:13,System.Runtime,dotnet.gc.last_collection.heap.size (By)[gc.heap.generation=loh],Metric,4626696
06/08/2026 11:49:13,System.Runtime,dotnet.gc.last_collection.heap.size (By)[gc.heap.generation=gen0],Metric,22434544
06/08/2026 11:49:13,System.Runtime,dotnet.gc.last_collection.heap.size (By)[gc.heap.generation=gen2],Metric,68982264
06/08/2026 11:49:13,System.Runtime,dotnet.gc.last_collection.heap.size (By)[gc.heap.generation=poh],Metric,3341880
06/08/2026 11:49:13,System.Runtime,dotnet.process.cpu.time (s / 1 sec)[cpu.mode=user],Rate,0.28125
06/08/2026 11:49:13,System.Runtime,dotnet.process.cpu.time (s / 1 sec)[cpu.mode=system],Rate,0.3125
06/08/2026 11:49:13,Microsoft.AspNetCore.Hosting,http.server.request.duration (s)[http.request.method=GET;http.response.status_code=200;http.route=/orders/{id:int};network.protocol.version=1.1;url.scheme=http;Percentile=50],Metric,3.7890625
06/08/2026 11:49:13,Microsoft.AspNetCore.Hosting,http.server.request.duration (s)[http.request.method=GET;http.response.status_code=200;http.route=/orders/{id:int};network.protocol.version=1.1;url.scheme=http;Percentile=95],Metric,4.1953125
06/08/2026 11:49:13,Microsoft.AspNetCore.Hosting,http.server.request.duration (s)[http.request.method=GET;http.response.status_code=200;http.route=/orders/{id:int};network.protocol.version=1.1;url.scheme=http;Percentile=99],Metric,4.2265625
06/08/2026 11:49:13,Npgsql,db.client.connection.npgsql.create_time (s)[db.client.connection.pool.name=Host=127.0.0.1;Port=5432;Username=postgres;Database=myapp_load;Maximum Pool Size=500;Percentile=50],Metric,3.7890625
06/08/2026 11:49:13,Npgsql,db.client.connection.npgsql.create_time (s)[db.client.connection.pool.name=Host=127.0.0.1;Port=5432;Username=postgres;Database=myapp_load;Maximum Pool Size=500;Percentile=95],Metric,4.1796875
06/08/2026 11:49:13,Npgsql,db.client.connection.npgsql.create_time (s)[db.client.connection.pool.name=Host=127.0.0.1;Port=5432;Username=postgres;Database=myapp_load;Maximum Pool Size=500;Percentile=99],Metric,4.2109375
06/08/2026 11:49:13,System.Runtime,dotnet.jit.compiled_il.size (By / 1 sec),Rate,812
06/08/2026 11:49:13,System.Runtime,dotnet.gc.heap.total_allocated (By / 1 sec),Rate,8309376
06/08/2026 11:49:13,System.Runtime,dotnet.process.cpu.count ({cpu}),Metric,20
06/08/2026 11:49:13,System.Runtime,dotnet.monitor.lock_contentions ({contention} / 1 sec),Rate,0
06/08/2026 11:49:13,Npgsql,db.client.operation.duration (s)[db.client.connection.pool.name=Host=127.0.0.1;Port=5432;Username=postgres;Database=myapp_load;Maximum Pool Size=500;db.system.name=postgresql;server.address=127.0.0.1;server.port=5432;Percentile=50],Metric,0.02862548828125
06/08/2026 11:49:13,Npgsql,db.client.operation.duration (s)[db.client.connection.pool.name=Host=127.0.0.1;Port=5432;Username=postgres;Database=myapp_load;Maximum Pool Size=500;db.system.name=postgresql;server.address=127.0.0.1;server.port=5432;Percentile=95],Metric,0.139892578125
06/08/2026 11:49:13,Npgsql,db.client.operation.duration (s)[db.client.connection.pool.name=Host=127.0.0.1;Port=5432;Username=postgres;Database=myapp_load;Maximum Pool Size=500;db.system.name=postgresql;server.address=127.0.0.1;server.port=5432;Percentile=99],Metric,0.216552734375
06/08/2026 11:49:13,System.Runtime,dotnet.thread_pool.thread.count ({thread} / 1 sec),Rate,0
06/08/2026 11:49:13,System.Runtime,dotnet.exceptions ({exception} / 1 sec)[error.type=SocketException],Rate,2
06/08/2026 11:49:13,System.Runtime,dotnet.exceptions ({exception} / 1 sec)[error.type=HttpRequestException],Rate,11
06/08/2026 11:49:13,System.Runtime,dotnet.exceptions ({exception} / 1 sec)[error.type=NpgsqlException],Rate,0
06/08/2026 11:49:13,System.Runtime,dotnet.exceptions ({exception} / 1 sec)[error.type=OperationCanceledException],Rate,0
06/08/2026 11:49:13,System.Runtime,dotnet.gc.last_collection.heap.fragmentation.size (By)[gc.heap.generation=gen1],Metric,28924464
06/08/2026 11:49:13,System.Runtime,dotnet.gc.last_collection.heap.fragmentation.size (By)[gc.heap.generation=loh],Metric,768
06/08/2026 11:49:13,System.Runtime,dotnet.gc.last_collection.heap.fragmentation.size (By)[gc.heap.generation=gen0],Metric,22236816
06/08/2026 11:49:13,System.Runtime,dotnet.gc.last_collection.heap.fragmentation.size (By)[gc.heap.generation=gen2],Metric,13900056
06/08/2026 11:49:13,System.Runtime,dotnet.gc.last_collection.heap.fragmentation.size (By)[gc.heap.generation=poh],Metric,0
06/08/2026 11:49:13,Microsoft.AspNetCore.Hosting,http.server.active_requests ({request})[http.request.method=POST;url.scheme=http],Metric,0
06/08/2026 11:49:13,Microsoft.AspNetCore.Hosting,http.server.active_requests ({request})[http.request.method=GET;url.scheme=http],Metric,4092
06/08/2026 11:49:13,System.Runtime,dotnet.process.memory.working_set (By),Metric,413032448
06/08/2026 11:49:13,System.Runtime,dotnet.thread_pool.queue.length ({work_item} / 1 sec),Rate,0
06/08/2026 11:49:13,Npgsql,db.client.operation.npgsql.bytes_written (By / 1 sec)[db.client.connection.pool.name=Host=127.0.0.1;Port=5432;Username=postgres;Database=myapp_load;Maximum Pool Size=500],Rate,29582
06/08/2026 11:49:13,System.Runtime,dotnet.assembly.count ({assembly}),Metric,156
06/08/2026 11:49:13,Npgsql,db.client.operation.npgsql.prepared_ratio[db.client.connection.pool.name=Host=127.0.0.1;Port=5432;Username=postgres;Database=myapp_load;Maximum Pool Size=500],Metric,0
06/08/2026 11:49:13,System.Runtime,dotnet.jit.compiled_methods ({method} / 1 sec),Rate,16
06/08/2026 11:49:14,System.Runtime,dotnet.gc.last_collection.memory.committed_size (By),Metric,286478336
06/08/2026 11:49:14,Npgsql,db.client.connection.npgsql.pending_requests ({request})[db.client.connection.pool.name=Host=127.0.0.1;Port=5432;Username=postgres;Database=myapp_load;Maximum Pool Size=500],Metric,4047
06/08/2026 11:49:14,Npgsql,db.client.connection.max ({connection})[db.client.connection.pool.name=Host=127.0.0.1;Port=5432;Username=postgres;Database=myapp_load;Maximum Pool Size=500],Metric,500
06/08/2026 11:49:14,Npgsql,db.client.connection.count ({connection})[db.client.connection.pool.name=Host=127.0.0.1;Port=5432;Username=postgres;Database=myapp_load;Maximum Pool Size=500;db.client.connection.state=used],Metric,500
06/08/2026 11:49:14,Npgsql,db.client.connection.count ({connection})[db.client.connection.pool.name=Host=127.0.0.1;Port=5432;Username=postgres;Database=myapp_load;Maximum Pool Size=500;db.client.connection.state=idle],Metric,0
06/08/2026 11:49:14,Npgsql,db.client.operation.npgsql.bytes_read (By / 1 sec)[db.client.connection.pool.name=Host=127.0.0.1;Port=5432;Username=postgres;Database=myapp_load;Maximum Pool Size=500],Rate,70678
06/08/2026 11:49:14,System.Runtime,dotnet.gc.collections ({collection} / 1 sec)[gc.heap.generation=gen1],Rate,0
06/08/2026 11:49:14,System.Runtime,dotnet.gc.collections ({collection} / 1 sec)[gc.heap.generation=gen0],Rate,0
06/08/2026 11:49:14,System.Runtime,dotnet.gc.collections ({collection} / 1 sec)[gc.heap.generation=gen2],Rate,0
06/08/2026 11:49:14,Npgsql,db.client.operation.npgsql.executing ({command})[db.client.connection.pool.name=Host=127.0.0.1;Port=5432;Username=postgres;Database=myapp_load;Maximum Pool Size=500],Metric,0
06/08/2026 11:49:14,System.Runtime,dotnet.thread_pool.work_item.count ({work_item} / 1 sec),Rate,972
06/08/2026 11:49:14,System.Runtime,dotnet.gc.pause.time (s / 1 sec),Rate,0
06/08/2026 11:49:14,System.Runtime,dotnet.timer.count ({timer}),Metric,4552
06/08/2026 11:49:14,System.Runtime,dotnet.jit.compilation.time (s / 1 sec),Rate,0.024204900000000862
06/08/2026 11:49:14,System.Runtime,dotnet.gc.last_collection.heap.size (By)[gc.heap.generation=gen1],Metric,109905080
06/08/2026 11:49:14,System.Runtime,dotnet.gc.last_collection.heap.size (By)[gc.heap.generation=loh],Metric,4626696
06/08/2026 11:49:14,System.Runtime,dotnet.gc.last_collection.heap.size (By)[gc.heap.generation=gen0],Metric,22434544
06/08/2026 11:49:14,System.Runtime,dotnet.gc.last_collection.heap.size (By)[gc.heap.generation=gen2],Metric,68982264
06/08/2026 11:49:14,System.Runtime,dotnet.gc.last_collection.heap.size (By)[gc.heap.generation=poh],Metric,3341880
06/08/2026 11:49:14,System.Runtime,dotnet.process.cpu.time (s / 1 sec)[cpu.mode=user],Rate,0.25
06/08/2026 11:49:14,System.Runtime,dotnet.process.cpu.time (s / 1 sec)[cpu.mode=system],Rate,0.171875
06/08/2026 11:49:14,Microsoft.AspNetCore.Hosting,http.server.request.duration (s)[http.request.method=GET;http.response.status_code=200;http.route=/orders/{id:int};network.protocol.version=1.1;url.scheme=http;Percentile=50],Metric,4.7421875
06/08/2026 11:49:14,Microsoft.AspNetCore.Hosting,http.server.request.duration (s)[http.request.method=GET;http.response.status_code=200;http.route=/orders/{id:int};network.protocol.version=1.1;url.scheme=http;Percentile=95],Metric,5.109375
06/08/2026 11:49:14,Microsoft.AspNetCore.Hosting,http.server.request.duration (s)[http.request.method=GET;http.response.status_code=200;http.route=/orders/{id:int};network.protocol.version=1.1;url.scheme=http;Percentile=99],Metric,6.6875
06/08/2026 11:49:14,Npgsql,db.client.connection.npgsql.create_time (s)[db.client.connection.pool.name=Host=127.0.0.1;Port=5432;Username=postgres;Database=myapp_load;Maximum Pool Size=500;Percentile=50],Metric,4.7109375
06/08/2026 11:49:14,Npgsql,db.client.connection.npgsql.create_time (s)[db.client.connection.pool.name=Host=127.0.0.1;Port=5432;Username=postgres;Database=myapp_load;Maximum Pool Size=500;Percentile=95],Metric,5.0546875
06/08/2026 11:49:14,Npgsql,db.client.connection.npgsql.create_time (s)[db.client.connection.pool.name=Host=127.0.0.1;Port=5432;Username=postgres;Database=myapp_load;Maximum Pool Size=500;Percentile=99],Metric,5.109375
06/08/2026 11:49:14,System.Runtime,dotnet.jit.compiled_il.size (By / 1 sec),Rate,1590
06/08/2026 11:49:14,System.Runtime,dotnet.gc.heap.total_allocated (By / 1 sec),Rate,9876768
06/08/2026 11:49:14,System.Runtime,dotnet.process.cpu.count ({cpu}),Metric,20
06/08/2026 11:49:14,System.Runtime,dotnet.monitor.lock_contentions ({contention} / 1 sec),Rate,0
06/08/2026 11:49:14,Npgsql,db.client.operation.duration (s)[db.client.connection.pool.name=Host=127.0.0.1;Port=5432;Username=postgres;Database=myapp_load;Maximum Pool Size=500;db.system.name=postgresql;server.address=127.0.0.1;server.port=5432;Percentile=50],Metric,0.02117919921875
06/08/2026 11:49:14,Npgsql,db.client.operation.duration (s)[db.client.connection.pool.name=Host=127.0.0.1;Port=5432;Username=postgres;Database=myapp_load;Maximum Pool Size=500;db.system.name=postgresql;server.address=127.0.0.1;server.port=5432;Percentile=95],Metric,0.0941162109375
06/08/2026 11:49:14,Npgsql,db.client.operation.duration (s)[db.client.connection.pool.name=Host=127.0.0.1;Port=5432;Username=postgres;Database=myapp_load;Maximum Pool Size=500;db.system.name=postgresql;server.address=127.0.0.1;server.port=5432;Percentile=99],Metric,0.194091796875
06/08/2026 11:49:14,System.Runtime,dotnet.thread_pool.thread.count ({thread} / 1 sec),Rate,0
06/08/2026 11:49:14,System.Runtime,dotnet.exceptions ({exception} / 1 sec)[error.type=SocketException],Rate,0
06/08/2026 11:49:14,System.Runtime,dotnet.exceptions ({exception} / 1 sec)[error.type=HttpRequestException],Rate,0
06/08/2026 11:49:14,System.Runtime,dotnet.exceptions ({exception} / 1 sec)[error.type=NpgsqlException],Rate,0
06/08/2026 11:49:14,System.Runtime,dotnet.exceptions ({exception} / 1 sec)[error.type=OperationCanceledException],Rate,0
06/08/2026 11:49:14,System.Runtime,dotnet.gc.last_collection.heap.fragmentation.size (By)[gc.heap.generation=gen1],Metric,28924464
06/08/2026 11:49:14,System.Runtime,dotnet.gc.last_collection.heap.fragmentation.size (By)[gc.heap.generation=loh],Metric,768
06/08/2026 11:49:14,System.Runtime,dotnet.gc.last_collection.heap.fragmentation.size (By)[gc.heap.generation=gen0],Metric,22236816
06/08/2026 11:49:14,System.Runtime,dotnet.gc.last_collection.heap.fragmentation.size (By)[gc.heap.generation=gen2],Metric,13900056
06/08/2026 11:49:14,System.Runtime,dotnet.gc.last_collection.heap.fragmentation.size (By)[gc.heap.generation=poh],Metric,0
06/08/2026 11:49:14,Microsoft.AspNetCore.Hosting,http.server.active_requests ({request})[http.request.method=POST;url.scheme=http],Metric,0
06/08/2026 11:49:14,Microsoft.AspNetCore.Hosting,http.server.active_requests ({request})[http.request.method=GET;url.scheme=http],Metric,4096
06/08/2026 11:49:14,System.Runtime,dotnet.process.memory.working_set (By),Metric,415023104
06/08/2026 11:49:14,System.Runtime,dotnet.thread_pool.queue.length ({work_item} / 1 sec),Rate,0
06/08/2026 11:49:14,Npgsql,db.client.operation.npgsql.bytes_written (By / 1 sec)[db.client.connection.pool.name=Host=127.0.0.1;Port=5432;Username=postgres;Database=myapp_load;Maximum Pool Size=500],Rate,35237
06/08/2026 11:49:14,System.Runtime,dotnet.assembly.count ({assembly}),Metric,156
06/08/2026 11:49:14,Npgsql,db.client.operation.npgsql.prepared_ratio[db.client.connection.pool.name=Host=127.0.0.1;Port=5432;Username=postgres;Database=myapp_load;Maximum Pool Size=500],Metric,0
06/08/2026 11:49:14,System.Runtime,dotnet.jit.compiled_methods ({method} / 1 sec),Rate,7
06/08/2026 11:49:15,System.Runtime,dotnet.gc.last_collection.memory.committed_size (By),Metric,286478336
06/08/2026 11:49:15,Npgsql,db.client.connection.npgsql.pending_requests ({request})[db.client.connection.pool.name=Host=127.0.0.1;Port=5432;Username=postgres;Database=myapp_load;Maximum Pool Size=500],Metric,4077
06/08/2026 11:49:15,Npgsql,db.client.connection.max ({connection})[db.client.connection.pool.name=Host=127.0.0.1;Port=5432;Username=postgres;Database=myapp_load;Maximum Pool Size=500],Metric,500
06/08/2026 11:49:15,Npgsql,db.client.connection.count ({connection})[db.client.connection.pool.name=Host=127.0.0.1;Port=5432;Username=postgres;Database=myapp_load;Maximum Pool Size=500;db.client.connection.state=used],Metric,500
06/08/2026 11:49:15,Npgsql,db.client.connection.count ({connection})[db.client.connection.pool.name=Host=127.0.0.1;Port=5432;Username=postgres;Database=myapp_load;Maximum Pool Size=500;db.client.connection.state=idle],Metric,0
06/08/2026 11:49:15,Npgsql,db.client.operation.npgsql.bytes_read (By / 1 sec)[db.client.connection.pool.name=Host=127.0.0.1;Port=5432;Username=postgres;Database=myapp_load;Maximum Pool Size=500],Rate,90956
06/08/2026 11:49:15,System.Runtime,dotnet.gc.collections ({collection} / 1 sec)[gc.heap.generation=gen1],Rate,0
06/08/2026 11:49:15,System.Runtime,dotnet.gc.collections ({collection} / 1 sec)[gc.heap.generation=gen0],Rate,0
06/08/2026 11:49:15,System.Runtime,dotnet.gc.collections ({collection} / 1 sec)[gc.heap.generation=gen2],Rate,0
06/08/2026 11:49:15,Npgsql,db.client.operation.npgsql.executing ({command})[db.client.connection.pool.name=Host=127.0.0.1;Port=5432;Username=postgres;Database=myapp_load;Maximum Pool Size=500],Metric,4
06/08/2026 11:49:15,System.Runtime,dotnet.thread_pool.work_item.count ({work_item} / 1 sec),Rate,1167
06/08/2026 11:49:15,System.Runtime,dotnet.gc.pause.time (s / 1 sec),Rate,0
06/08/2026 11:49:15,System.Runtime,dotnet.timer.count ({timer}),Metric,4582
06/08/2026 11:49:15,System.Runtime,dotnet.jit.compilation.time (s / 1 sec),Rate,0.004544800000001459
06/08/2026 11:49:15,System.Runtime,dotnet.gc.last_collection.heap.size (By)[gc.heap.generation=gen1],Metric,109905080
06/08/2026 11:49:15,System.Runtime,dotnet.gc.last_collection.heap.size (By)[gc.heap.generation=loh],Metric,4626696
06/08/2026 11:49:15,System.Runtime,dotnet.gc.last_collection.heap.size (By)[gc.heap.generation=gen0],Metric,22434544
06/08/2026 11:49:15,System.Runtime,dotnet.gc.last_collection.heap.size (By)[gc.heap.generation=gen2],Metric,68982264
06/08/2026 11:49:15,System.Runtime,dotnet.gc.last_collection.heap.size (By)[gc.heap.generation=poh],Metric,3341880
06/08/2026 11:49:15,System.Runtime,dotnet.process.cpu.time (s / 1 sec)[cpu.mode=user],Rate,0.28125
06/08/2026 11:49:15,System.Runtime,dotnet.process.cpu.time (s / 1 sec)[cpu.mode=system],Rate,0.5
06/08/2026 11:49:15,Microsoft.AspNetCore.Hosting,http.server.request.duration (s)[http.request.method=GET;http.response.status_code=200;http.route=/orders/{id:int};network.protocol.version=1.1;url.scheme=http;Percentile=50],Metric,7.8046875
06/08/2026 11:49:15,Microsoft.AspNetCore.Hosting,http.server.request.duration (s)[http.request.method=GET;http.response.status_code=200;http.route=/orders/{id:int};network.protocol.version=1.1;url.scheme=http;Percentile=95],Metric,8.3125
06/08/2026 11:49:15,Microsoft.AspNetCore.Hosting,http.server.request.duration (s)[http.request.method=GET;http.response.status_code=200;http.route=/orders/{id:int};network.protocol.version=1.1;url.scheme=http;Percentile=99],Metric,8.34375
06/08/2026 11:49:15,Npgsql,db.client.connection.npgsql.create_time (s)[db.client.connection.pool.name=Host=127.0.0.1;Port=5432;Username=postgres;Database=myapp_load;Maximum Pool Size=500;Percentile=50],Metric,5.140625
06/08/2026 11:49:15,Npgsql,db.client.connection.npgsql.create_time (s)[db.client.connection.pool.name=Host=127.0.0.1;Port=5432;Username=postgres;Database=myapp_load;Maximum Pool Size=500;Percentile=95],Metric,5.578125
06/08/2026 11:49:15,Npgsql,db.client.connection.npgsql.create_time (s)[db.client.connection.pool.name=Host=127.0.0.1;Port=5432;Username=postgres;Database=myapp_load;Maximum Pool Size=500;Percentile=99],Metric,5.6328125
06/08/2026 11:49:15,System.Runtime,dotnet.jit.compiled_il.size (By / 1 sec),Rate,335
06/08/2026 11:49:15,System.Runtime,dotnet.gc.heap.total_allocated (By / 1 sec),Rate,12065256
06/08/2026 11:49:15,System.Runtime,dotnet.process.cpu.count ({cpu}),Metric,20
06/08/2026 11:49:15,System.Runtime,dotnet.monitor.lock_contentions ({contention} / 1 sec),Rate,0
06/08/2026 11:49:15,Npgsql,db.client.operation.duration (s)[db.client.connection.pool.name=Host=127.0.0.1;Port=5432;Username=postgres;Database=myapp_load;Maximum Pool Size=500;db.system.name=postgresql;server.address=127.0.0.1;server.port=5432;Percentile=50],Metric,0.01690673828125
06/08/2026 11:49:15,Npgsql,db.client.operation.duration (s)[db.client.connection.pool.name=Host=127.0.0.1;Port=5432;Username=postgres;Database=myapp_load;Maximum Pool Size=500;db.system.name=postgresql;server.address=127.0.0.1;server.port=5432;Percentile=95],Metric,0.0943603515625
06/08/2026 11:49:15,Npgsql,db.client.operation.duration (s)[db.client.connection.pool.name=Host=127.0.0.1;Port=5432;Username=postgres;Database=myapp_load;Maximum Pool Size=500;db.system.name=postgresql;server.address=127.0.0.1;server.port=5432;Percentile=99],Metric,0.17919921875
06/08/2026 11:49:15,System.Runtime,dotnet.thread_pool.thread.count ({thread} / 1 sec),Rate,0
06/08/2026 11:49:15,System.Runtime,dotnet.exceptions ({exception} / 1 sec)[error.type=SocketException],Rate,0
06/08/2026 11:49:15,System.Runtime,dotnet.exceptions ({exception} / 1 sec)[error.type=HttpRequestException],Rate,0
06/08/2026 11:49:15,System.Runtime,dotnet.exceptions ({exception} / 1 sec)[error.type=NpgsqlException],Rate,0
06/08/2026 11:49:15,System.Runtime,dotnet.exceptions ({exception} / 1 sec)[error.type=OperationCanceledException],Rate,0
06/08/2026 11:49:15,System.Runtime,dotnet.gc.last_collection.heap.fragmentation.size (By)[gc.heap.generation=gen1],Metric,28924464
06/08/2026 11:49:15,System.Runtime,dotnet.gc.last_collection.heap.fragmentation.size (By)[gc.heap.generation=loh],Metric,768
06/08/2026 11:49:15,System.Runtime,dotnet.gc.last_collection.heap.fragmentation.size (By)[gc.heap.generation=gen0],Metric,22236816
06/08/2026 11:49:15,System.Runtime,dotnet.gc.last_collection.heap.fragmentation.size (By)[gc.heap.generation=gen2],Metric,13900056
06/08/2026 11:49:15,System.Runtime,dotnet.gc.last_collection.heap.fragmentation.size (By)[gc.heap.generation=poh],Metric,0
06/08/2026 11:49:15,Microsoft.AspNetCore.Hosting,http.server.active_requests ({request})[http.request.method=POST;url.scheme=http],Metric,0
06/08/2026 11:49:15,Microsoft.AspNetCore.Hosting,http.server.active_requests ({request})[http.request.method=GET;url.scheme=http],Metric,4096
06/08/2026 11:49:15,System.Runtime,dotnet.process.memory.working_set (By),Metric,423174144
06/08/2026 11:49:15,System.Runtime,dotnet.thread_pool.queue.length ({work_item} / 1 sec),Rate,0
06/08/2026 11:49:15,Npgsql,db.client.operation.npgsql.bytes_written (By / 1 sec)[db.client.connection.pool.name=Host=127.0.0.1;Port=5432;Username=postgres;Database=myapp_load;Maximum Pool Size=500],Rate,42820
06/08/2026 11:49:15,System.Runtime,dotnet.assembly.count ({assembly}),Metric,156
06/08/2026 11:49:15,Npgsql,db.client.operation.npgsql.prepared_ratio[db.client.connection.pool.name=Host=127.0.0.1;Port=5432;Username=postgres;Database=myapp_load;Maximum Pool Size=500],Metric,0
06/08/2026 11:49:15,System.Runtime,dotnet.jit.compiled_methods ({method} / 1 sec),Rate,5
06/08/2026 11:49:16,System.Runtime,dotnet.gc.last_collection.memory.committed_size (By),Metric,286478336
06/08/2026 11:49:16,Npgsql,db.client.connection.npgsql.pending_requests ({request})[db.client.connection.pool.name=Host=127.0.0.1;Port=5432;Username=postgres;Database=myapp_load;Maximum Pool Size=500],Metric,4047
06/08/2026 11:49:16,Npgsql,db.client.connection.max ({connection})[db.client.connection.pool.name=Host=127.0.0.1;Port=5432;Username=postgres;Database=myapp_load;Maximum Pool Size=500],Metric,500
06/08/2026 11:49:16,Npgsql,db.client.connection.count ({connection})[db.client.connection.pool.name=Host=127.0.0.1;Port=5432;Username=postgres;Database=myapp_load;Maximum Pool Size=500;db.client.connection.state=used],Metric,500
06/08/2026 11:49:16,Npgsql,db.client.connection.count ({connection})[db.client.connection.pool.name=Host=127.0.0.1;Port=5432;Username=postgres;Database=myapp_load;Maximum Pool Size=500;db.client.connection.state=idle],Metric,0
06/08/2026 11:49:16,Npgsql,db.client.operation.npgsql.bytes_read (By / 1 sec)[db.client.connection.pool.name=Host=127.0.0.1;Port=5432;Username=postgres;Database=myapp_load;Maximum Pool Size=500],Rate,98018
06/08/2026 11:49:16,System.Runtime,dotnet.gc.collections ({collection} / 1 sec)[gc.heap.generation=gen1],Rate,0
06/08/2026 11:49:16,System.Runtime,dotnet.gc.collections ({collection} / 1 sec)[gc.heap.generation=gen0],Rate,0
06/08/2026 11:49:16,System.Runtime,dotnet.gc.collections ({collection} / 1 sec)[gc.heap.generation=gen2],Rate,0
06/08/2026 11:49:16,Npgsql,db.client.operation.npgsql.executing ({command})[db.client.connection.pool.name=Host=127.0.0.1;Port=5432;Username=postgres;Database=myapp_load;Maximum Pool Size=500],Metric,20
06/08/2026 11:49:16,System.Runtime,dotnet.thread_pool.work_item.count ({work_item} / 1 sec),Rate,1543
06/08/2026 11:49:16,System.Runtime,dotnet.gc.pause.time (s / 1 sec),Rate,0
06/08/2026 11:49:16,System.Runtime,dotnet.timer.count ({timer}),Metric,4552
06/08/2026 11:49:16,System.Runtime,dotnet.jit.compilation.time (s / 1 sec),Rate,0.005836399999999742
06/08/2026 11:49:16,System.Runtime,dotnet.gc.last_collection.heap.size (By)[gc.heap.generation=gen1],Metric,109905080
06/08/2026 11:49:16,System.Runtime,dotnet.gc.last_collection.heap.size (By)[gc.heap.generation=loh],Metric,4626696
06/08/2026 11:49:16,System.Runtime,dotnet.gc.last_collection.heap.size (By)[gc.heap.generation=gen0],Metric,22434544
06/08/2026 11:49:16,System.Runtime,dotnet.gc.last_collection.heap.size (By)[gc.heap.generation=gen2],Metric,68982264
06/08/2026 11:49:16,System.Runtime,dotnet.gc.last_collection.heap.size (By)[gc.heap.generation=poh],Metric,3341880
06/08/2026 11:49:16,System.Runtime,dotnet.process.cpu.time (s / 1 sec)[cpu.mode=user],Rate,0.265625
06/08/2026 11:49:16,System.Runtime,dotnet.process.cpu.time (s / 1 sec)[cpu.mode=system],Rate,0.375
06/08/2026 11:49:16,Microsoft.AspNetCore.Hosting,http.server.request.duration (s)[http.request.method=GET;http.response.status_code=200;http.route=/orders/{id:int};network.protocol.version=1.1;url.scheme=http;Percentile=50],Metric,8.984375
06/08/2026 11:49:16,Microsoft.AspNetCore.Hosting,http.server.request.duration (s)[http.request.method=GET;http.response.status_code=200;http.route=/orders/{id:int};network.protocol.version=1.1;url.scheme=http;Percentile=95],Metric,9.0625
06/08/2026 11:49:16,Microsoft.AspNetCore.Hosting,http.server.request.duration (s)[http.request.method=GET;http.response.status_code=200;http.route=/orders/{id:int};network.protocol.version=1.1;url.scheme=http;Percentile=99],Metric,9.125
06/08/2026 11:49:16,Npgsql,db.client.connection.npgsql.create_time (s)[db.client.connection.pool.name=Host=127.0.0.1;Port=5432;Username=postgres;Database=myapp_load;Maximum Pool Size=500;Percentile=50],Metric,5.2109375
06/08/2026 11:49:16,Npgsql,db.client.connection.npgsql.create_time (s)[db.client.connection.pool.name=Host=127.0.0.1;Port=5432;Username=postgres;Database=myapp_load;Maximum Pool Size=500;Percentile=95],Metric,5.3828125
06/08/2026 11:49:16,Npgsql,db.client.connection.npgsql.create_time (s)[db.client.connection.pool.name=Host=127.0.0.1;Port=5432;Username=postgres;Database=myapp_load;Maximum Pool Size=500;Percentile=99],Metric,5.4921875
06/08/2026 11:49:16,System.Runtime,dotnet.jit.compiled_il.size (By / 1 sec),Rate,339
06/08/2026 11:49:16,System.Runtime,dotnet.gc.heap.total_allocated (By / 1 sec),Rate,11330128
06/08/2026 11:49:16,System.Runtime,dotnet.process.cpu.count ({cpu}),Metric,20
06/08/2026 11:49:16,System.Runtime,dotnet.monitor.lock_contentions ({contention} / 1 sec),Rate,0
06/08/2026 11:49:16,Npgsql,db.client.operation.duration (s)[db.client.connection.pool.name=Host=127.0.0.1;Port=5432;Username=postgres;Database=myapp_load;Maximum Pool Size=500;db.system.name=postgresql;server.address=127.0.0.1;server.port=5432;Percentile=50],Metric,0.0135498046875
06/08/2026 11:49:16,Npgsql,db.client.operation.duration (s)[db.client.connection.pool.name=Host=127.0.0.1;Port=5432;Username=postgres;Database=myapp_load;Maximum Pool Size=500;db.system.name=postgresql;server.address=127.0.0.1;server.port=5432;Percentile=95],Metric,0.05780029296875
06/08/2026 11:49:16,Npgsql,db.client.operation.duration (s)[db.client.connection.pool.name=Host=127.0.0.1;Port=5432;Username=postgres;Database=myapp_load;Maximum Pool Size=500;db.system.name=postgresql;server.address=127.0.0.1;server.port=5432;Percentile=99],Metric,0.1033935546875
06/08/2026 11:49:16,System.Runtime,dotnet.thread_pool.thread.count ({thread} / 1 sec),Rate,0
06/08/2026 11:49:16,System.Runtime,dotnet.exceptions ({exception} / 1 sec)[error.type=SocketException],Rate,0
06/08/2026 11:49:16,System.Runtime,dotnet.exceptions ({exception} / 1 sec)[error.type=HttpRequestException],Rate,0
06/08/2026 11:49:16,System.Runtime,dotnet.exceptions ({exception} / 1 sec)[error.type=NpgsqlException],Rate,0
06/08/2026 11:49:16,System.Runtime,dotnet.exceptions ({exception} / 1 sec)[error.type=OperationCanceledException],Rate,0
06/08/2026 11:49:16,System.Runtime,dotnet.gc.last_collection.heap.fragmentation.size (By)[gc.heap.generation=gen1],Metric,28924464
06/08/2026 11:49:16,System.Runtime,dotnet.gc.last_collection.heap.fragmentation.size (By)[gc.heap.generation=loh],Metric,768
06/08/2026 11:49:16,System.Runtime,dotnet.gc.last_collection.heap.fragmentation.size (By)[gc.heap.generation=gen0],Metric,22236816
06/08/2026 11:49:16,System.Runtime,dotnet.gc.last_collection.heap.fragmentation.size (By)[gc.heap.generation=gen2],Metric,13900056
06/08/2026 11:49:16,System.Runtime,dotnet.gc.last_collection.heap.fragmentation.size (By)[gc.heap.generation=poh],Metric,0
06/08/2026 11:49:16,Microsoft.AspNetCore.Hosting,http.server.active_requests ({request})[http.request.method=POST;url.scheme=http],Metric,0
06/08/2026 11:49:16,Microsoft.AspNetCore.Hosting,http.server.active_requests ({request})[http.request.method=GET;url.scheme=http],Metric,4070
06/08/2026 11:49:16,System.Runtime,dotnet.process.memory.working_set (By),Metric,430952448
06/08/2026 11:49:16,System.Runtime,dotnet.thread_pool.queue.length ({work_item} / 1 sec),Rate,0
06/08/2026 11:49:16,Npgsql,db.client.operation.npgsql.bytes_written (By / 1 sec)[db.client.connection.pool.name=Host=127.0.0.1;Port=5432;Username=postgres;Database=myapp_load;Maximum Pool Size=500],Rate,55635
06/08/2026 11:49:16,System.Runtime,dotnet.assembly.count ({assembly}),Metric,156
06/08/2026 11:49:16,Npgsql,db.client.operation.npgsql.prepared_ratio[db.client.connection.pool.name=Host=127.0.0.1;Port=5432;Username=postgres;Database=myapp_load;Maximum Pool Size=500],Metric,0
06/08/2026 11:49:16,System.Runtime,dotnet.jit.compiled_methods ({method} / 1 sec),Rate,4
06/08/2026 11:49:17,System.Runtime,dotnet.gc.last_collection.memory.committed_size (By),Metric,331317248
06/08/2026 11:49:17,Npgsql,db.client.connection.npgsql.pending_requests ({request})[db.client.connection.pool.name=Host=127.0.0.1;Port=5432;Username=postgres;Database=myapp_load;Maximum Pool Size=500],Metric,4022
06/08/2026 11:49:17,Npgsql,db.client.connection.max ({connection})[db.client.connection.pool.name=Host=127.0.0.1;Port=5432;Username=postgres;Database=myapp_load;Maximum Pool Size=500],Metric,500
06/08/2026 11:49:17,Npgsql,db.client.connection.count ({connection})[db.client.connection.pool.name=Host=127.0.0.1;Port=5432;Username=postgres;Database=myapp_load;Maximum Pool Size=500;db.client.connection.state=used],Metric,500
06/08/2026 11:49:17,Npgsql,db.client.connection.count ({connection})[db.client.connection.pool.name=Host=127.0.0.1;Port=5432;Username=postgres;Database=myapp_load;Maximum Pool Size=500;db.client.connection.state=idle],Metric,0
06/08/2026 11:49:17,Npgsql,db.client.operation.npgsql.bytes_read (By / 1 sec)[db.client.connection.pool.name=Host=127.0.0.1;Port=5432;Username=postgres;Database=myapp_load;Maximum Pool Size=500],Rate,252110
06/08/2026 11:49:17,System.Runtime,dotnet.gc.collections ({collection} / 1 sec)[gc.heap.generation=gen1],Rate,1
06/08/2026 11:49:17,System.Runtime,dotnet.gc.collections ({collection} / 1 sec)[gc.heap.generation=gen0],Rate,0
06/08/2026 11:49:17,System.Runtime,dotnet.gc.collections ({collection} / 1 sec)[gc.heap.generation=gen2],Rate,0
06/08/2026 11:49:17,Npgsql,db.client.operation.npgsql.executing ({command})[db.client.connection.pool.name=Host=127.0.0.1;Port=5432;Username=postgres;Database=myapp_load;Maximum Pool Size=500],Metric,69
06/08/2026 11:49:17,System.Runtime,dotnet.thread_pool.work_item.count ({work_item} / 1 sec),Rate,6895
06/08/2026 11:49:17,System.Runtime,dotnet.gc.pause.time (s / 1 sec),Rate,0.07627699999999993
06/08/2026 11:49:17,System.Runtime,dotnet.timer.count ({timer}),Metric,4527
06/08/2026 11:49:17,System.Runtime,dotnet.jit.compilation.time (s / 1 sec),Rate,0.007649999999998158
06/08/2026 11:49:17,System.Runtime,dotnet.gc.last_collection.heap.size (By)[gc.heap.generation=gen1],Metric,89851632
06/08/2026 11:49:17,System.Runtime,dotnet.gc.last_collection.heap.size (By)[gc.heap.generation=loh],Metric,4626696
06/08/2026 11:49:17,System.Runtime,dotnet.gc.last_collection.heap.size (By)[gc.heap.generation=gen0],Metric,4176944
06/08/2026 11:49:17,System.Runtime,dotnet.gc.last_collection.heap.size (By)[gc.heap.generation=gen2],Metric,82348360
06/08/2026 11:49:17,System.Runtime,dotnet.gc.last_collection.heap.size (By)[gc.heap.generation=poh],Metric,3350120
06/08/2026 11:49:17,System.Runtime,dotnet.process.cpu.time (s / 1 sec)[cpu.mode=user],Rate,0.890625
06/08/2026 11:49:17,System.Runtime,dotnet.process.cpu.time (s / 1 sec)[cpu.mode=system],Rate,0.71875
06/08/2026 11:49:17,Microsoft.AspNetCore.Hosting,http.server.request.duration (s)[http.request.method=GET;http.response.status_code=200;http.route=/orders/{id:int};network.protocol.version=1.1;url.scheme=http;Percentile=50],Metric,9.109375
06/08/2026 11:49:17,Microsoft.AspNetCore.Hosting,http.server.request.duration (s)[http.request.method=GET;http.response.status_code=200;http.route=/orders/{id:int};network.protocol.version=1.1;url.scheme=http;Percentile=95],Metric,9.328125
06/08/2026 11:49:17,Microsoft.AspNetCore.Hosting,http.server.request.duration (s)[http.request.method=GET;http.response.status_code=200;http.route=/orders/{id:int};network.protocol.version=1.1;url.scheme=http;Percentile=99],Metric,9.71875
06/08/2026 11:49:17,Npgsql,db.client.connection.npgsql.create_time (s)[db.client.connection.pool.name=Host=127.0.0.1;Port=5432;Username=postgres;Database=myapp_load;Maximum Pool Size=500;Percentile=50],Metric,5.2578125
06/08/2026 11:49:17,Npgsql,db.client.connection.npgsql.create_time (s)[db.client.connection.pool.name=Host=127.0.0.1;Port=5432;Username=postgres;Database=myapp_load;Maximum Pool Size=500;Percentile=95],Metric,5.6015625
06/08/2026 11:49:17,Npgsql,db.client.connection.npgsql.create_time (s)[db.client.connection.pool.name=Host=127.0.0.1;Port=5432;Username=postgres;Database=myapp_load;Maximum Pool Size=500;Percentile=99],Metric,5.6328125
06/08/2026 11:49:17,System.Runtime,dotnet.jit.compiled_il.size (By / 1 sec),Rate,293
06/08/2026 11:49:17,System.Runtime,dotnet.gc.heap.total_allocated (By / 1 sec),Rate,25336936
06/08/2026 11:49:17,System.Runtime,dotnet.process.cpu.count ({cpu}),Metric,20
06/08/2026 11:49:17,System.Runtime,dotnet.monitor.lock_contentions ({contention} / 1 sec),Rate,6
06/08/2026 11:49:17,Npgsql,db.client.operation.duration (s)[db.client.connection.pool.name=Host=127.0.0.1;Port=5432;Username=postgres;Database=myapp_load;Maximum Pool Size=500;db.system.name=postgresql;server.address=127.0.0.1;server.port=5432;Percentile=50],Metric,0.01904296875
06/08/2026 11:49:17,Npgsql,db.client.operation.duration (s)[db.client.connection.pool.name=Host=127.0.0.1;Port=5432;Username=postgres;Database=myapp_load;Maximum Pool Size=500;db.system.name=postgresql;server.address=127.0.0.1;server.port=5432;Percentile=95],Metric,0.0953369140625
06/08/2026 11:49:17,Npgsql,db.client.operation.duration (s)[db.client.connection.pool.name=Host=127.0.0.1;Port=5432;Username=postgres;Database=myapp_load;Maximum Pool Size=500;db.system.name=postgresql;server.address=127.0.0.1;server.port=5432;Percentile=99],Metric,0.1243896484375
06/08/2026 11:49:17,System.Runtime,dotnet.thread_pool.thread.count ({thread} / 1 sec),Rate,-4
06/08/2026 11:49:17,System.Runtime,dotnet.exceptions ({exception} / 1 sec)[error.type=SocketException],Rate,0
06/08/2026 11:49:17,System.Runtime,dotnet.exceptions ({exception} / 1 sec)[error.type=HttpRequestException],Rate,0
06/08/2026 11:49:17,System.Runtime,dotnet.exceptions ({exception} / 1 sec)[error.type=NpgsqlException],Rate,0
06/08/2026 11:49:17,System.Runtime,dotnet.exceptions ({exception} / 1 sec)[error.type=OperationCanceledException],Rate,0
06/08/2026 11:49:17,System.Runtime,dotnet.gc.last_collection.heap.fragmentation.size (By)[gc.heap.generation=gen1],Metric,53747128
06/08/2026 11:49:17,System.Runtime,dotnet.gc.last_collection.heap.fragmentation.size (By)[gc.heap.generation=loh],Metric,768
06/08/2026 11:49:17,System.Runtime,dotnet.gc.last_collection.heap.fragmentation.size (By)[gc.heap.generation=gen0],Metric,4168728
06/08/2026 11:49:17,System.Runtime,dotnet.gc.last_collection.heap.fragmentation.size (By)[gc.heap.generation=gen2],Metric,4044256
06/08/2026 11:49:17,System.Runtime,dotnet.gc.last_collection.heap.fragmentation.size (By)[gc.heap.generation=poh],Metric,0
06/08/2026 11:49:17,Microsoft.AspNetCore.Hosting,http.server.active_requests ({request})[http.request.method=POST;url.scheme=http],Metric,0
06/08/2026 11:49:17,Microsoft.AspNetCore.Hosting,http.server.active_requests ({request})[http.request.method=GET;url.scheme=http],Metric,4094
06/08/2026 11:49:17,System.Runtime,dotnet.process.memory.working_set (By),Metric,452976640
06/08/2026 11:49:17,System.Runtime,dotnet.thread_pool.queue.length ({work_item} / 1 sec),Rate,0
06/08/2026 11:49:17,Npgsql,db.client.operation.npgsql.bytes_written (By / 1 sec)[db.client.connection.pool.name=Host=127.0.0.1;Port=5432;Username=postgres;Database=myapp_load;Maximum Pool Size=500],Rate,210924
06/08/2026 11:49:17,System.Runtime,dotnet.assembly.count ({assembly}),Metric,156
06/08/2026 11:49:17,Npgsql,db.client.operation.npgsql.prepared_ratio[db.client.connection.pool.name=Host=127.0.0.1;Port=5432;Username=postgres;Database=myapp_load;Maximum Pool Size=500],Metric,0
06/08/2026 11:49:17,System.Runtime,dotnet.jit.compiled_methods ({method} / 1 sec),Rate,3
06/08/2026 11:49:18,System.Runtime,dotnet.gc.last_collection.memory.committed_size (By),Metric,331317248
06/08/2026 11:49:18,Npgsql,db.client.connection.npgsql.pending_requests ({request})[db.client.connection.pool.name=Host=127.0.0.1;Port=5432;Username=postgres;Database=myapp_load;Maximum Pool Size=500],Metric,3966
06/08/2026 11:49:18,Npgsql,db.client.connection.max ({connection})[db.client.connection.pool.name=Host=127.0.0.1;Port=5432;Username=postgres;Database=myapp_load;Maximum Pool Size=500],Metric,500
06/08/2026 11:49:18,Npgsql,db.client.connection.count ({connection})[db.client.connection.pool.name=Host=127.0.0.1;Port=5432;Username=postgres;Database=myapp_load;Maximum Pool Size=500;db.client.connection.state=used],Metric,498
06/08/2026 11:49:18,Npgsql,db.client.connection.count ({connection})[db.client.connection.pool.name=Host=127.0.0.1;Port=5432;Username=postgres;Database=myapp_load;Maximum Pool Size=500;db.client.connection.state=idle],Metric,2
06/08/2026 11:49:18,Npgsql,db.client.operation.npgsql.bytes_read (By / 1 sec)[db.client.connection.pool.name=Host=127.0.0.1;Port=5432;Username=postgres;Database=myapp_load;Maximum Pool Size=500],Rate,347836
06/08/2026 11:49:18,System.Runtime,dotnet.gc.collections ({collection} / 1 sec)[gc.heap.generation=gen1],Rate,0
06/08/2026 11:49:18,System.Runtime,dotnet.gc.collections ({collection} / 1 sec)[gc.heap.generation=gen0],Rate,0
06/08/2026 11:49:18,System.Runtime,dotnet.gc.collections ({collection} / 1 sec)[gc.heap.generation=gen2],Rate,0
06/08/2026 11:49:18,Npgsql,db.client.operation.npgsql.executing ({command})[db.client.connection.pool.name=Host=127.0.0.1;Port=5432;Username=postgres;Database=myapp_load;Maximum Pool Size=500],Metric,124
06/08/2026 11:49:18,System.Runtime,dotnet.thread_pool.work_item.count ({work_item} / 1 sec),Rate,9269
06/08/2026 11:49:18,System.Runtime,dotnet.gc.pause.time (s / 1 sec),Rate,0
06/08/2026 11:49:18,System.Runtime,dotnet.timer.count ({timer}),Metric,4468
06/08/2026 11:49:18,System.Runtime,dotnet.jit.compilation.time (s / 1 sec),Rate,0.002962499999998869
06/08/2026 11:49:18,System.Runtime,dotnet.gc.last_collection.heap.size (By)[gc.heap.generation=gen1],Metric,89851632
06/08/2026 11:49:18,System.Runtime,dotnet.gc.last_collection.heap.size (By)[gc.heap.generation=loh],Metric,4626696
06/08/2026 11:49:18,System.Runtime,dotnet.gc.last_collection.heap.size (By)[gc.heap.generation=gen0],Metric,4176944
06/08/2026 11:49:18,System.Runtime,dotnet.gc.last_collection.heap.size (By)[gc.heap.generation=gen2],Metric,82348360
06/08/2026 11:49:18,System.Runtime,dotnet.gc.last_collection.heap.size (By)[gc.heap.generation=poh],Metric,3350120
06/08/2026 11:49:18,System.Runtime,dotnet.process.cpu.time (s / 1 sec)[cpu.mode=user],Rate,0.84375
06/08/2026 11:49:18,System.Runtime,dotnet.process.cpu.time (s / 1 sec)[cpu.mode=system],Rate,0.6875
06/08/2026 11:49:18,Microsoft.AspNetCore.Hosting,http.server.request.duration (s)[http.request.method=GET;http.response.status_code=200;http.route=/orders/{id:int};network.protocol.version=1.1;url.scheme=http;Percentile=50],Metric,9.4375
06/08/2026 11:49:18,Microsoft.AspNetCore.Hosting,http.server.request.duration (s)[http.request.method=GET;http.response.status_code=200;http.route=/orders/{id:int};network.protocol.version=1.1;url.scheme=http;Percentile=95],Metric,11.09375
06/08/2026 11:49:18,Microsoft.AspNetCore.Hosting,http.server.request.duration (s)[http.request.method=GET;http.response.status_code=200;http.route=/orders/{id:int};network.protocol.version=1.1;url.scheme=http;Percentile=99],Metric,11.15625
06/08/2026 11:49:18,Npgsql,db.client.connection.npgsql.create_time (s)[db.client.connection.pool.name=Host=127.0.0.1;Port=5432;Username=postgres;Database=myapp_load;Maximum Pool Size=500;Percentile=50],Metric,5.5
06/08/2026 11:49:18,Npgsql,db.client.connection.npgsql.create_time (s)[db.client.connection.pool.name=Host=127.0.0.1;Port=5432;Username=postgres;Database=myapp_load;Maximum Pool Size=500;Percentile=95],Metric,6.0390625
06/08/2026 11:49:18,Npgsql,db.client.connection.npgsql.create_time (s)[db.client.connection.pool.name=Host=127.0.0.1;Port=5432;Username=postgres;Database=myapp_load;Maximum Pool Size=500;Percentile=99],Metric,6.3125
06/08/2026 11:49:18,System.Runtime,dotnet.jit.compiled_il.size (By / 1 sec),Rate,193
06/08/2026 11:49:18,System.Runtime,dotnet.gc.heap.total_allocated (By / 1 sec),Rate,35563888
06/08/2026 11:49:18,System.Runtime,dotnet.process.cpu.count ({cpu}),Metric,20
06/08/2026 11:49:18,System.Runtime,dotnet.monitor.lock_contentions ({contention} / 1 sec),Rate,25
06/08/2026 11:49:18,Npgsql,db.client.operation.duration (s)[db.client.connection.pool.name=Host=127.0.0.1;Port=5432;Username=postgres;Database=myapp_load;Maximum Pool Size=500;db.system.name=postgresql;server.address=127.0.0.1;server.port=5432;Percentile=50],Metric,0.02679443359375
06/08/2026 11:49:18,Npgsql,db.client.operation.duration (s)[db.client.connection.pool.name=Host=127.0.0.1;Port=5432;Username=postgres;Database=myapp_load;Maximum Pool Size=500;db.system.name=postgresql;server.address=127.0.0.1;server.port=5432;Percentile=95],Metric,0.20166015625
06/08/2026 11:49:18,Npgsql,db.client.operation.duration (s)[db.client.connection.pool.name=Host=127.0.0.1;Port=5432;Username=postgres;Database=myapp_load;Maximum Pool Size=500;db.system.name=postgresql;server.address=127.0.0.1;server.port=5432;Percentile=99],Metric,0.5224609375
06/08/2026 11:49:18,System.Runtime,dotnet.thread_pool.thread.count ({thread} / 1 sec),Rate,0
06/08/2026 11:49:18,System.Runtime,dotnet.exceptions ({exception} / 1 sec)[error.type=SocketException],Rate,2
06/08/2026 11:49:18,System.Runtime,dotnet.exceptions ({exception} / 1 sec)[error.type=HttpRequestException],Rate,11
06/08/2026 11:49:18,System.Runtime,dotnet.exceptions ({exception} / 1 sec)[error.type=NpgsqlException],Rate,0
06/08/2026 11:49:18,System.Runtime,dotnet.exceptions ({exception} / 1 sec)[error.type=OperationCanceledException],Rate,0
06/08/2026 11:49:18,System.Runtime,dotnet.gc.last_collection.heap.fragmentation.size (By)[gc.heap.generation=gen1],Metric,53747128
06/08/2026 11:49:18,System.Runtime,dotnet.gc.last_collection.heap.fragmentation.size (By)[gc.heap.generation=loh],Metric,768
06/08/2026 11:49:18,System.Runtime,dotnet.gc.last_collection.heap.fragmentation.size (By)[gc.heap.generation=gen0],Metric,4168728
06/08/2026 11:49:18,System.Runtime,dotnet.gc.last_collection.heap.fragmentation.size (By)[gc.heap.generation=gen2],Metric,4044256
06/08/2026 11:49:18,System.Runtime,dotnet.gc.last_collection.heap.fragmentation.size (By)[gc.heap.generation=poh],Metric,0
06/08/2026 11:49:18,Microsoft.AspNetCore.Hosting,http.server.active_requests ({request})[http.request.method=POST;url.scheme=http],Metric,0
06/08/2026 11:49:18,Microsoft.AspNetCore.Hosting,http.server.active_requests ({request})[http.request.method=GET;url.scheme=http],Metric,4087
06/08/2026 11:49:18,System.Runtime,dotnet.process.memory.working_set (By),Metric,453025792
06/08/2026 11:49:18,System.Runtime,dotnet.thread_pool.queue.length ({work_item} / 1 sec),Rate,7
06/08/2026 11:49:18,Npgsql,db.client.operation.npgsql.bytes_written (By / 1 sec)[db.client.connection.pool.name=Host=127.0.0.1;Port=5432;Username=postgres;Database=myapp_load;Maximum Pool Size=500],Rate,279091
06/08/2026 11:49:18,System.Runtime,dotnet.assembly.count ({assembly}),Metric,156
06/08/2026 11:49:18,Npgsql,db.client.operation.npgsql.prepared_ratio[db.client.connection.pool.name=Host=127.0.0.1;Port=5432;Username=postgres;Database=myapp_load;Maximum Pool Size=500],Metric,0
06/08/2026 11:49:18,System.Runtime,dotnet.jit.compiled_methods ({method} / 1 sec),Rate,7
06/08/2026 11:49:19,System.Runtime,dotnet.gc.last_collection.memory.committed_size (By),Metric,331317248
06/08/2026 11:49:19,Npgsql,db.client.connection.npgsql.pending_requests ({request})[db.client.connection.pool.name=Host=127.0.0.1;Port=5432;Username=postgres;Database=myapp_load;Maximum Pool Size=500],Metric,3851
06/08/2026 11:49:19,Npgsql,db.client.connection.max ({connection})[db.client.connection.pool.name=Host=127.0.0.1;Port=5432;Username=postgres;Database=myapp_load;Maximum Pool Size=500],Metric,500
06/08/2026 11:49:19,Npgsql,db.client.connection.count ({connection})[db.client.connection.pool.name=Host=127.0.0.1;Port=5432;Username=postgres;Database=myapp_load;Maximum Pool Size=500;db.client.connection.state=used],Metric,500
06/08/2026 11:49:19,Npgsql,db.client.connection.count ({connection})[db.client.connection.pool.name=Host=127.0.0.1;Port=5432;Username=postgres;Database=myapp_load;Maximum Pool Size=500;db.client.connection.state=idle],Metric,0
06/08/2026 11:49:19,Npgsql,db.client.operation.npgsql.bytes_read (By / 1 sec)[db.client.connection.pool.name=Host=127.0.0.1;Port=5432;Username=postgres;Database=myapp_load;Maximum Pool Size=500],Rate,329622
06/08/2026 11:49:19,System.Runtime,dotnet.gc.collections ({collection} / 1 sec)[gc.heap.generation=gen1],Rate,0
06/08/2026 11:49:19,System.Runtime,dotnet.gc.collections ({collection} / 1 sec)[gc.heap.generation=gen0],Rate,0
06/08/2026 11:49:19,System.Runtime,dotnet.gc.collections ({collection} / 1 sec)[gc.heap.generation=gen2],Rate,0
06/08/2026 11:49:19,Npgsql,db.client.operation.npgsql.executing ({command})[db.client.connection.pool.name=Host=127.0.0.1;Port=5432;Username=postgres;Database=myapp_load;Maximum Pool Size=500],Metric,136
06/08/2026 11:49:19,System.Runtime,dotnet.thread_pool.work_item.count ({work_item} / 1 sec),Rate,9014
06/08/2026 11:49:19,System.Runtime,dotnet.gc.pause.time (s / 1 sec),Rate,0
06/08/2026 11:49:19,System.Runtime,dotnet.timer.count ({timer}),Metric,4356
06/08/2026 11:49:19,System.Runtime,dotnet.jit.compilation.time (s / 1 sec),Rate,0.0020850000000010027
06/08/2026 11:49:19,System.Runtime,dotnet.gc.last_collection.heap.size (By)[gc.heap.generation=gen1],Metric,89851632
06/08/2026 11:49:19,System.Runtime,dotnet.gc.last_collection.heap.size (By)[gc.heap.generation=loh],Metric,4626696
06/08/2026 11:49:19,System.Runtime,dotnet.gc.last_collection.heap.size (By)[gc.heap.generation=gen0],Metric,4176944
06/08/2026 11:49:19,System.Runtime,dotnet.gc.last_collection.heap.size (By)[gc.heap.generation=gen2],Metric,82348360
06/08/2026 11:49:19,System.Runtime,dotnet.gc.last_collection.heap.size (By)[gc.heap.generation=poh],Metric,3350120
06/08/2026 11:49:19,System.Runtime,dotnet.process.cpu.time (s / 1 sec)[cpu.mode=user],Rate,1
06/08/2026 11:49:19,System.Runtime,dotnet.process.cpu.time (s / 1 sec)[cpu.mode=system],Rate,0.5625
06/08/2026 11:49:19,Microsoft.AspNetCore.Hosting,http.server.request.duration (s)[http.request.method=GET;http.response.status_code=200;http.route=/orders/{id:int};network.protocol.version=1.1;url.scheme=http;Percentile=50],Metric,2.14453125
06/08/2026 11:49:19,Microsoft.AspNetCore.Hosting,http.server.request.duration (s)[http.request.method=GET;http.response.status_code=200;http.route=/orders/{id:int};network.protocol.version=1.1;url.scheme=http;Percentile=95],Metric,5.1015625
06/08/2026 11:49:19,Microsoft.AspNetCore.Hosting,http.server.request.duration (s)[http.request.method=GET;http.response.status_code=200;http.route=/orders/{id:int};network.protocol.version=1.1;url.scheme=http;Percentile=99],Metric,10.015625
06/08/2026 11:49:19,Npgsql,db.client.connection.npgsql.create_time (s)[db.client.connection.pool.name=Host=127.0.0.1;Port=5432;Username=postgres;Database=myapp_load;Maximum Pool Size=500;Percentile=50],Metric,6.5078125
06/08/2026 11:49:19,Npgsql,db.client.connection.npgsql.create_time (s)[db.client.connection.pool.name=Host=127.0.0.1;Port=5432;Username=postgres;Database=myapp_load;Maximum Pool Size=500;Percentile=95],Metric,6.7890625
06/08/2026 11:49:19,Npgsql,db.client.connection.npgsql.create_time (s)[db.client.connection.pool.name=Host=127.0.0.1;Port=5432;Username=postgres;Database=myapp_load;Maximum Pool Size=500;Percentile=99],Metric,6.7890625
06/08/2026 11:49:19,System.Runtime,dotnet.jit.compiled_il.size (By / 1 sec),Rate,33
06/08/2026 11:49:19,System.Runtime,dotnet.gc.heap.total_allocated (By / 1 sec),Rate,34496400
06/08/2026 11:49:19,System.Runtime,dotnet.process.cpu.count ({cpu}),Metric,20
06/08/2026 11:49:19,System.Runtime,dotnet.monitor.lock_contentions ({contention} / 1 sec),Rate,2
06/08/2026 11:49:19,Npgsql,db.client.operation.duration (s)[db.client.connection.pool.name=Host=127.0.0.1;Port=5432;Username=postgres;Database=myapp_load;Maximum Pool Size=500;db.system.name=postgresql;server.address=127.0.0.1;server.port=5432;Percentile=50],Metric,0.046630859375
06/08/2026 11:49:19,Npgsql,db.client.operation.duration (s)[db.client.connection.pool.name=Host=127.0.0.1;Port=5432;Username=postgres;Database=myapp_load;Maximum Pool Size=500;db.system.name=postgresql;server.address=127.0.0.1;server.port=5432;Percentile=95],Metric,0.202392578125
06/08/2026 11:49:19,Npgsql,db.client.operation.duration (s)[db.client.connection.pool.name=Host=127.0.0.1;Port=5432;Username=postgres;Database=myapp_load;Maximum Pool Size=500;db.system.name=postgresql;server.address=127.0.0.1;server.port=5432;Percentile=99],Metric,0.46142578125
06/08/2026 11:49:19,System.Runtime,dotnet.thread_pool.thread.count ({thread} / 1 sec),Rate,0
06/08/2026 11:49:19,System.Runtime,dotnet.exceptions ({exception} / 1 sec)[error.type=SocketException],Rate,0
06/08/2026 11:49:19,System.Runtime,dotnet.exceptions ({exception} / 1 sec)[error.type=HttpRequestException],Rate,0
06/08/2026 11:49:19,System.Runtime,dotnet.exceptions ({exception} / 1 sec)[error.type=NpgsqlException],Rate,0
06/08/2026 11:49:19,System.Runtime,dotnet.exceptions ({exception} / 1 sec)[error.type=OperationCanceledException],Rate,0
06/08/2026 11:49:19,System.Runtime,dotnet.gc.last_collection.heap.fragmentation.size (By)[gc.heap.generation=gen1],Metric,53747128
06/08/2026 11:49:19,System.Runtime,dotnet.gc.last_collection.heap.fragmentation.size (By)[gc.heap.generation=loh],Metric,768
06/08/2026 11:49:19,System.Runtime,dotnet.gc.last_collection.heap.fragmentation.size (By)[gc.heap.generation=gen0],Metric,4168728
06/08/2026 11:49:19,System.Runtime,dotnet.gc.last_collection.heap.fragmentation.size (By)[gc.heap.generation=gen2],Metric,4044256
06/08/2026 11:49:19,System.Runtime,dotnet.gc.last_collection.heap.fragmentation.size (By)[gc.heap.generation=poh],Metric,0
06/08/2026 11:49:19,Microsoft.AspNetCore.Hosting,http.server.active_requests ({request})[http.request.method=POST;url.scheme=http],Metric,0
06/08/2026 11:49:19,Microsoft.AspNetCore.Hosting,http.server.active_requests ({request})[http.request.method=GET;url.scheme=http],Metric,3988
06/08/2026 11:49:19,System.Runtime,dotnet.process.memory.working_set (By),Metric,452968448
06/08/2026 11:49:19,System.Runtime,dotnet.thread_pool.queue.length ({work_item} / 1 sec),Rate,-7
06/08/2026 11:49:19,Npgsql,db.client.operation.npgsql.bytes_written (By / 1 sec)[db.client.connection.pool.name=Host=127.0.0.1;Port=5432;Username=postgres;Database=myapp_load;Maximum Pool Size=500],Rate,279094
06/08/2026 11:49:19,System.Runtime,dotnet.assembly.count ({assembly}),Metric,156
06/08/2026 11:49:19,Npgsql,db.client.operation.npgsql.prepared_ratio[db.client.connection.pool.name=Host=127.0.0.1;Port=5432;Username=postgres;Database=myapp_load;Maximum Pool Size=500],Metric,0
06/08/2026 11:49:19,System.Runtime,dotnet.jit.compiled_methods ({method} / 1 sec),Rate,1
06/08/2026 11:49:20,System.Runtime,dotnet.gc.last_collection.memory.committed_size (By),Metric,331317248
06/08/2026 11:49:20,Npgsql,db.client.connection.npgsql.pending_requests ({request})[db.client.connection.pool.name=Host=127.0.0.1;Port=5432;Username=postgres;Database=myapp_load;Maximum Pool Size=500],Metric,3944
06/08/2026 11:49:20,Npgsql,db.client.connection.max ({connection})[db.client.connection.pool.name=Host=127.0.0.1;Port=5432;Username=postgres;Database=myapp_load;Maximum Pool Size=500],Metric,500
06/08/2026 11:49:20,Npgsql,db.client.connection.count ({connection})[db.client.connection.pool.name=Host=127.0.0.1;Port=5432;Username=postgres;Database=myapp_load;Maximum Pool Size=500;db.client.connection.state=used],Metric,500
06/08/2026 11:49:20,Npgsql,db.client.connection.count ({connection})[db.client.connection.pool.name=Host=127.0.0.1;Port=5432;Username=postgres;Database=myapp_load;Maximum Pool Size=500;db.client.connection.state=idle],Metric,0
06/08/2026 11:49:20,Npgsql,db.client.operation.npgsql.bytes_read (By / 1 sec)[db.client.connection.pool.name=Host=127.0.0.1;Port=5432;Username=postgres;Database=myapp_load;Maximum Pool Size=500],Rate,349928
06/08/2026 11:49:20,System.Runtime,dotnet.gc.collections ({collection} / 1 sec)[gc.heap.generation=gen1],Rate,0
06/08/2026 11:49:20,System.Runtime,dotnet.gc.collections ({collection} / 1 sec)[gc.heap.generation=gen0],Rate,0
06/08/2026 11:49:20,System.Runtime,dotnet.gc.collections ({collection} / 1 sec)[gc.heap.generation=gen2],Rate,0
06/08/2026 11:49:20,Npgsql,db.client.operation.npgsql.executing ({command})[db.client.connection.pool.name=Host=127.0.0.1;Port=5432;Username=postgres;Database=myapp_load;Maximum Pool Size=500],Metric,148
06/08/2026 11:49:20,System.Runtime,dotnet.thread_pool.work_item.count ({work_item} / 1 sec),Rate,10018
06/08/2026 11:49:20,System.Runtime,dotnet.gc.pause.time (s / 1 sec),Rate,0
06/08/2026 11:49:20,System.Runtime,dotnet.timer.count ({timer}),Metric,4449
06/08/2026 11:49:20,System.Runtime,dotnet.jit.compilation.time (s / 1 sec),Rate,0
06/08/2026 11:49:20,System.Runtime,dotnet.gc.last_collection.heap.size (By)[gc.heap.generation=gen1],Metric,89851632
06/08/2026 11:49:20,System.Runtime,dotnet.gc.last_collection.heap.size (By)[gc.heap.generation=loh],Metric,4626696
06/08/2026 11:49:20,System.Runtime,dotnet.gc.last_collection.heap.size (By)[gc.heap.generation=gen0],Metric,4176944
06/08/2026 11:49:20,System.Runtime,dotnet.gc.last_collection.heap.size (By)[gc.heap.generation=gen2],Metric,82348360
06/08/2026 11:49:20,System.Runtime,dotnet.gc.last_collection.heap.size (By)[gc.heap.generation=poh],Metric,3350120
06/08/2026 11:49:20,System.Runtime,dotnet.process.cpu.time (s / 1 sec)[cpu.mode=user],Rate,1.234375
06/08/2026 11:49:20,System.Runtime,dotnet.process.cpu.time (s / 1 sec)[cpu.mode=system],Rate,0.734375
06/08/2026 11:49:20,Microsoft.AspNetCore.Hosting,http.server.request.duration (s)[http.request.method=GET;http.response.status_code=200;http.route=/orders/{id:int};network.protocol.version=1.1;url.scheme=http;Percentile=50],Metric,1.83984375
06/08/2026 11:49:20,Microsoft.AspNetCore.Hosting,http.server.request.duration (s)[http.request.method=GET;http.response.status_code=200;http.route=/orders/{id:int};network.protocol.version=1.1;url.scheme=http;Percentile=95],Metric,2.02734375
06/08/2026 11:49:20,Microsoft.AspNetCore.Hosting,http.server.request.duration (s)[http.request.method=GET;http.response.status_code=200;http.route=/orders/{id:int};network.protocol.version=1.1;url.scheme=http;Percentile=99],Metric,3.0234375
06/08/2026 11:49:20,Npgsql,db.client.connection.npgsql.create_time (s)[db.client.connection.pool.name=Host=127.0.0.1;Port=5432;Username=postgres;Database=myapp_load;Maximum Pool Size=500;Percentile=50],Metric,7.40625
06/08/2026 11:49:20,Npgsql,db.client.connection.npgsql.create_time (s)[db.client.connection.pool.name=Host=127.0.0.1;Port=5432;Username=postgres;Database=myapp_load;Maximum Pool Size=500;Percentile=95],Metric,7.5390625
06/08/2026 11:49:20,Npgsql,db.client.connection.npgsql.create_time (s)[db.client.connection.pool.name=Host=127.0.0.1;Port=5432;Username=postgres;Database=myapp_load;Maximum Pool Size=500;Percentile=99],Metric,7.5390625
06/08/2026 11:49:20,System.Runtime,dotnet.jit.compiled_il.size (By / 1 sec),Rate,0
06/08/2026 11:49:20,System.Runtime,dotnet.gc.heap.total_allocated (By / 1 sec),Rate,39550136
06/08/2026 11:49:20,System.Runtime,dotnet.process.cpu.count ({cpu}),Metric,20
06/08/2026 11:49:20,System.Runtime,dotnet.monitor.lock_contentions ({contention} / 1 sec),Rate,6
06/08/2026 11:49:20,Npgsql,db.client.operation.duration (s)[db.client.connection.pool.name=Host=127.0.0.1;Port=5432;Username=postgres;Database=myapp_load;Maximum Pool Size=500;db.system.name=postgresql;server.address=127.0.0.1;server.port=5432;Percentile=50],Metric,0.032470703125
06/08/2026 11:49:20,Npgsql,db.client.operation.duration (s)[db.client.connection.pool.name=Host=127.0.0.1;Port=5432;Username=postgres;Database=myapp_load;Maximum Pool Size=500;db.system.name=postgresql;server.address=127.0.0.1;server.port=5432;Percentile=95],Metric,0.2001953125
06/08/2026 11:49:20,Npgsql,db.client.operation.duration (s)[db.client.connection.pool.name=Host=127.0.0.1;Port=5432;Username=postgres;Database=myapp_load;Maximum Pool Size=500;db.system.name=postgresql;server.address=127.0.0.1;server.port=5432;Percentile=99],Metric,0.541015625
06/08/2026 11:49:20,System.Runtime,dotnet.thread_pool.thread.count ({thread} / 1 sec),Rate,0
06/08/2026 11:49:20,System.Runtime,dotnet.exceptions ({exception} / 1 sec)[error.type=SocketException],Rate,0
06/08/2026 11:49:20,System.Runtime,dotnet.exceptions ({exception} / 1 sec)[error.type=HttpRequestException],Rate,0
06/08/2026 11:49:20,System.Runtime,dotnet.exceptions ({exception} / 1 sec)[error.type=NpgsqlException],Rate,0
06/08/2026 11:49:20,System.Runtime,dotnet.exceptions ({exception} / 1 sec)[error.type=OperationCanceledException],Rate,0
06/08/2026 11:49:20,System.Runtime,dotnet.gc.last_collection.heap.fragmentation.size (By)[gc.heap.generation=gen1],Metric,53747128
06/08/2026 11:49:20,System.Runtime,dotnet.gc.last_collection.heap.fragmentation.size (By)[gc.heap.generation=loh],Metric,768
06/08/2026 11:49:20,System.Runtime,dotnet.gc.last_collection.heap.fragmentation.size (By)[gc.heap.generation=gen0],Metric,4168728
06/08/2026 11:49:20,System.Runtime,dotnet.gc.last_collection.heap.fragmentation.size (By)[gc.heap.generation=gen2],Metric,4044256
06/08/2026 11:49:20,System.Runtime,dotnet.gc.last_collection.heap.fragmentation.size (By)[gc.heap.generation=poh],Metric,0
06/08/2026 11:49:20,Microsoft.AspNetCore.Hosting,http.server.active_requests ({request})[http.request.method=POST;url.scheme=http],Metric,0
06/08/2026 11:49:20,Microsoft.AspNetCore.Hosting,http.server.active_requests ({request})[http.request.method=GET;url.scheme=http],Metric,4096
06/08/2026 11:49:20,System.Runtime,dotnet.process.memory.working_set (By),Metric,451747840
06/08/2026 11:49:20,System.Runtime,dotnet.thread_pool.queue.length ({work_item} / 1 sec),Rate,0
06/08/2026 11:49:20,Npgsql,db.client.operation.npgsql.bytes_written (By / 1 sec)[db.client.connection.pool.name=Host=127.0.0.1;Port=5432;Username=postgres;Database=myapp_load;Maximum Pool Size=500],Rate,292928
06/08/2026 11:49:20,System.Runtime,dotnet.assembly.count ({assembly}),Metric,156
06/08/2026 11:49:20,Npgsql,db.client.operation.npgsql.prepared_ratio[db.client.connection.pool.name=Host=127.0.0.1;Port=5432;Username=postgres;Database=myapp_load;Maximum Pool Size=500],Metric,0
06/08/2026 11:49:20,System.Runtime,dotnet.jit.compiled_methods ({method} / 1 sec),Rate,0
06/08/2026 11:49:21,System.Runtime,dotnet.gc.last_collection.memory.committed_size (By),Metric,323829760
06/08/2026 11:49:21,Npgsql,db.client.connection.npgsql.pending_requests ({request})[db.client.connection.pool.name=Host=127.0.0.1;Port=5432;Username=postgres;Database=myapp_load;Maximum Pool Size=500],Metric,3930
06/08/2026 11:49:21,Npgsql,db.client.connection.max ({connection})[db.client.connection.pool.name=Host=127.0.0.1;Port=5432;Username=postgres;Database=myapp_load;Maximum Pool Size=500],Metric,500
06/08/2026 11:49:21,Npgsql,db.client.connection.count ({connection})[db.client.connection.pool.name=Host=127.0.0.1;Port=5432;Username=postgres;Database=myapp_load;Maximum Pool Size=500;db.client.connection.state=used],Metric,500
06/08/2026 11:49:21,Npgsql,db.client.connection.count ({connection})[db.client.connection.pool.name=Host=127.0.0.1;Port=5432;Username=postgres;Database=myapp_load;Maximum Pool Size=500;db.client.connection.state=idle],Metric,0
06/08/2026 11:49:21,Npgsql,db.client.operation.npgsql.bytes_read (By / 1 sec)[db.client.connection.pool.name=Host=127.0.0.1;Port=5432;Username=postgres;Database=myapp_load;Maximum Pool Size=500],Rate,313292
06/08/2026 11:49:21,System.Runtime,dotnet.gc.collections ({collection} / 1 sec)[gc.heap.generation=gen1],Rate,0
06/08/2026 11:49:21,System.Runtime,dotnet.gc.collections ({collection} / 1 sec)[gc.heap.generation=gen0],Rate,1
06/08/2026 11:49:21,System.Runtime,dotnet.gc.collections ({collection} / 1 sec)[gc.heap.generation=gen2],Rate,0
06/08/2026 11:49:21,Npgsql,db.client.operation.npgsql.executing ({command})[db.client.connection.pool.name=Host=127.0.0.1;Port=5432;Username=postgres;Database=myapp_load;Maximum Pool Size=500],Metric,165
06/08/2026 11:49:21,System.Runtime,dotnet.thread_pool.work_item.count ({work_item} / 1 sec),Rate,8540
06/08/2026 11:49:21,System.Runtime,dotnet.gc.pause.time (s / 1 sec),Rate,0.09517700000000007
06/08/2026 11:49:21,System.Runtime,dotnet.timer.count ({timer}),Metric,4435
06/08/2026 11:49:21,System.Runtime,dotnet.jit.compilation.time (s / 1 sec),Rate,0
06/08/2026 11:49:21,System.Runtime,dotnet.gc.last_collection.heap.size (By)[gc.heap.generation=gen1],Metric,89851632
06/08/2026 11:49:21,System.Runtime,dotnet.gc.last_collection.heap.size (By)[gc.heap.generation=loh],Metric,4626696
06/08/2026 11:49:21,System.Runtime,dotnet.gc.last_collection.heap.size (By)[gc.heap.generation=gen0],Metric,7487120
06/08/2026 11:49:21,System.Runtime,dotnet.gc.last_collection.heap.size (By)[gc.heap.generation=gen2],Metric,82348360
06/08/2026 11:49:21,System.Runtime,dotnet.gc.last_collection.heap.size (By)[gc.heap.generation=poh],Metric,3350120
06/08/2026 11:49:21,System.Runtime,dotnet.process.cpu.time (s / 1 sec)[cpu.mode=user],Rate,1.15625
06/08/2026 11:49:21,System.Runtime,dotnet.process.cpu.time (s / 1 sec)[cpu.mode=system],Rate,0.765625
06/08/2026 11:49:21,Microsoft.AspNetCore.Hosting,http.server.request.duration (s)[http.request.method=GET;http.response.status_code=200;http.route=/orders/{id:int};network.protocol.version=1.1;url.scheme=http;Percentile=50],Metric,1.806640625
06/08/2026 11:49:21,Microsoft.AspNetCore.Hosting,http.server.request.duration (s)[http.request.method=GET;http.response.status_code=200;http.route=/orders/{id:int};network.protocol.version=1.1;url.scheme=http;Percentile=95],Metric,1.994140625
06/08/2026 11:49:21,Microsoft.AspNetCore.Hosting,http.server.request.duration (s)[http.request.method=GET;http.response.status_code=200;http.route=/orders/{id:int};network.protocol.version=1.1;url.scheme=http;Percentile=99],Metric,3.5078125
06/08/2026 11:49:21,Npgsql,db.client.connection.npgsql.create_time (s)[db.client.connection.pool.name=Host=127.0.0.1;Port=5432;Username=postgres;Database=myapp_load;Maximum Pool Size=500;Percentile=50],Metric,8.140625
06/08/2026 11:49:21,Npgsql,db.client.connection.npgsql.create_time (s)[db.client.connection.pool.name=Host=127.0.0.1;Port=5432;Username=postgres;Database=myapp_load;Maximum Pool Size=500;Percentile=95],Metric,8.515625
06/08/2026 11:49:21,Npgsql,db.client.connection.npgsql.create_time (s)[db.client.connection.pool.name=Host=127.0.0.1;Port=5432;Username=postgres;Database=myapp_load;Maximum Pool Size=500;Percentile=99],Metric,8.515625
06/08/2026 11:49:21,System.Runtime,dotnet.jit.compiled_il.size (By / 1 sec),Rate,0
06/08/2026 11:49:21,System.Runtime,dotnet.gc.heap.total_allocated (By / 1 sec),Rate,33865984
06/08/2026 11:49:21,System.Runtime,dotnet.process.cpu.count ({cpu}),Metric,20
06/08/2026 11:49:21,System.Runtime,dotnet.monitor.lock_contentions ({contention} / 1 sec),Rate,13
06/08/2026 11:49:21,Npgsql,db.client.operation.duration (s)[db.client.connection.pool.name=Host=127.0.0.1;Port=5432;Username=postgres;Database=myapp_load;Maximum Pool Size=500;db.system.name=postgresql;server.address=127.0.0.1;server.port=5432;Percentile=50],Metric,0.0538330078125
06/08/2026 11:49:21,Npgsql,db.client.operation.duration (s)[db.client.connection.pool.name=Host=127.0.0.1;Port=5432;Username=postgres;Database=myapp_load;Maximum Pool Size=500;db.system.name=postgresql;server.address=127.0.0.1;server.port=5432;Percentile=95],Metric,0.1943359375
06/08/2026 11:49:21,Npgsql,db.client.operation.duration (s)[db.client.connection.pool.name=Host=127.0.0.1;Port=5432;Username=postgres;Database=myapp_load;Maximum Pool Size=500;db.system.name=postgresql;server.address=127.0.0.1;server.port=5432;Percentile=99],Metric,0.6748046875
06/08/2026 11:49:21,System.Runtime,dotnet.thread_pool.thread.count ({thread} / 1 sec),Rate,0
06/08/2026 11:49:21,System.Runtime,dotnet.exceptions ({exception} / 1 sec)[error.type=SocketException],Rate,0
06/08/2026 11:49:21,System.Runtime,dotnet.exceptions ({exception} / 1 sec)[error.type=HttpRequestException],Rate,0
06/08/2026 11:49:21,System.Runtime,dotnet.exceptions ({exception} / 1 sec)[error.type=NpgsqlException],Rate,0
06/08/2026 11:49:21,System.Runtime,dotnet.exceptions ({exception} / 1 sec)[error.type=OperationCanceledException],Rate,0
06/08/2026 11:49:21,System.Runtime,dotnet.gc.last_collection.heap.fragmentation.size (By)[gc.heap.generation=gen1],Metric,9160992
06/08/2026 11:49:21,System.Runtime,dotnet.gc.last_collection.heap.fragmentation.size (By)[gc.heap.generation=loh],Metric,768
06/08/2026 11:49:21,System.Runtime,dotnet.gc.last_collection.heap.fragmentation.size (By)[gc.heap.generation=gen0],Metric,7478720
06/08/2026 11:49:21,System.Runtime,dotnet.gc.last_collection.heap.fragmentation.size (By)[gc.heap.generation=gen2],Metric,4044256
06/08/2026 11:49:21,System.Runtime,dotnet.gc.last_collection.heap.fragmentation.size (By)[gc.heap.generation=poh],Metric,0
06/08/2026 11:49:21,Microsoft.AspNetCore.Hosting,http.server.active_requests ({request})[http.request.method=POST;url.scheme=http],Metric,0
06/08/2026 11:49:21,Microsoft.AspNetCore.Hosting,http.server.active_requests ({request})[http.request.method=GET;url.scheme=http],Metric,4096
06/08/2026 11:49:21,System.Runtime,dotnet.process.memory.working_set (By),Metric,444125184
06/08/2026 11:49:21,System.Runtime,dotnet.thread_pool.queue.length ({work_item} / 1 sec),Rate,0
06/08/2026 11:49:21,Npgsql,db.client.operation.npgsql.bytes_written (By / 1 sec)[db.client.connection.pool.name=Host=127.0.0.1;Port=5432;Username=postgres;Database=myapp_load;Maximum Pool Size=500],Rate,262169
06/08/2026 11:49:21,System.Runtime,dotnet.assembly.count ({assembly}),Metric,156
06/08/2026 11:49:21,Npgsql,db.client.operation.npgsql.prepared_ratio[db.client.connection.pool.name=Host=127.0.0.1;Port=5432;Username=postgres;Database=myapp_load;Maximum Pool Size=500],Metric,0
06/08/2026 11:49:21,System.Runtime,dotnet.jit.compiled_methods ({method} / 1 sec),Rate,0
06/08/2026 11:49:22,System.Runtime,dotnet.gc.last_collection.memory.committed_size (By),Metric,323829760
06/08/2026 11:49:22,Npgsql,db.client.connection.npgsql.pending_requests ({request})[db.client.connection.pool.name=Host=127.0.0.1;Port=5432;Username=postgres;Database=myapp_load;Maximum Pool Size=500],Metric,3736
06/08/2026 11:49:22,Npgsql,db.client.connection.max ({connection})[db.client.connection.pool.name=Host=127.0.0.1;Port=5432;Username=postgres;Database=myapp_load;Maximum Pool Size=500],Metric,500
06/08/2026 11:49:22,Npgsql,db.client.connection.count ({connection})[db.client.connection.pool.name=Host=127.0.0.1;Port=5432;Username=postgres;Database=myapp_load;Maximum Pool Size=500;db.client.connection.state=used],Metric,381
06/08/2026 11:49:22,Npgsql,db.client.connection.count ({connection})[db.client.connection.pool.name=Host=127.0.0.1;Port=5432;Username=postgres;Database=myapp_load;Maximum Pool Size=500;db.client.connection.state=idle],Metric,32
06/08/2026 11:49:22,Npgsql,db.client.operation.npgsql.bytes_read (By / 1 sec)[db.client.connection.pool.name=Host=127.0.0.1;Port=5432;Username=postgres;Database=myapp_load;Maximum Pool Size=500],Rate,272889
06/08/2026 11:49:22,System.Runtime,dotnet.gc.collections ({collection} / 1 sec)[gc.heap.generation=gen1],Rate,0
06/08/2026 11:49:22,System.Runtime,dotnet.gc.collections ({collection} / 1 sec)[gc.heap.generation=gen0],Rate,0
06/08/2026 11:49:22,System.Runtime,dotnet.gc.collections ({collection} / 1 sec)[gc.heap.generation=gen2],Rate,0
06/08/2026 11:49:22,Npgsql,db.client.operation.npgsql.executing ({command})[db.client.connection.pool.name=Host=127.0.0.1;Port=5432;Username=postgres;Database=myapp_load;Maximum Pool Size=500],Metric,114
06/08/2026 11:49:22,System.Runtime,dotnet.thread_pool.work_item.count ({work_item} / 1 sec),Rate,6992
06/08/2026 11:49:22,System.Runtime,dotnet.gc.pause.time (s / 1 sec),Rate,0
06/08/2026 11:49:22,System.Runtime,dotnet.timer.count ({timer}),Metric,3617
06/08/2026 11:49:22,System.Runtime,dotnet.jit.compilation.time (s / 1 sec),Rate,0.001746199999999476
06/08/2026 11:49:22,System.Runtime,dotnet.gc.last_collection.heap.size (By)[gc.heap.generation=gen1],Metric,89851632
06/08/2026 11:49:22,System.Runtime,dotnet.gc.last_collection.heap.size (By)[gc.heap.generation=loh],Metric,4626696
06/08/2026 11:49:22,System.Runtime,dotnet.gc.last_collection.heap.size (By)[gc.heap.generation=gen0],Metric,7487120
06/08/2026 11:49:22,System.Runtime,dotnet.gc.last_collection.heap.size (By)[gc.heap.generation=gen2],Metric,82348360
06/08/2026 11:49:22,System.Runtime,dotnet.gc.last_collection.heap.size (By)[gc.heap.generation=poh],Metric,3350120
06/08/2026 11:49:22,System.Runtime,dotnet.process.cpu.time (s / 1 sec)[cpu.mode=user],Rate,1.09375
06/08/2026 11:49:22,System.Runtime,dotnet.process.cpu.time (s / 1 sec)[cpu.mode=system],Rate,0.578125
06/08/2026 11:49:22,Microsoft.AspNetCore.Hosting,http.server.request.duration (s)[http.request.method=GET;http.response.status_code=200;http.route=/orders/{id:int};network.protocol.version=1.1;url.scheme=http;Percentile=50],Metric,1.9765625
06/08/2026 11:49:22,Microsoft.AspNetCore.Hosting,http.server.request.duration (s)[http.request.method=GET;http.response.status_code=200;http.route=/orders/{id:int};network.protocol.version=1.1;url.scheme=http;Percentile=95],Metric,2.12109375
06/08/2026 11:49:22,Microsoft.AspNetCore.Hosting,http.server.request.duration (s)[http.request.method=GET;http.response.status_code=200;http.route=/orders/{id:int};network.protocol.version=1.1;url.scheme=http;Percentile=99],Metric,2.44921875
06/08/2026 11:49:22,Microsoft.AspNetCore.Hosting,http.server.request.duration (s)[error.type=Npgsql.NpgsqlException;http.request.method=GET;http.response.status_code=500;http.route=/orders/{id:int};network.protocol.version=1.1;url.scheme=http;Percentile=50],Metric,15.09375
06/08/2026 11:49:22,Microsoft.AspNetCore.Hosting,http.server.request.duration (s)[error.type=Npgsql.NpgsqlException;http.request.method=GET;http.response.status_code=500;http.route=/orders/{id:int};network.protocol.version=1.1;url.scheme=http;Percentile=95],Metric,15.15625
06/08/2026 11:49:22,Microsoft.AspNetCore.Hosting,http.server.request.duration (s)[error.type=Npgsql.NpgsqlException;http.request.method=GET;http.response.status_code=500;http.route=/orders/{id:int};network.protocol.version=1.1;url.scheme=http;Percentile=99],Metric,15.171875
06/08/2026 11:49:22,Npgsql,db.client.connection.npgsql.create_time (s)[db.client.connection.pool.name=Host=127.0.0.1;Port=5432;Username=postgres;Database=myapp_load;Maximum Pool Size=500;Percentile=50],Metric,8.59375
06/08/2026 11:49:22,Npgsql,db.client.connection.npgsql.create_time (s)[db.client.connection.pool.name=Host=127.0.0.1;Port=5432;Username=postgres;Database=myapp_load;Maximum Pool Size=500;Percentile=95],Metric,8.84375
06/08/2026 11:49:22,Npgsql,db.client.connection.npgsql.create_time (s)[db.client.connection.pool.name=Host=127.0.0.1;Port=5432;Username=postgres;Database=myapp_load;Maximum Pool Size=500;Percentile=99],Metric,8.84375
06/08/2026 11:49:22,System.Runtime,dotnet.jit.compiled_il.size (By / 1 sec),Rate,80
06/08/2026 11:49:22,System.Runtime,dotnet.gc.heap.total_allocated (By / 1 sec),Rate,82691200
06/08/2026 11:49:22,System.Runtime,dotnet.process.cpu.count ({cpu}),Metric,20
06/08/2026 11:49:22,System.Runtime,dotnet.monitor.lock_contentions ({contention} / 1 sec),Rate,29
06/08/2026 11:49:22,Npgsql,db.client.operation.duration (s)[db.client.connection.pool.name=Host=127.0.0.1;Port=5432;Username=postgres;Database=myapp_load;Maximum Pool Size=500;db.system.name=postgresql;server.address=127.0.0.1;server.port=5432;Percentile=50],Metric,0.0830078125
06/08/2026 11:49:22,Npgsql,db.client.operation.duration (s)[db.client.connection.pool.name=Host=127.0.0.1;Port=5432;Username=postgres;Database=myapp_load;Maximum Pool Size=500;db.system.name=postgresql;server.address=127.0.0.1;server.port=5432;Percentile=95],Metric,0.223876953125
06/08/2026 11:49:22,Npgsql,db.client.operation.duration (s)[db.client.connection.pool.name=Host=127.0.0.1;Port=5432;Username=postgres;Database=myapp_load;Maximum Pool Size=500;db.system.name=postgresql;server.address=127.0.0.1;server.port=5432;Percentile=99],Metric,0.4375
06/08/2026 11:49:22,System.Runtime,dotnet.thread_pool.thread.count ({thread} / 1 sec),Rate,0
06/08/2026 11:49:22,System.Runtime,dotnet.exceptions ({exception} / 1 sec)[error.type=SocketException],Rate,2
06/08/2026 11:49:22,System.Runtime,dotnet.exceptions ({exception} / 1 sec)[error.type=HttpRequestException],Rate,11
06/08/2026 11:49:22,System.Runtime,dotnet.exceptions ({exception} / 1 sec)[error.type=NpgsqlException],Rate,1741
06/08/2026 11:49:22,System.Runtime,dotnet.exceptions ({exception} / 1 sec)[error.type=OperationCanceledException],Rate,52
06/08/2026 11:49:22,System.Runtime,dotnet.gc.last_collection.heap.fragmentation.size (By)[gc.heap.generation=gen1],Metric,9160992
06/08/2026 11:49:22,System.Runtime,dotnet.gc.last_collection.heap.fragmentation.size (By)[gc.heap.generation=loh],Metric,768
06/08/2026 11:49:22,System.Runtime,dotnet.gc.last_collection.heap.fragmentation.size (By)[gc.heap.generation=gen0],Metric,7478720
06/08/2026 11:49:22,System.Runtime,dotnet.gc.last_collection.heap.fragmentation.size (By)[gc.heap.generation=gen2],Metric,4044256
06/08/2026 11:49:22,System.Runtime,dotnet.gc.last_collection.heap.fragmentation.size (By)[gc.heap.generation=poh],Metric,0
06/08/2026 11:49:22,Microsoft.AspNetCore.Hosting,http.server.active_requests ({request})[http.request.method=POST;url.scheme=http],Metric,0
06/08/2026 11:49:22,Microsoft.AspNetCore.Hosting,http.server.active_requests ({request})[http.request.method=GET;url.scheme=http],Metric,3883
06/08/2026 11:49:22,System.Runtime,dotnet.process.memory.working_set (By),Metric,444792832
06/08/2026 11:49:22,System.Runtime,dotnet.thread_pool.queue.length ({work_item} / 1 sec),Rate,767
06/08/2026 11:49:22,Npgsql,db.client.operation.npgsql.bytes_written (By / 1 sec)[db.client.connection.pool.name=Host=127.0.0.1;Port=5432;Username=postgres;Database=myapp_load;Maximum Pool Size=500],Rate,217489
06/08/2026 11:49:22,System.Runtime,dotnet.assembly.count ({assembly}),Metric,156
06/08/2026 11:49:22,Npgsql,db.client.operation.npgsql.prepared_ratio[db.client.connection.pool.name=Host=127.0.0.1;Port=5432;Username=postgres;Database=myapp_load;Maximum Pool Size=500],Metric,0
06/08/2026 11:49:22,System.Runtime,dotnet.jit.compiled_methods ({method} / 1 sec),Rate,3
06/08/2026 11:49:23,System.Runtime,dotnet.gc.last_collection.memory.committed_size (By),Metric,349278208
06/08/2026 11:49:23,Npgsql,db.client.connection.npgsql.pending_requests ({request})[db.client.connection.pool.name=Host=127.0.0.1;Port=5432;Username=postgres;Database=myapp_load;Maximum Pool Size=500],Metric,3451
06/08/2026 11:49:23,Npgsql,db.client.connection.max ({connection})[db.client.connection.pool.name=Host=127.0.0.1;Port=5432;Username=postgres;Database=myapp_load;Maximum Pool Size=500],Metric,500
06/08/2026 11:49:23,Npgsql,db.client.connection.count ({connection})[db.client.connection.pool.name=Host=127.0.0.1;Port=5432;Username=postgres;Database=myapp_load;Maximum Pool Size=500;db.client.connection.state=used],Metric,156
06/08/2026 11:49:23,Npgsql,db.client.connection.count ({connection})[db.client.connection.pool.name=Host=127.0.0.1;Port=5432;Username=postgres;Database=myapp_load;Maximum Pool Size=500;db.client.connection.state=idle],Metric,0
06/08/2026 11:49:23,Npgsql,db.client.operation.npgsql.bytes_read (By / 1 sec)[db.client.connection.pool.name=Host=127.0.0.1;Port=5432;Username=postgres;Database=myapp_load;Maximum Pool Size=500],Rate,25094
06/08/2026 11:49:23,System.Runtime,dotnet.gc.collections ({collection} / 1 sec)[gc.heap.generation=gen1],Rate,1
06/08/2026 11:49:23,System.Runtime,dotnet.gc.collections ({collection} / 1 sec)[gc.heap.generation=gen0],Rate,1
06/08/2026 11:49:23,System.Runtime,dotnet.gc.collections ({collection} / 1 sec)[gc.heap.generation=gen2],Rate,0
06/08/2026 11:49:23,Npgsql,db.client.operation.npgsql.executing ({command})[db.client.connection.pool.name=Host=127.0.0.1;Port=5432;Username=postgres;Database=myapp_load;Maximum Pool Size=500],Metric,0
06/08/2026 11:49:23,System.Runtime,dotnet.thread_pool.work_item.count ({work_item} / 1 sec),Rate,1649
06/08/2026 11:49:23,System.Runtime,dotnet.gc.pause.time (s / 1 sec),Rate,0.141316
06/08/2026 11:49:23,System.Runtime,dotnet.timer.count ({timer}),Metric,3607
06/08/2026 11:49:23,System.Runtime,dotnet.jit.compilation.time (s / 1 sec),Rate,0.6154823
06/08/2026 11:49:23,System.Runtime,dotnet.gc.last_collection.heap.size (By)[gc.heap.generation=gen1],Metric,32489704
06/08/2026 11:49:23,System.Runtime,dotnet.gc.last_collection.heap.size (By)[gc.heap.generation=loh],Metric,4626696
06/08/2026 11:49:23,System.Runtime,dotnet.gc.last_collection.heap.size (By)[gc.heap.generation=gen0],Metric,18578272
06/08/2026 11:49:23,System.Runtime,dotnet.gc.last_collection.heap.size (By)[gc.heap.generation=gen2],Metric,146917608
06/08/2026 11:49:23,System.Runtime,dotnet.gc.last_collection.heap.size (By)[gc.heap.generation=poh],Metric,3358360
06/08/2026 11:49:23,System.Runtime,dotnet.process.cpu.time (s / 1 sec)[cpu.mode=user],Rate,2.328125
06/08/2026 11:49:23,System.Runtime,dotnet.process.cpu.time (s / 1 sec)[cpu.mode=system],Rate,1.140625
06/08/2026 11:49:23,Microsoft.AspNetCore.Hosting,http.server.request.duration (s)[http.request.method=GET;http.response.status_code=200;http.route=/orders/{id:int};network.protocol.version=1.1;url.scheme=http;Percentile=50],Metric,2.2578125
06/08/2026 11:49:23,Microsoft.AspNetCore.Hosting,http.server.request.duration (s)[http.request.method=GET;http.response.status_code=200;http.route=/orders/{id:int};network.protocol.version=1.1;url.scheme=http;Percentile=95],Metric,2.9921875
06/08/2026 11:49:23,Microsoft.AspNetCore.Hosting,http.server.request.duration (s)[http.request.method=GET;http.response.status_code=200;http.route=/orders/{id:int};network.protocol.version=1.1;url.scheme=http;Percentile=99],Metric,9.75
06/08/2026 11:49:23,Microsoft.AspNetCore.Hosting,http.server.request.duration (s)[error.type=Npgsql.NpgsqlException;http.request.method=GET;http.response.status_code=500;http.route=/orders/{id:int};network.protocol.version=1.1;url.scheme=http;Percentile=50],Metric,15.65625
06/08/2026 11:49:23,Microsoft.AspNetCore.Hosting,http.server.request.duration (s)[error.type=Npgsql.NpgsqlException;http.request.method=GET;http.response.status_code=500;http.route=/orders/{id:int};network.protocol.version=1.1;url.scheme=http;Percentile=95],Metric,16.0625
06/08/2026 11:49:23,Microsoft.AspNetCore.Hosting,http.server.request.duration (s)[error.type=Npgsql.NpgsqlException;http.request.method=GET;http.response.status_code=500;http.route=/orders/{id:int};network.protocol.version=1.1;url.scheme=http;Percentile=99],Metric,16.09375
06/08/2026 11:49:23,Npgsql,db.client.connection.npgsql.create_time (s)[db.client.connection.pool.name=Host=127.0.0.1;Port=5432;Username=postgres;Database=myapp_load;Maximum Pool Size=500;Percentile=50],Metric,9.671875
06/08/2026 11:49:23,Npgsql,db.client.connection.npgsql.create_time (s)[db.client.connection.pool.name=Host=127.0.0.1;Port=5432;Username=postgres;Database=myapp_load;Maximum Pool Size=500;Percentile=95],Metric,9.671875
06/08/2026 11:49:23,Npgsql,db.client.connection.npgsql.create_time (s)[db.client.connection.pool.name=Host=127.0.0.1;Port=5432;Username=postgres;Database=myapp_load;Maximum Pool Size=500;Percentile=99],Metric,9.671875
06/08/2026 11:49:23,System.Runtime,dotnet.jit.compiled_il.size (By / 1 sec),Rate,4965
06/08/2026 11:49:23,System.Runtime,dotnet.gc.heap.total_allocated (By / 1 sec),Rate,225154584
06/08/2026 11:49:23,System.Runtime,dotnet.process.cpu.count ({cpu}),Metric,20
06/08/2026 11:49:23,System.Runtime,dotnet.monitor.lock_contentions ({contention} / 1 sec),Rate,20
06/08/2026 11:49:23,Npgsql,db.client.operation.duration (s)[db.client.connection.pool.name=Host=127.0.0.1;Port=5432;Username=postgres;Database=myapp_load;Maximum Pool Size=500;db.system.name=postgresql;server.address=127.0.0.1;server.port=5432;Percentile=50],Metric,0.24462890625
06/08/2026 11:49:23,Npgsql,db.client.operation.duration (s)[db.client.connection.pool.name=Host=127.0.0.1;Port=5432;Username=postgres;Database=myapp_load;Maximum Pool Size=500;db.system.name=postgresql;server.address=127.0.0.1;server.port=5432;Percentile=95],Metric,0.44873046875
06/08/2026 11:49:23,Npgsql,db.client.operation.duration (s)[db.client.connection.pool.name=Host=127.0.0.1;Port=5432;Username=postgres;Database=myapp_load;Maximum Pool Size=500;db.system.name=postgresql;server.address=127.0.0.1;server.port=5432;Percentile=99],Metric,0.8154296875
06/08/2026 11:49:23,System.Runtime,dotnet.thread_pool.thread.count ({thread} / 1 sec),Rate,0
06/08/2026 11:49:23,System.Runtime,dotnet.exceptions ({exception} / 1 sec)[error.type=SocketException],Rate,0
06/08/2026 11:49:23,System.Runtime,dotnet.exceptions ({exception} / 1 sec)[error.type=HttpRequestException],Rate,0
06/08/2026 11:49:23,System.Runtime,dotnet.exceptions ({exception} / 1 sec)[error.type=NpgsqlException],Rate,6325
06/08/2026 11:49:23,System.Runtime,dotnet.exceptions ({exception} / 1 sec)[error.type=OperationCanceledException],Rate,249
06/08/2026 11:49:23,System.Runtime,dotnet.gc.last_collection.heap.fragmentation.size (By)[gc.heap.generation=gen1],Metric,24929016
06/08/2026 11:49:23,System.Runtime,dotnet.gc.last_collection.heap.fragmentation.size (By)[gc.heap.generation=loh],Metric,768
06/08/2026 11:49:23,System.Runtime,dotnet.gc.last_collection.heap.fragmentation.size (By)[gc.heap.generation=gen0],Metric,18450640
06/08/2026 11:49:23,System.Runtime,dotnet.gc.last_collection.heap.fragmentation.size (By)[gc.heap.generation=gen2],Metric,21298544
06/08/2026 11:49:23,System.Runtime,dotnet.gc.last_collection.heap.fragmentation.size (By)[gc.heap.generation=poh],Metric,0
06/08/2026 11:49:23,Microsoft.AspNetCore.Hosting,http.server.active_requests ({request})[http.request.method=POST;url.scheme=http],Metric,0
06/08/2026 11:49:23,Microsoft.AspNetCore.Hosting,http.server.active_requests ({request})[http.request.method=GET;url.scheme=http],Metric,3577
06/08/2026 11:49:23,System.Runtime,dotnet.process.memory.working_set (By),Metric,473493504
06/08/2026 11:49:23,System.Runtime,dotnet.thread_pool.queue.length ({work_item} / 1 sec),Rate,141
06/08/2026 11:49:23,Npgsql,db.client.operation.npgsql.bytes_written (By / 1 sec)[db.client.connection.pool.name=Host=127.0.0.1;Port=5432;Username=postgres;Database=myapp_load;Maximum Pool Size=500],Rate,6680
06/08/2026 11:49:23,System.Runtime,dotnet.assembly.count ({assembly}),Metric,156
06/08/2026 11:49:23,Npgsql,db.client.operation.npgsql.prepared_ratio[db.client.connection.pool.name=Host=127.0.0.1;Port=5432;Username=postgres;Database=myapp_load;Maximum Pool Size=500],Metric,0
06/08/2026 11:49:23,System.Runtime,dotnet.jit.compiled_methods ({method} / 1 sec),Rate,72
06/08/2026 11:49:24,System.Runtime,dotnet.gc.last_collection.memory.committed_size (By),Metric,349278208
06/08/2026 11:49:24,Npgsql,db.client.connection.npgsql.pending_requests ({request})[db.client.connection.pool.name=Host=127.0.0.1;Port=5432;Username=postgres;Database=myapp_load;Maximum Pool Size=500],Metric,3973
06/08/2026 11:49:24,Npgsql,db.client.connection.max ({connection})[db.client.connection.pool.name=Host=127.0.0.1;Port=5432;Username=postgres;Database=myapp_load;Maximum Pool Size=500],Metric,500
06/08/2026 11:49:24,Npgsql,db.client.connection.count ({connection})[db.client.connection.pool.name=Host=127.0.0.1;Port=5432;Username=postgres;Database=myapp_load;Maximum Pool Size=500;db.client.connection.state=used],Metric,500
06/08/2026 11:49:24,Npgsql,db.client.connection.count ({connection})[db.client.connection.pool.name=Host=127.0.0.1;Port=5432;Username=postgres;Database=myapp_load;Maximum Pool Size=500;db.client.connection.state=idle],Metric,0
06/08/2026 11:49:24,Npgsql,db.client.operation.npgsql.bytes_read (By / 1 sec)[db.client.connection.pool.name=Host=127.0.0.1;Port=5432;Username=postgres;Database=myapp_load;Maximum Pool Size=500],Rate,0
06/08/2026 11:49:24,System.Runtime,dotnet.gc.collections ({collection} / 1 sec)[gc.heap.generation=gen1],Rate,0
06/08/2026 11:49:24,System.Runtime,dotnet.gc.collections ({collection} / 1 sec)[gc.heap.generation=gen0],Rate,0
06/08/2026 11:49:24,System.Runtime,dotnet.gc.collections ({collection} / 1 sec)[gc.heap.generation=gen2],Rate,0
06/08/2026 11:49:24,Npgsql,db.client.operation.npgsql.executing ({command})[db.client.connection.pool.name=Host=127.0.0.1;Port=5432;Username=postgres;Database=myapp_load;Maximum Pool Size=500],Metric,0
06/08/2026 11:49:24,System.Runtime,dotnet.thread_pool.work_item.count ({work_item} / 1 sec),Rate,1571
06/08/2026 11:49:24,System.Runtime,dotnet.gc.pause.time (s / 1 sec),Rate,0
06/08/2026 11:49:24,System.Runtime,dotnet.timer.count ({timer}),Metric,4478
06/08/2026 11:49:24,System.Runtime,dotnet.jit.compilation.time (s / 1 sec),Rate,0.6139491000000028
06/08/2026 11:49:24,System.Runtime,dotnet.gc.last_collection.heap.size (By)[gc.heap.generation=gen1],Metric,32489704
06/08/2026 11:49:24,System.Runtime,dotnet.gc.last_collection.heap.size (By)[gc.heap.generation=loh],Metric,4626696
06/08/2026 11:49:24,System.Runtime,dotnet.gc.last_collection.heap.size (By)[gc.heap.generation=gen0],Metric,18578272
06/08/2026 11:49:24,System.Runtime,dotnet.gc.last_collection.heap.size (By)[gc.heap.generation=gen2],Metric,146917608
06/08/2026 11:49:24,System.Runtime,dotnet.gc.last_collection.heap.size (By)[gc.heap.generation=poh],Metric,3358360
06/08/2026 11:49:24,System.Runtime,dotnet.process.cpu.time (s / 1 sec)[cpu.mode=user],Rate,0.671875
06/08/2026 11:49:24,System.Runtime,dotnet.process.cpu.time (s / 1 sec)[cpu.mode=system],Rate,0.46875
06/08/2026 11:49:24,Microsoft.AspNetCore.Hosting,http.server.request.duration (s)[http.request.method=GET;http.response.status_code=200;http.route=/orders/{id:int};network.protocol.version=1.1;url.scheme=http;Percentile=50],Metric,3.11328125
06/08/2026 11:49:24,Microsoft.AspNetCore.Hosting,http.server.request.duration (s)[http.request.method=GET;http.response.status_code=200;http.route=/orders/{id:int};network.protocol.version=1.1;url.scheme=http;Percentile=95],Metric,3.11328125
06/08/2026 11:49:24,Microsoft.AspNetCore.Hosting,http.server.request.duration (s)[http.request.method=GET;http.response.status_code=200;http.route=/orders/{id:int};network.protocol.version=1.1;url.scheme=http;Percentile=99],Metric,3.11328125
06/08/2026 11:49:24,Microsoft.AspNetCore.Hosting,http.server.request.duration (s)[error.type=Npgsql.NpgsqlException;http.request.method=GET;http.response.status_code=500;http.route=/orders/{id:int};network.protocol.version=1.1;url.scheme=http;Percentile=50],Metric,16.15625
06/08/2026 11:49:24,Microsoft.AspNetCore.Hosting,http.server.request.duration (s)[error.type=Npgsql.NpgsqlException;http.request.method=GET;http.response.status_code=500;http.route=/orders/{id:int};network.protocol.version=1.1;url.scheme=http;Percentile=95],Metric,16.15625
06/08/2026 11:49:24,Microsoft.AspNetCore.Hosting,http.server.request.duration (s)[error.type=Npgsql.NpgsqlException;http.request.method=GET;http.response.status_code=500;http.route=/orders/{id:int};network.protocol.version=1.1;url.scheme=http;Percentile=99],Metric,16.15625
06/08/2026 11:49:24,System.Runtime,dotnet.jit.compiled_il.size (By / 1 sec),Rate,10705
06/08/2026 11:49:24,System.Runtime,dotnet.gc.heap.total_allocated (By / 1 sec),Rate,35125464
06/08/2026 11:49:24,System.Runtime,dotnet.process.cpu.count ({cpu}),Metric,20
06/08/2026 11:49:24,System.Runtime,dotnet.monitor.lock_contentions ({contention} / 1 sec),Rate,0
06/08/2026 11:49:24,System.Runtime,dotnet.thread_pool.thread.count ({thread} / 1 sec),Rate,0
06/08/2026 11:49:24,System.Runtime,dotnet.exceptions ({exception} / 1 sec)[error.type=SocketException],Rate,0
06/08/2026 11:49:24,System.Runtime,dotnet.exceptions ({exception} / 1 sec)[error.type=HttpRequestException],Rate,0
06/08/2026 11:49:24,System.Runtime,dotnet.exceptions ({exception} / 1 sec)[error.type=NpgsqlException],Rate,0
06/08/2026 11:49:24,System.Runtime,dotnet.exceptions ({exception} / 1 sec)[error.type=OperationCanceledException],Rate,0
06/08/2026 11:49:24,System.Runtime,dotnet.gc.last_collection.heap.fragmentation.size (By)[gc.heap.generation=gen1],Metric,24929016
06/08/2026 11:49:24,System.Runtime,dotnet.gc.last_collection.heap.fragmentation.size (By)[gc.heap.generation=loh],Metric,768
06/08/2026 11:49:24,System.Runtime,dotnet.gc.last_collection.heap.fragmentation.size (By)[gc.heap.generation=gen0],Metric,18450640
06/08/2026 11:49:24,System.Runtime,dotnet.gc.last_collection.heap.fragmentation.size (By)[gc.heap.generation=gen2],Metric,21298544
06/08/2026 11:49:24,System.Runtime,dotnet.gc.last_collection.heap.fragmentation.size (By)[gc.heap.generation=poh],Metric,0
06/08/2026 11:49:24,Microsoft.AspNetCore.Hosting,http.server.active_requests ({request})[http.request.method=POST;url.scheme=http],Metric,0
06/08/2026 11:49:24,Microsoft.AspNetCore.Hosting,http.server.active_requests ({request})[http.request.method=GET;url.scheme=http],Metric,4096
06/08/2026 11:49:24,System.Runtime,dotnet.process.memory.working_set (By),Metric,474951680
06/08/2026 11:49:24,System.Runtime,dotnet.thread_pool.queue.length ({work_item} / 1 sec),Rate,-908
06/08/2026 11:49:24,Npgsql,db.client.operation.npgsql.bytes_written (By / 1 sec)[db.client.connection.pool.name=Host=127.0.0.1;Port=5432;Username=postgres;Database=myapp_load;Maximum Pool Size=500],Rate,2816
06/08/2026 11:49:24,System.Runtime,dotnet.assembly.count ({assembly}),Metric,156
06/08/2026 11:49:24,System.Runtime,dotnet.jit.compiled_methods ({method} / 1 sec),Rate,110
06/08/2026 11:49:25,System.Runtime,dotnet.gc.last_collection.memory.committed_size (By),Metric,349278208
06/08/2026 11:49:25,Npgsql,db.client.connection.npgsql.pending_requests ({request})[db.client.connection.pool.name=Host=127.0.0.1;Port=5432;Username=postgres;Database=myapp_load;Maximum Pool Size=500],Metric,3977
06/08/2026 11:49:25,Npgsql,db.client.connection.max ({connection})[db.client.connection.pool.name=Host=127.0.0.1;Port=5432;Username=postgres;Database=myapp_load;Maximum Pool Size=500],Metric,500
06/08/2026 11:49:25,Npgsql,db.client.connection.count ({connection})[db.client.connection.pool.name=Host=127.0.0.1;Port=5432;Username=postgres;Database=myapp_load;Maximum Pool Size=500;db.client.connection.state=used],Metric,500
06/08/2026 11:49:25,Npgsql,db.client.connection.count ({connection})[db.client.connection.pool.name=Host=127.0.0.1;Port=5432;Username=postgres;Database=myapp_load;Maximum Pool Size=500;db.client.connection.state=idle],Metric,0
06/08/2026 11:49:25,Npgsql,db.client.operation.npgsql.bytes_read (By / 1 sec)[db.client.connection.pool.name=Host=127.0.0.1;Port=5432;Username=postgres;Database=myapp_load;Maximum Pool Size=500],Rate,6973
06/08/2026 11:49:25,System.Runtime,dotnet.gc.collections ({collection} / 1 sec)[gc.heap.generation=gen1],Rate,0
06/08/2026 11:49:25,System.Runtime,dotnet.gc.collections ({collection} / 1 sec)[gc.heap.generation=gen0],Rate,0
06/08/2026 11:49:25,System.Runtime,dotnet.gc.collections ({collection} / 1 sec)[gc.heap.generation=gen2],Rate,0
06/08/2026 11:49:25,Npgsql,db.client.operation.npgsql.executing ({command})[db.client.connection.pool.name=Host=127.0.0.1;Port=5432;Username=postgres;Database=myapp_load;Maximum Pool Size=500],Metric,6
06/08/2026 11:49:25,System.Runtime,dotnet.thread_pool.work_item.count ({work_item} / 1 sec),Rate,75
06/08/2026 11:49:25,System.Runtime,dotnet.gc.pause.time (s / 1 sec),Rate,0
06/08/2026 11:49:25,System.Runtime,dotnet.timer.count ({timer}),Metric,4482
06/08/2026 11:49:25,System.Runtime,dotnet.jit.compilation.time (s / 1 sec),Rate,0
06/08/2026 11:49:25,System.Runtime,dotnet.gc.last_collection.heap.size (By)[gc.heap.generation=gen1],Metric,32489704
06/08/2026 11:49:25,System.Runtime,dotnet.gc.last_collection.heap.size (By)[gc.heap.generation=loh],Metric,4626696
06/08/2026 11:49:25,System.Runtime,dotnet.gc.last_collection.heap.size (By)[gc.heap.generation=gen0],Metric,18578272
06/08/2026 11:49:25,System.Runtime,dotnet.gc.last_collection.heap.size (By)[gc.heap.generation=gen2],Metric,146917608
06/08/2026 11:49:25,System.Runtime,dotnet.gc.last_collection.heap.size (By)[gc.heap.generation=poh],Metric,3358360
06/08/2026 11:49:25,System.Runtime,dotnet.process.cpu.time (s / 1 sec)[cpu.mode=user],Rate,0.046875
06/08/2026 11:49:25,System.Runtime,dotnet.process.cpu.time (s / 1 sec)[cpu.mode=system],Rate,0
06/08/2026 11:49:25,Microsoft.AspNetCore.Hosting,http.server.request.duration (s)[http.request.method=GET;http.response.status_code=200;http.route=/orders/{id:int};network.protocol.version=1.1;url.scheme=http;Percentile=50],Metric,3.08203125
06/08/2026 11:49:25,Microsoft.AspNetCore.Hosting,http.server.request.duration (s)[http.request.method=GET;http.response.status_code=200;http.route=/orders/{id:int};network.protocol.version=1.1;url.scheme=http;Percentile=95],Metric,3.1171875
06/08/2026 11:49:25,Microsoft.AspNetCore.Hosting,http.server.request.duration (s)[http.request.method=GET;http.response.status_code=200;http.route=/orders/{id:int};network.protocol.version=1.1;url.scheme=http;Percentile=99],Metric,3.1171875
06/08/2026 11:49:25,Npgsql,db.client.connection.npgsql.create_time (s)[db.client.connection.pool.name=Host=127.0.0.1;Port=5432;Username=postgres;Database=myapp_load;Maximum Pool Size=500;Percentile=50],Metric,3.0703125
06/08/2026 11:49:25,Npgsql,db.client.connection.npgsql.create_time (s)[db.client.connection.pool.name=Host=127.0.0.1;Port=5432;Username=postgres;Database=myapp_load;Maximum Pool Size=500;Percentile=95],Metric,3.12890625
06/08/2026 11:49:25,Npgsql,db.client.connection.npgsql.create_time (s)[db.client.connection.pool.name=Host=127.0.0.1;Port=5432;Username=postgres;Database=myapp_load;Maximum Pool Size=500;Percentile=99],Metric,3.12890625
06/08/2026 11:49:25,System.Runtime,dotnet.jit.compiled_il.size (By / 1 sec),Rate,0
06/08/2026 11:49:25,System.Runtime,dotnet.gc.heap.total_allocated (By / 1 sec),Rate,707856
06/08/2026 11:49:25,System.Runtime,dotnet.process.cpu.count ({cpu}),Metric,20
06/08/2026 11:49:25,System.Runtime,dotnet.monitor.lock_contentions ({contention} / 1 sec),Rate,0
06/08/2026 11:49:25,Npgsql,db.client.operation.duration (s)[db.client.connection.pool.name=Host=127.0.0.1;Port=5432;Username=postgres;Database=myapp_load;Maximum Pool Size=500;db.system.name=postgresql;server.address=127.0.0.1;server.port=5432;Percentile=50],Metric,0.03778076171875
06/08/2026 11:49:25,Npgsql,db.client.operation.duration (s)[db.client.connection.pool.name=Host=127.0.0.1;Port=5432;Username=postgres;Database=myapp_load;Maximum Pool Size=500;db.system.name=postgresql;server.address=127.0.0.1;server.port=5432;Percentile=95],Metric,0.0478515625
06/08/2026 11:49:25,Npgsql,db.client.operation.duration (s)[db.client.connection.pool.name=Host=127.0.0.1;Port=5432;Username=postgres;Database=myapp_load;Maximum Pool Size=500;db.system.name=postgresql;server.address=127.0.0.1;server.port=5432;Percentile=99],Metric,0.0478515625
06/08/2026 11:49:25,System.Runtime,dotnet.thread_pool.thread.count ({thread} / 1 sec),Rate,0
06/08/2026 11:49:25,System.Runtime,dotnet.exceptions ({exception} / 1 sec)[error.type=SocketException],Rate,0
06/08/2026 11:49:25,System.Runtime,dotnet.exceptions ({exception} / 1 sec)[error.type=HttpRequestException],Rate,0
06/08/2026 11:49:25,System.Runtime,dotnet.exceptions ({exception} / 1 sec)[error.type=NpgsqlException],Rate,0
06/08/2026 11:49:25,System.Runtime,dotnet.exceptions ({exception} / 1 sec)[error.type=OperationCanceledException],Rate,0
06/08/2026 11:49:25,System.Runtime,dotnet.gc.last_collection.heap.fragmentation.size (By)[gc.heap.generation=gen1],Metric,24929016
06/08/2026 11:49:25,System.Runtime,dotnet.gc.last_collection.heap.fragmentation.size (By)[gc.heap.generation=loh],Metric,768
06/08/2026 11:49:25,System.Runtime,dotnet.gc.last_collection.heap.fragmentation.size (By)[gc.heap.generation=gen0],Metric,18450640
06/08/2026 11:49:25,System.Runtime,dotnet.gc.last_collection.heap.fragmentation.size (By)[gc.heap.generation=gen2],Metric,21298544
06/08/2026 11:49:25,System.Runtime,dotnet.gc.last_collection.heap.fragmentation.size (By)[gc.heap.generation=poh],Metric,0
06/08/2026 11:49:25,Microsoft.AspNetCore.Hosting,http.server.active_requests ({request})[http.request.method=POST;url.scheme=http],Metric,0
06/08/2026 11:49:25,Microsoft.AspNetCore.Hosting,http.server.active_requests ({request})[http.request.method=GET;url.scheme=http],Metric,4096
06/08/2026 11:49:25,System.Runtime,dotnet.process.memory.working_set (By),Metric,474968064
06/08/2026 11:49:25,System.Runtime,dotnet.thread_pool.queue.length ({work_item} / 1 sec),Rate,0
06/08/2026 11:49:25,Npgsql,db.client.operation.npgsql.bytes_written (By / 1 sec)[db.client.connection.pool.name=Host=127.0.0.1;Port=5432;Username=postgres;Database=myapp_load;Maximum Pool Size=500],Rate,4344
06/08/2026 11:49:25,System.Runtime,dotnet.assembly.count ({assembly}),Metric,156
06/08/2026 11:49:25,Npgsql,db.client.operation.npgsql.prepared_ratio[db.client.connection.pool.name=Host=127.0.0.1;Port=5432;Username=postgres;Database=myapp_load;Maximum Pool Size=500],Metric,0
06/08/2026 11:49:25,System.Runtime,dotnet.jit.compiled_methods ({method} / 1 sec),Rate,0
06/08/2026 11:49:26,System.Runtime,dotnet.gc.last_collection.memory.committed_size (By),Metric,349278208
06/08/2026 11:49:26,Npgsql,db.client.connection.npgsql.pending_requests ({request})[db.client.connection.pool.name=Host=127.0.0.1;Port=5432;Username=postgres;Database=myapp_load;Maximum Pool Size=500],Metric,3930
06/08/2026 11:49:26,Npgsql,db.client.connection.max ({connection})[db.client.connection.pool.name=Host=127.0.0.1;Port=5432;Username=postgres;Database=myapp_load;Maximum Pool Size=500],Metric,500
06/08/2026 11:49:26,Npgsql,db.client.connection.count ({connection})[db.client.connection.pool.name=Host=127.0.0.1;Port=5432;Username=postgres;Database=myapp_load;Maximum Pool Size=500;db.client.connection.state=used],Metric,499
06/08/2026 11:49:26,Npgsql,db.client.connection.count ({connection})[db.client.connection.pool.name=Host=127.0.0.1;Port=5432;Username=postgres;Database=myapp_load;Maximum Pool Size=500;db.client.connection.state=idle],Metric,1
06/08/2026 11:49:26,Npgsql,db.client.operation.npgsql.bytes_read (By / 1 sec)[db.client.connection.pool.name=Host=127.0.0.1;Port=5432;Username=postgres;Database=myapp_load;Maximum Pool Size=500],Rate,93627
06/08/2026 11:49:26,System.Runtime,dotnet.gc.collections ({collection} / 1 sec)[gc.heap.generation=gen1],Rate,0
06/08/2026 11:49:26,System.Runtime,dotnet.gc.collections ({collection} / 1 sec)[gc.heap.generation=gen0],Rate,0
06/08/2026 11:49:26,System.Runtime,dotnet.gc.collections ({collection} / 1 sec)[gc.heap.generation=gen2],Rate,0
06/08/2026 11:49:26,Npgsql,db.client.operation.npgsql.executing ({command})[db.client.connection.pool.name=Host=127.0.0.1;Port=5432;Username=postgres;Database=myapp_load;Maximum Pool Size=500],Metric,51
06/08/2026 11:49:26,System.Runtime,dotnet.thread_pool.work_item.count ({work_item} / 1 sec),Rate,1949
06/08/2026 11:49:26,System.Runtime,dotnet.gc.pause.time (s / 1 sec),Rate,0
06/08/2026 11:49:26,System.Runtime,dotnet.timer.count ({timer}),Metric,4435
06/08/2026 11:49:26,System.Runtime,dotnet.jit.compilation.time (s / 1 sec),Rate,0.014244699999999
06/08/2026 11:49:26,System.Runtime,dotnet.gc.last_collection.heap.size (By)[gc.heap.generation=gen1],Metric,32489704
06/08/2026 11:49:26,System.Runtime,dotnet.gc.last_collection.heap.size (By)[gc.heap.generation=loh],Metric,4626696
06/08/2026 11:49:26,System.Runtime,dotnet.gc.last_collection.heap.size (By)[gc.heap.generation=gen0],Metric,18578272
06/08/2026 11:49:26,System.Runtime,dotnet.gc.last_collection.heap.size (By)[gc.heap.generation=gen2],Metric,146917608
06/08/2026 11:49:26,System.Runtime,dotnet.gc.last_collection.heap.size (By)[gc.heap.generation=poh],Metric,3358360
06/08/2026 11:49:26,System.Runtime,dotnet.process.cpu.time (s / 1 sec)[cpu.mode=user],Rate,0.25
06/08/2026 11:49:26,System.Runtime,dotnet.process.cpu.time (s / 1 sec)[cpu.mode=system],Rate,0.234375
06/08/2026 11:49:26,Microsoft.AspNetCore.Hosting,http.server.request.duration (s)[http.request.method=GET;http.response.status_code=200;http.route=/orders/{id:int};network.protocol.version=1.1;url.scheme=http;Percentile=50],Metric,5.34375
06/08/2026 11:49:26,Microsoft.AspNetCore.Hosting,http.server.request.duration (s)[http.request.method=GET;http.response.status_code=200;http.route=/orders/{id:int};network.protocol.version=1.1;url.scheme=http;Percentile=95],Metric,5.6875
06/08/2026 11:49:26,Microsoft.AspNetCore.Hosting,http.server.request.duration (s)[http.request.method=GET;http.response.status_code=200;http.route=/orders/{id:int};network.protocol.version=1.1;url.scheme=http;Percentile=99],Metric,5.703125
06/08/2026 11:49:26,Npgsql,db.client.connection.npgsql.create_time (s)[db.client.connection.pool.name=Host=127.0.0.1;Port=5432;Username=postgres;Database=myapp_load;Maximum Pool Size=500;Percentile=50],Metric,3.23046875
06/08/2026 11:49:26,Npgsql,db.client.connection.npgsql.create_time (s)[db.client.connection.pool.name=Host=127.0.0.1;Port=5432;Username=postgres;Database=myapp_load;Maximum Pool Size=500;Percentile=95],Metric,3.65625
06/08/2026 11:49:26,Npgsql,db.client.connection.npgsql.create_time (s)[db.client.connection.pool.name=Host=127.0.0.1;Port=5432;Username=postgres;Database=myapp_load;Maximum Pool Size=500;Percentile=99],Metric,3.6796875
06/08/2026 11:49:26,System.Runtime,dotnet.jit.compiled_il.size (By / 1 sec),Rate,2325
06/08/2026 11:49:26,System.Runtime,dotnet.gc.heap.total_allocated (By / 1 sec),Rate,7474896
06/08/2026 11:49:26,System.Runtime,dotnet.process.cpu.count ({cpu}),Metric,20
06/08/2026 11:49:26,System.Runtime,dotnet.monitor.lock_contentions ({contention} / 1 sec),Rate,1
06/08/2026 11:49:26,Npgsql,db.client.operation.duration (s)[db.client.connection.pool.name=Host=127.0.0.1;Port=5432;Username=postgres;Database=myapp_load;Maximum Pool Size=500;db.system.name=postgresql;server.address=127.0.0.1;server.port=5432;Percentile=50],Metric,0.0494384765625
06/08/2026 11:49:26,Npgsql,db.client.operation.duration (s)[db.client.connection.pool.name=Host=127.0.0.1;Port=5432;Username=postgres;Database=myapp_load;Maximum Pool Size=500;db.system.name=postgresql;server.address=127.0.0.1;server.port=5432;Percentile=95],Metric,0.14208984375
06/08/2026 11:49:26,Npgsql,db.client.operation.duration (s)[db.client.connection.pool.name=Host=127.0.0.1;Port=5432;Username=postgres;Database=myapp_load;Maximum Pool Size=500;db.system.name=postgresql;server.address=127.0.0.1;server.port=5432;Percentile=99],Metric,0.224609375
06/08/2026 11:49:26,System.Runtime,dotnet.thread_pool.thread.count ({thread} / 1 sec),Rate,0
06/08/2026 11:49:26,System.Runtime,dotnet.exceptions ({exception} / 1 sec)[error.type=SocketException],Rate,2
06/08/2026 11:49:26,System.Runtime,dotnet.exceptions ({exception} / 1 sec)[error.type=HttpRequestException],Rate,11
06/08/2026 11:49:26,System.Runtime,dotnet.exceptions ({exception} / 1 sec)[error.type=NpgsqlException],Rate,0
06/08/2026 11:49:26,System.Runtime,dotnet.exceptions ({exception} / 1 sec)[error.type=OperationCanceledException],Rate,0
06/08/2026 11:49:26,System.Runtime,dotnet.gc.last_collection.heap.fragmentation.size (By)[gc.heap.generation=gen1],Metric,24929016
06/08/2026 11:49:26,System.Runtime,dotnet.gc.last_collection.heap.fragmentation.size (By)[gc.heap.generation=loh],Metric,768
06/08/2026 11:49:26,System.Runtime,dotnet.gc.last_collection.heap.fragmentation.size (By)[gc.heap.generation=gen0],Metric,18450640
06/08/2026 11:49:26,System.Runtime,dotnet.gc.last_collection.heap.fragmentation.size (By)[gc.heap.generation=gen2],Metric,21298544
06/08/2026 11:49:26,System.Runtime,dotnet.gc.last_collection.heap.fragmentation.size (By)[gc.heap.generation=poh],Metric,0
06/08/2026 11:49:26,Microsoft.AspNetCore.Hosting,http.server.active_requests ({request})[http.request.method=POST;url.scheme=http],Metric,0
06/08/2026 11:49:26,Microsoft.AspNetCore.Hosting,http.server.active_requests ({request})[http.request.method=GET;url.scheme=http],Metric,4045
06/08/2026 11:49:26,System.Runtime,dotnet.process.memory.working_set (By),Metric,475054080
06/08/2026 11:49:26,System.Runtime,dotnet.thread_pool.queue.length ({work_item} / 1 sec),Rate,2
06/08/2026 11:49:26,Npgsql,db.client.operation.npgsql.bytes_written (By / 1 sec)[db.client.connection.pool.name=Host=127.0.0.1;Port=5432;Username=postgres;Database=myapp_load;Maximum Pool Size=500],Rate,71466
06/08/2026 11:49:26,System.Runtime,dotnet.assembly.count ({assembly}),Metric,156
06/08/2026 11:49:26,Npgsql,db.client.operation.npgsql.prepared_ratio[db.client.connection.pool.name=Host=127.0.0.1;Port=5432;Username=postgres;Database=myapp_load;Maximum Pool Size=500],Metric,0
06/08/2026 11:49:26,System.Runtime,dotnet.jit.compiled_methods ({method} / 1 sec),Rate,10
06/08/2026 11:49:27,System.Runtime,dotnet.gc.last_collection.memory.committed_size (By),Metric,349278208
06/08/2026 11:49:27,Npgsql,db.client.connection.npgsql.pending_requests ({request})[db.client.connection.pool.name=Host=127.0.0.1;Port=5432;Username=postgres;Database=myapp_load;Maximum Pool Size=500],Metric,3976
06/08/2026 11:49:27,Npgsql,db.client.connection.max ({connection})[db.client.connection.pool.name=Host=127.0.0.1;Port=5432;Username=postgres;Database=myapp_load;Maximum Pool Size=500],Metric,500
06/08/2026 11:49:27,Npgsql,db.client.connection.count ({connection})[db.client.connection.pool.name=Host=127.0.0.1;Port=5432;Username=postgres;Database=myapp_load;Maximum Pool Size=500;db.client.connection.state=used],Metric,500
06/08/2026 11:49:27,Npgsql,db.client.connection.count ({connection})[db.client.connection.pool.name=Host=127.0.0.1;Port=5432;Username=postgres;Database=myapp_load;Maximum Pool Size=500;db.client.connection.state=idle],Metric,0
06/08/2026 11:49:27,Npgsql,db.client.operation.npgsql.bytes_read (By / 1 sec)[db.client.connection.pool.name=Host=127.0.0.1;Port=5432;Username=postgres;Database=myapp_load;Maximum Pool Size=500],Rate,186720
06/08/2026 11:49:27,System.Runtime,dotnet.gc.collections ({collection} / 1 sec)[gc.heap.generation=gen1],Rate,0
06/08/2026 11:49:27,System.Runtime,dotnet.gc.collections ({collection} / 1 sec)[gc.heap.generation=gen0],Rate,0
06/08/2026 11:49:27,System.Runtime,dotnet.gc.collections ({collection} / 1 sec)[gc.heap.generation=gen2],Rate,0
06/08/2026 11:49:27,Npgsql,db.client.operation.npgsql.executing ({command})[db.client.connection.pool.name=Host=127.0.0.1;Port=5432;Username=postgres;Database=myapp_load;Maximum Pool Size=500],Metric,99
06/08/2026 11:49:27,System.Runtime,dotnet.thread_pool.work_item.count ({work_item} / 1 sec),Rate,4793
06/08/2026 11:49:27,System.Runtime,dotnet.gc.pause.time (s / 1 sec),Rate,0
06/08/2026 11:49:27,System.Runtime,dotnet.timer.count ({timer}),Metric,4481
06/08/2026 11:49:27,System.Runtime,dotnet.jit.compilation.time (s / 1 sec),Rate,0
06/08/2026 11:49:27,System.Runtime,dotnet.gc.last_collection.heap.size (By)[gc.heap.generation=gen1],Metric,32489704
06/08/2026 11:49:27,System.Runtime,dotnet.gc.last_collection.heap.size (By)[gc.heap.generation=loh],Metric,4626696
06/08/2026 11:49:27,System.Runtime,dotnet.gc.last_collection.heap.size (By)[gc.heap.generation=gen0],Metric,18578272
06/08/2026 11:49:27,System.Runtime,dotnet.gc.last_collection.heap.size (By)[gc.heap.generation=gen2],Metric,146917608
06/08/2026 11:49:27,System.Runtime,dotnet.gc.last_collection.heap.size (By)[gc.heap.generation=poh],Metric,3358360
06/08/2026 11:49:27,System.Runtime,dotnet.process.cpu.time (s / 1 sec)[cpu.mode=user],Rate,0.328125
06/08/2026 11:49:27,System.Runtime,dotnet.process.cpu.time (s / 1 sec)[cpu.mode=system],Rate,0.484375
06/08/2026 11:49:27,Microsoft.AspNetCore.Hosting,http.server.request.duration (s)[http.request.method=GET;http.response.status_code=200;http.route=/orders/{id:int};network.protocol.version=1.1;url.scheme=http;Percentile=50],Metric,6.09375
06/08/2026 11:49:27,Microsoft.AspNetCore.Hosting,http.server.request.duration (s)[http.request.method=GET;http.response.status_code=200;http.route=/orders/{id:int};network.protocol.version=1.1;url.scheme=http;Percentile=95],Metric,6.21875
06/08/2026 11:49:27,Microsoft.AspNetCore.Hosting,http.server.request.duration (s)[http.request.method=GET;http.response.status_code=200;http.route=/orders/{id:int};network.protocol.version=1.1;url.scheme=http;Percentile=99],Metric,6.2734375
06/08/2026 11:49:27,Npgsql,db.client.connection.npgsql.create_time (s)[db.client.connection.pool.name=Host=127.0.0.1;Port=5432;Username=postgres;Database=myapp_load;Maximum Pool Size=500;Percentile=50],Metric,4.1484375
06/08/2026 11:49:27,Npgsql,db.client.connection.npgsql.create_time (s)[db.client.connection.pool.name=Host=127.0.0.1;Port=5432;Username=postgres;Database=myapp_load;Maximum Pool Size=500;Percentile=95],Metric,4.5859375
06/08/2026 11:49:27,Npgsql,db.client.connection.npgsql.create_time (s)[db.client.connection.pool.name=Host=127.0.0.1;Port=5432;Username=postgres;Database=myapp_load;Maximum Pool Size=500;Percentile=99],Metric,4.609375
06/08/2026 11:49:27,System.Runtime,dotnet.jit.compiled_il.size (By / 1 sec),Rate,0
06/08/2026 11:49:27,System.Runtime,dotnet.gc.heap.total_allocated (By / 1 sec),Rate,19066240
06/08/2026 11:49:27,System.Runtime,dotnet.process.cpu.count ({cpu}),Metric,20
06/08/2026 11:49:27,System.Runtime,dotnet.monitor.lock_contentions ({contention} / 1 sec),Rate,5
06/08/2026 11:49:27,Npgsql,db.client.operation.duration (s)[db.client.connection.pool.name=Host=127.0.0.1;Port=5432;Username=postgres;Database=myapp_load;Maximum Pool Size=500;db.system.name=postgresql;server.address=127.0.0.1;server.port=5432;Percentile=50],Metric,0.0638427734375
06/08/2026 11:49:27,Npgsql,db.client.operation.duration (s)[db.client.connection.pool.name=Host=127.0.0.1;Port=5432;Username=postgres;Database=myapp_load;Maximum Pool Size=500;db.system.name=postgresql;server.address=127.0.0.1;server.port=5432;Percentile=95],Metric,0.1787109375
06/08/2026 11:49:27,Npgsql,db.client.operation.duration (s)[db.client.connection.pool.name=Host=127.0.0.1;Port=5432;Username=postgres;Database=myapp_load;Maximum Pool Size=500;db.system.name=postgresql;server.address=127.0.0.1;server.port=5432;Percentile=99],Metric,0.34423828125
06/08/2026 11:49:27,System.Runtime,dotnet.thread_pool.thread.count ({thread} / 1 sec),Rate,0
06/08/2026 11:49:27,System.Runtime,dotnet.exceptions ({exception} / 1 sec)[error.type=SocketException],Rate,0
06/08/2026 11:49:27,System.Runtime,dotnet.exceptions ({exception} / 1 sec)[error.type=HttpRequestException],Rate,0
06/08/2026 11:49:27,System.Runtime,dotnet.exceptions ({exception} / 1 sec)[error.type=NpgsqlException],Rate,0
06/08/2026 11:49:27,System.Runtime,dotnet.exceptions ({exception} / 1 sec)[error.type=OperationCanceledException],Rate,0
06/08/2026 11:49:27,System.Runtime,dotnet.gc.last_collection.heap.fragmentation.size (By)[gc.heap.generation=gen1],Metric,24929016
06/08/2026 11:49:27,System.Runtime,dotnet.gc.last_collection.heap.fragmentation.size (By)[gc.heap.generation=loh],Metric,768
06/08/2026 11:49:27,System.Runtime,dotnet.gc.last_collection.heap.fragmentation.size (By)[gc.heap.generation=gen0],Metric,18450640
06/08/2026 11:49:27,System.Runtime,dotnet.gc.last_collection.heap.fragmentation.size (By)[gc.heap.generation=gen2],Metric,21298544
06/08/2026 11:49:27,System.Runtime,dotnet.gc.last_collection.heap.fragmentation.size (By)[gc.heap.generation=poh],Metric,0
06/08/2026 11:49:27,Microsoft.AspNetCore.Hosting,http.server.active_requests ({request})[http.request.method=POST;url.scheme=http],Metric,0
06/08/2026 11:49:27,Microsoft.AspNetCore.Hosting,http.server.active_requests ({request})[http.request.method=GET;url.scheme=http],Metric,4096
06/08/2026 11:49:27,System.Runtime,dotnet.process.memory.working_set (By),Metric,475131904
06/08/2026 11:49:27,System.Runtime,dotnet.thread_pool.queue.length ({work_item} / 1 sec),Rate,-2
06/08/2026 11:49:27,Npgsql,db.client.operation.npgsql.bytes_written (By / 1 sec)[db.client.connection.pool.name=Host=127.0.0.1;Port=5432;Username=postgres;Database=myapp_load;Maximum Pool Size=500],Rate,150543
06/08/2026 11:49:27,System.Runtime,dotnet.assembly.count ({assembly}),Metric,156
06/08/2026 11:49:27,Npgsql,db.client.operation.npgsql.prepared_ratio[db.client.connection.pool.name=Host=127.0.0.1;Port=5432;Username=postgres;Database=myapp_load;Maximum Pool Size=500],Metric,0
06/08/2026 11:49:27,System.Runtime,dotnet.jit.compiled_methods ({method} / 1 sec),Rate,0
06/08/2026 11:49:28,System.Runtime,dotnet.gc.last_collection.memory.committed_size (By),Metric,351100928
06/08/2026 11:49:28,Npgsql,db.client.connection.npgsql.pending_requests ({request})[db.client.connection.pool.name=Host=127.0.0.1;Port=5432;Username=postgres;Database=myapp_load;Maximum Pool Size=500],Metric,3953
06/08/2026 11:49:28,Npgsql,db.client.connection.max ({connection})[db.client.connection.pool.name=Host=127.0.0.1;Port=5432;Username=postgres;Database=myapp_load;Maximum Pool Size=500],Metric,500
06/08/2026 11:49:28,Npgsql,db.client.connection.count ({connection})[db.client.connection.pool.name=Host=127.0.0.1;Port=5432;Username=postgres;Database=myapp_load;Maximum Pool Size=500;db.client.connection.state=used],Metric,496
06/08/2026 11:49:28,Npgsql,db.client.connection.count ({connection})[db.client.connection.pool.name=Host=127.0.0.1;Port=5432;Username=postgres;Database=myapp_load;Maximum Pool Size=500;db.client.connection.state=idle],Metric,4
06/08/2026 11:49:28,Npgsql,db.client.operation.npgsql.bytes_read (By / 1 sec)[db.client.connection.pool.name=Host=127.0.0.1;Port=5432;Username=postgres;Database=myapp_load;Maximum Pool Size=500],Rate,267923
06/08/2026 11:49:28,System.Runtime,dotnet.gc.collections ({collection} / 1 sec)[gc.heap.generation=gen1],Rate,0
06/08/2026 11:49:28,System.Runtime,dotnet.gc.collections ({collection} / 1 sec)[gc.heap.generation=gen0],Rate,1
06/08/2026 11:49:28,System.Runtime,dotnet.gc.collections ({collection} / 1 sec)[gc.heap.generation=gen2],Rate,0
06/08/2026 11:49:28,Npgsql,db.client.operation.npgsql.executing ({command})[db.client.connection.pool.name=Host=127.0.0.1;Port=5432;Username=postgres;Database=myapp_load;Maximum Pool Size=500],Metric,130
06/08/2026 11:49:28,System.Runtime,dotnet.thread_pool.work_item.count ({work_item} / 1 sec),Rate,7006
06/08/2026 11:49:28,System.Runtime,dotnet.gc.pause.time (s / 1 sec),Rate,0.06360900000000003
06/08/2026 11:49:28,System.Runtime,dotnet.timer.count ({timer}),Metric,4454
06/08/2026 11:49:28,System.Runtime,dotnet.jit.compilation.time (s / 1 sec),Rate,0
06/08/2026 11:49:28,System.Runtime,dotnet.gc.last_collection.heap.size (By)[gc.heap.generation=gen1],Metric,91178840
06/08/2026 11:49:28,System.Runtime,dotnet.gc.last_collection.heap.size (By)[gc.heap.generation=loh],Metric,4626696
06/08/2026 11:49:28,System.Runtime,dotnet.gc.last_collection.heap.size (By)[gc.heap.generation=gen0],Metric,24220608
06/08/2026 11:49:28,System.Runtime,dotnet.gc.last_collection.heap.size (By)[gc.heap.generation=gen2],Metric,146917608
06/08/2026 11:49:28,System.Runtime,dotnet.gc.last_collection.heap.size (By)[gc.heap.generation=poh],Metric,3370720
06/08/2026 11:49:28,System.Runtime,dotnet.process.cpu.time (s / 1 sec)[cpu.mode=user],Rate,0.8125
06/08/2026 11:49:28,System.Runtime,dotnet.process.cpu.time (s / 1 sec)[cpu.mode=system],Rate,0.4375
06/08/2026 11:49:28,Microsoft.AspNetCore.Hosting,http.server.request.duration (s)[http.request.method=GET;http.response.status_code=200;http.route=/orders/{id:int};network.protocol.version=1.1;url.scheme=http;Percentile=50],Metric,6.25
06/08/2026 11:49:28,Microsoft.AspNetCore.Hosting,http.server.request.duration (s)[http.request.method=GET;http.response.status_code=200;http.route=/orders/{id:int};network.protocol.version=1.1;url.scheme=http;Percentile=95],Metric,6.328125
06/08/2026 11:49:28,Microsoft.AspNetCore.Hosting,http.server.request.duration (s)[http.request.method=GET;http.response.status_code=200;http.route=/orders/{id:int};network.protocol.version=1.1;url.scheme=http;Percentile=99],Metric,7.3515625
06/08/2026 11:49:28,Npgsql,db.client.connection.npgsql.create_time (s)[db.client.connection.pool.name=Host=127.0.0.1;Port=5432;Username=postgres;Database=myapp_load;Maximum Pool Size=500;Percentile=50],Metric,4.6796875
06/08/2026 11:49:28,Npgsql,db.client.connection.npgsql.create_time (s)[db.client.connection.pool.name=Host=127.0.0.1;Port=5432;Username=postgres;Database=myapp_load;Maximum Pool Size=500;Percentile=95],Metric,4.9921875
06/08/2026 11:49:28,Npgsql,db.client.connection.npgsql.create_time (s)[db.client.connection.pool.name=Host=127.0.0.1;Port=5432;Username=postgres;Database=myapp_load;Maximum Pool Size=500;Percentile=99],Metric,5.0703125
06/08/2026 11:49:28,System.Runtime,dotnet.jit.compiled_il.size (By / 1 sec),Rate,0
06/08/2026 11:49:28,System.Runtime,dotnet.gc.heap.total_allocated (By / 1 sec),Rate,27736328
06/08/2026 11:49:28,System.Runtime,dotnet.process.cpu.count ({cpu}),Metric,20
06/08/2026 11:49:28,System.Runtime,dotnet.monitor.lock_contentions ({contention} / 1 sec),Rate,5
06/08/2026 11:49:28,Npgsql,db.client.operation.duration (s)[db.client.connection.pool.name=Host=127.0.0.1;Port=5432;Username=postgres;Database=myapp_load;Maximum Pool Size=500;db.system.name=postgresql;server.address=127.0.0.1;server.port=5432;Percentile=50],Metric,0.06182861328125
06/08/2026 11:49:28,Npgsql,db.client.operation.duration (s)[db.client.connection.pool.name=Host=127.0.0.1;Port=5432;Username=postgres;Database=myapp_load;Maximum Pool Size=500;db.system.name=postgresql;server.address=127.0.0.1;server.port=5432;Percentile=95],Metric,0.12451171875
06/08/2026 11:49:28,Npgsql,db.client.operation.duration (s)[db.client.connection.pool.name=Host=127.0.0.1;Port=5432;Username=postgres;Database=myapp_load;Maximum Pool Size=500;db.system.name=postgresql;server.address=127.0.0.1;server.port=5432;Percentile=99],Metric,0.209716796875
06/08/2026 11:49:28,System.Runtime,dotnet.thread_pool.thread.count ({thread} / 1 sec),Rate,0
06/08/2026 11:49:28,System.Runtime,dotnet.exceptions ({exception} / 1 sec)[error.type=SocketException],Rate,0
06/08/2026 11:49:28,System.Runtime,dotnet.exceptions ({exception} / 1 sec)[error.type=HttpRequestException],Rate,0
06/08/2026 11:49:28,System.Runtime,dotnet.exceptions ({exception} / 1 sec)[error.type=NpgsqlException],Rate,0
06/08/2026 11:49:28,System.Runtime,dotnet.exceptions ({exception} / 1 sec)[error.type=OperationCanceledException],Rate,0
06/08/2026 11:49:28,System.Runtime,dotnet.gc.last_collection.heap.fragmentation.size (By)[gc.heap.generation=gen1],Metric,42889936
06/08/2026 11:49:28,System.Runtime,dotnet.gc.last_collection.heap.fragmentation.size (By)[gc.heap.generation=loh],Metric,768
06/08/2026 11:49:28,System.Runtime,dotnet.gc.last_collection.heap.fragmentation.size (By)[gc.heap.generation=gen0],Metric,24047344
06/08/2026 11:49:28,System.Runtime,dotnet.gc.last_collection.heap.fragmentation.size (By)[gc.heap.generation=gen2],Metric,21298544
06/08/2026 11:49:28,System.Runtime,dotnet.gc.last_collection.heap.fragmentation.size (By)[gc.heap.generation=poh],Metric,0
06/08/2026 11:49:28,Microsoft.AspNetCore.Hosting,http.server.active_requests ({request})[http.request.method=POST;url.scheme=http],Metric,0
06/08/2026 11:49:28,Microsoft.AspNetCore.Hosting,http.server.active_requests ({request})[http.request.method=GET;url.scheme=http],Metric,4091
06/08/2026 11:49:28,System.Runtime,dotnet.process.memory.working_set (By),Metric,472170496
06/08/2026 11:49:28,System.Runtime,dotnet.thread_pool.queue.length ({work_item} / 1 sec),Rate,7
06/08/2026 11:49:28,Npgsql,db.client.operation.npgsql.bytes_written (By / 1 sec)[db.client.connection.pool.name=Host=127.0.0.1;Port=5432;Username=postgres;Database=myapp_load;Maximum Pool Size=500],Rate,221606
06/08/2026 11:49:28,System.Runtime,dotnet.assembly.count ({assembly}),Metric,156
06/08/2026 11:49:28,Npgsql,db.client.operation.npgsql.prepared_ratio[db.client.connection.pool.name=Host=127.0.0.1;Port=5432;Username=postgres;Database=myapp_load;Maximum Pool Size=500],Metric,0
06/08/2026 11:49:28,System.Runtime,dotnet.jit.compiled_methods ({method} / 1 sec),Rate,0
06/08/2026 11:49:29,System.Runtime,dotnet.gc.last_collection.memory.committed_size (By),Metric,351100928
06/08/2026 11:49:29,Npgsql,db.client.connection.npgsql.pending_requests ({request})[db.client.connection.pool.name=Host=127.0.0.1;Port=5432;Username=postgres;Database=myapp_load;Maximum Pool Size=500],Metric,3784
06/08/2026 11:49:29,Npgsql,db.client.connection.max ({connection})[db.client.connection.pool.name=Host=127.0.0.1;Port=5432;Username=postgres;Database=myapp_load;Maximum Pool Size=500],Metric,500
06/08/2026 11:49:29,Npgsql,db.client.connection.count ({connection})[db.client.connection.pool.name=Host=127.0.0.1;Port=5432;Username=postgres;Database=myapp_load;Maximum Pool Size=500;db.client.connection.state=used],Metric,500
06/08/2026 11:49:29,Npgsql,db.client.connection.count ({connection})[db.client.connection.pool.name=Host=127.0.0.1;Port=5432;Username=postgres;Database=myapp_load;Maximum Pool Size=500;db.client.connection.state=idle],Metric,0
06/08/2026 11:49:29,Npgsql,db.client.operation.npgsql.bytes_read (By / 1 sec)[db.client.connection.pool.name=Host=127.0.0.1;Port=5432;Username=postgres;Database=myapp_load;Maximum Pool Size=500],Rate,340332
06/08/2026 11:49:29,System.Runtime,dotnet.gc.collections ({collection} / 1 sec)[gc.heap.generation=gen1],Rate,0
06/08/2026 11:49:29,System.Runtime,dotnet.gc.collections ({collection} / 1 sec)[gc.heap.generation=gen0],Rate,0
06/08/2026 11:49:29,System.Runtime,dotnet.gc.collections ({collection} / 1 sec)[gc.heap.generation=gen2],Rate,0
06/08/2026 11:49:29,Npgsql,db.client.operation.npgsql.executing ({command})[db.client.connection.pool.name=Host=127.0.0.1;Port=5432;Username=postgres;Database=myapp_load;Maximum Pool Size=500],Metric,159
06/08/2026 11:49:29,System.Runtime,dotnet.thread_pool.work_item.count ({work_item} / 1 sec),Rate,8689
06/08/2026 11:49:29,System.Runtime,dotnet.gc.pause.time (s / 1 sec),Rate,0
06/08/2026 11:49:29,System.Runtime,dotnet.timer.count ({timer}),Metric,4289
06/08/2026 11:49:29,System.Runtime,dotnet.jit.compilation.time (s / 1 sec),Rate,0.00311100000000053
06/08/2026 11:49:29,System.Runtime,dotnet.gc.last_collection.heap.size (By)[gc.heap.generation=gen1],Metric,91178840
06/08/2026 11:49:29,System.Runtime,dotnet.gc.last_collection.heap.size (By)[gc.heap.generation=loh],Metric,4626696
06/08/2026 11:49:29,System.Runtime,dotnet.gc.last_collection.heap.size (By)[gc.heap.generation=gen0],Metric,24220608
06/08/2026 11:49:29,System.Runtime,dotnet.gc.last_collection.heap.size (By)[gc.heap.generation=gen2],Metric,146917608
06/08/2026 11:49:29,System.Runtime,dotnet.gc.last_collection.heap.size (By)[gc.heap.generation=poh],Metric,3370720
06/08/2026 11:49:29,System.Runtime,dotnet.process.cpu.time (s / 1 sec)[cpu.mode=user],Rate,0.796875
06/08/2026 11:49:29,System.Runtime,dotnet.process.cpu.time (s / 1 sec)[cpu.mode=system],Rate,0.609375
06/08/2026 11:49:29,Microsoft.AspNetCore.Hosting,http.server.request.duration (s)[http.request.method=GET;http.response.status_code=200;http.route=/orders/{id:int};network.protocol.version=1.1;url.scheme=http;Percentile=50],Metric,3.45703125
06/08/2026 11:49:29,Microsoft.AspNetCore.Hosting,http.server.request.duration (s)[http.request.method=GET;http.response.status_code=200;http.route=/orders/{id:int};network.protocol.version=1.1;url.scheme=http;Percentile=95],Metric,8.28125
06/08/2026 11:49:29,Microsoft.AspNetCore.Hosting,http.server.request.duration (s)[http.request.method=GET;http.response.status_code=200;http.route=/orders/{id:int};network.protocol.version=1.1;url.scheme=http;Percentile=99],Metric,8.390625
06/08/2026 11:49:29,Npgsql,db.client.connection.npgsql.create_time (s)[db.client.connection.pool.name=Host=127.0.0.1;Port=5432;Username=postgres;Database=myapp_load;Maximum Pool Size=500;Percentile=50],Metric,5.1171875
06/08/2026 11:49:29,Npgsql,db.client.connection.npgsql.create_time (s)[db.client.connection.pool.name=Host=127.0.0.1;Port=5432;Username=postgres;Database=myapp_load;Maximum Pool Size=500;Percentile=95],Metric,5.8203125
06/08/2026 11:49:29,Npgsql,db.client.connection.npgsql.create_time (s)[db.client.connection.pool.name=Host=127.0.0.1;Port=5432;Username=postgres;Database=myapp_load;Maximum Pool Size=500;Percentile=99],Metric,5.8671875
06/08/2026 11:49:29,System.Runtime,dotnet.jit.compiled_il.size (By / 1 sec),Rate,250
06/08/2026 11:49:29,System.Runtime,dotnet.gc.heap.total_allocated (By / 1 sec),Rate,34346272
06/08/2026 11:49:29,System.Runtime,dotnet.process.cpu.count ({cpu}),Metric,20
06/08/2026 11:49:29,System.Runtime,dotnet.monitor.lock_contentions ({contention} / 1 sec),Rate,9
06/08/2026 11:49:29,Npgsql,db.client.operation.duration (s)[db.client.connection.pool.name=Host=127.0.0.1;Port=5432;Username=postgres;Database=myapp_load;Maximum Pool Size=500;db.system.name=postgresql;server.address=127.0.0.1;server.port=5432;Percentile=50],Metric,0.0596923828125
06/08/2026 11:49:29,Npgsql,db.client.operation.duration (s)[db.client.connection.pool.name=Host=127.0.0.1;Port=5432;Username=postgres;Database=myapp_load;Maximum Pool Size=500;db.system.name=postgresql;server.address=127.0.0.1;server.port=5432;Percentile=95],Metric,0.187744140625
06/08/2026 11:49:29,Npgsql,db.client.operation.duration (s)[db.client.connection.pool.name=Host=127.0.0.1;Port=5432;Username=postgres;Database=myapp_load;Maximum Pool Size=500;db.system.name=postgresql;server.address=127.0.0.1;server.port=5432;Percentile=99],Metric,0.384765625
06/08/2026 11:49:29,System.Runtime,dotnet.thread_pool.thread.count ({thread} / 1 sec),Rate,-1
06/08/2026 11:49:29,System.Runtime,dotnet.exceptions ({exception} / 1 sec)[error.type=SocketException],Rate,0
06/08/2026 11:49:29,System.Runtime,dotnet.exceptions ({exception} / 1 sec)[error.type=HttpRequestException],Rate,0
06/08/2026 11:49:29,System.Runtime,dotnet.exceptions ({exception} / 1 sec)[error.type=NpgsqlException],Rate,0
06/08/2026 11:49:29,System.Runtime,dotnet.exceptions ({exception} / 1 sec)[error.type=OperationCanceledException],Rate,0
06/08/2026 11:49:29,System.Runtime,dotnet.gc.last_collection.heap.fragmentation.size (By)[gc.heap.generation=gen1],Metric,42889936
06/08/2026 11:49:29,System.Runtime,dotnet.gc.last_collection.heap.fragmentation.size (By)[gc.heap.generation=loh],Metric,768
06/08/2026 11:49:29,System.Runtime,dotnet.gc.last_collection.heap.fragmentation.size (By)[gc.heap.generation=gen0],Metric,24047344
06/08/2026 11:49:29,System.Runtime,dotnet.gc.last_collection.heap.fragmentation.size (By)[gc.heap.generation=gen2],Metric,21298544
06/08/2026 11:49:29,System.Runtime,dotnet.gc.last_collection.heap.fragmentation.size (By)[gc.heap.generation=poh],Metric,0
06/08/2026 11:49:29,Microsoft.AspNetCore.Hosting,http.server.active_requests ({request})[http.request.method=POST;url.scheme=http],Metric,0
06/08/2026 11:49:29,Microsoft.AspNetCore.Hosting,http.server.active_requests ({request})[http.request.method=GET;url.scheme=http],Metric,3952
06/08/2026 11:49:29,System.Runtime,dotnet.process.memory.working_set (By),Metric,471986176
06/08/2026 11:49:29,System.Runtime,dotnet.thread_pool.queue.length ({work_item} / 1 sec),Rate,-7
06/08/2026 11:49:29,Npgsql,db.client.operation.npgsql.bytes_written (By / 1 sec)[db.client.connection.pool.name=Host=127.0.0.1;Port=5432;Username=postgres;Database=myapp_load;Maximum Pool Size=500],Rate,283043
06/08/2026 11:49:29,System.Runtime,dotnet.assembly.count ({assembly}),Metric,156
06/08/2026 11:49:29,Npgsql,db.client.operation.npgsql.prepared_ratio[db.client.connection.pool.name=Host=127.0.0.1;Port=5432;Username=postgres;Database=myapp_load;Maximum Pool Size=500],Metric,0
06/08/2026 11:49:29,System.Runtime,dotnet.jit.compiled_methods ({method} / 1 sec),Rate,4
06/08/2026 11:49:30,System.Runtime,dotnet.gc.last_collection.memory.committed_size (By),Metric,351100928
06/08/2026 11:49:30,Npgsql,db.client.connection.npgsql.pending_requests ({request})[db.client.connection.pool.name=Host=127.0.0.1;Port=5432;Username=postgres;Database=myapp_load;Maximum Pool Size=500],Metric,3886
06/08/2026 11:49:30,Npgsql,db.client.connection.max ({connection})[db.client.connection.pool.name=Host=127.0.0.1;Port=5432;Username=postgres;Database=myapp_load;Maximum Pool Size=500],Metric,500
06/08/2026 11:49:30,Npgsql,db.client.connection.count ({connection})[db.client.connection.pool.name=Host=127.0.0.1;Port=5432;Username=postgres;Database=myapp_load;Maximum Pool Size=500;db.client.connection.state=used],Metric,466
06/08/2026 11:49:30,Npgsql,db.client.connection.count ({connection})[db.client.connection.pool.name=Host=127.0.0.1;Port=5432;Username=postgres;Database=myapp_load;Maximum Pool Size=500;db.client.connection.state=idle],Metric,34
06/08/2026 11:49:30,Npgsql,db.client.operation.npgsql.bytes_read (By / 1 sec)[db.client.connection.pool.name=Host=127.0.0.1;Port=5432;Username=postgres;Database=myapp_load;Maximum Pool Size=500],Rate,367321
06/08/2026 11:49:30,System.Runtime,dotnet.gc.collections ({collection} / 1 sec)[gc.heap.generation=gen1],Rate,0
06/08/2026 11:49:30,System.Runtime,dotnet.gc.collections ({collection} / 1 sec)[gc.heap.generation=gen0],Rate,0
06/08/2026 11:49:30,System.Runtime,dotnet.gc.collections ({collection} / 1 sec)[gc.heap.generation=gen2],Rate,0
06/08/2026 11:49:30,Npgsql,db.client.operation.npgsql.executing ({command})[db.client.connection.pool.name=Host=127.0.0.1;Port=5432;Username=postgres;Database=myapp_load;Maximum Pool Size=500],Metric,144
06/08/2026 11:49:30,System.Runtime,dotnet.thread_pool.work_item.count ({work_item} / 1 sec),Rate,9957
06/08/2026 11:49:30,System.Runtime,dotnet.gc.pause.time (s / 1 sec),Rate,0
06/08/2026 11:49:30,System.Runtime,dotnet.timer.count ({timer}),Metric,4360
06/08/2026 11:49:30,System.Runtime,dotnet.jit.compilation.time (s / 1 sec),Rate,0.0016155999999973858
06/08/2026 11:49:30,System.Runtime,dotnet.gc.last_collection.heap.size (By)[gc.heap.generation=gen1],Metric,91178840
06/08/2026 11:49:30,System.Runtime,dotnet.gc.last_collection.heap.size (By)[gc.heap.generation=loh],Metric,4626696
06/08/2026 11:49:30,System.Runtime,dotnet.gc.last_collection.heap.size (By)[gc.heap.generation=gen0],Metric,24220608
06/08/2026 11:49:30,System.Runtime,dotnet.gc.last_collection.heap.size (By)[gc.heap.generation=gen2],Metric,146917608
06/08/2026 11:49:30,System.Runtime,dotnet.gc.last_collection.heap.size (By)[gc.heap.generation=poh],Metric,3370720
06/08/2026 11:49:30,System.Runtime,dotnet.process.cpu.time (s / 1 sec)[cpu.mode=user],Rate,0.84375
06/08/2026 11:49:30,System.Runtime,dotnet.process.cpu.time (s / 1 sec)[cpu.mode=system],Rate,0.59375
06/08/2026 11:49:30,Microsoft.AspNetCore.Hosting,http.server.request.duration (s)[http.request.method=GET;http.response.status_code=200;http.route=/orders/{id:int};network.protocol.version=1.1;url.scheme=http;Percentile=50],Metric,1.9609375
06/08/2026 11:49:30,Microsoft.AspNetCore.Hosting,http.server.request.duration (s)[http.request.method=GET;http.response.status_code=200;http.route=/orders/{id:int};network.protocol.version=1.1;url.scheme=http;Percentile=95],Metric,2.24609375
06/08/2026 11:49:30,Microsoft.AspNetCore.Hosting,http.server.request.duration (s)[http.request.method=GET;http.response.status_code=200;http.route=/orders/{id:int};network.protocol.version=1.1;url.scheme=http;Percentile=99],Metric,2.484375
06/08/2026 11:49:30,Npgsql,db.client.connection.npgsql.create_time (s)[db.client.connection.pool.name=Host=127.0.0.1;Port=5432;Username=postgres;Database=myapp_load;Maximum Pool Size=500;Percentile=50],Metric,6.0625
06/08/2026 11:49:30,Npgsql,db.client.connection.npgsql.create_time (s)[db.client.connection.pool.name=Host=127.0.0.1;Port=5432;Username=postgres;Database=myapp_load;Maximum Pool Size=500;Percentile=95],Metric,6.7734375
06/08/2026 11:49:30,Npgsql,db.client.connection.npgsql.create_time (s)[db.client.connection.pool.name=Host=127.0.0.1;Port=5432;Username=postgres;Database=myapp_load;Maximum Pool Size=500;Percentile=99],Metric,6.7734375
06/08/2026 11:49:30,System.Runtime,dotnet.jit.compiled_il.size (By / 1 sec),Rate,40
06/08/2026 11:49:30,System.Runtime,dotnet.gc.heap.total_allocated (By / 1 sec),Rate,41343288
06/08/2026 11:49:30,System.Runtime,dotnet.process.cpu.count ({cpu}),Metric,20
06/08/2026 11:49:30,System.Runtime,dotnet.monitor.lock_contentions ({contention} / 1 sec),Rate,14
06/08/2026 11:49:30,Npgsql,db.client.operation.duration (s)[db.client.connection.pool.name=Host=127.0.0.1;Port=5432;Username=postgres;Database=myapp_load;Maximum Pool Size=500;db.system.name=postgresql;server.address=127.0.0.1;server.port=5432;Percentile=50],Metric,0.05279541015625
06/08/2026 11:49:30,Npgsql,db.client.operation.duration (s)[db.client.connection.pool.name=Host=127.0.0.1;Port=5432;Username=postgres;Database=myapp_load;Maximum Pool Size=500;db.system.name=postgresql;server.address=127.0.0.1;server.port=5432;Percentile=95],Metric,0.165283203125
06/08/2026 11:49:30,Npgsql,db.client.operation.duration (s)[db.client.connection.pool.name=Host=127.0.0.1;Port=5432;Username=postgres;Database=myapp_load;Maximum Pool Size=500;db.system.name=postgresql;server.address=127.0.0.1;server.port=5432;Percentile=99],Metric,0.41455078125
06/08/2026 11:49:30,System.Runtime,dotnet.thread_pool.thread.count ({thread} / 1 sec),Rate,0
06/08/2026 11:49:30,System.Runtime,dotnet.exceptions ({exception} / 1 sec)[error.type=SocketException],Rate,2
06/08/2026 11:49:30,System.Runtime,dotnet.exceptions ({exception} / 1 sec)[error.type=HttpRequestException],Rate,11
06/08/2026 11:49:30,System.Runtime,dotnet.exceptions ({exception} / 1 sec)[error.type=NpgsqlException],Rate,0
06/08/2026 11:49:30,System.Runtime,dotnet.exceptions ({exception} / 1 sec)[error.type=OperationCanceledException],Rate,0
06/08/2026 11:49:30,System.Runtime,dotnet.gc.last_collection.heap.fragmentation.size (By)[gc.heap.generation=gen1],Metric,42889936
06/08/2026 11:49:30,System.Runtime,dotnet.gc.last_collection.heap.fragmentation.size (By)[gc.heap.generation=loh],Metric,768
06/08/2026 11:49:30,System.Runtime,dotnet.gc.last_collection.heap.fragmentation.size (By)[gc.heap.generation=gen0],Metric,24047344
06/08/2026 11:49:30,System.Runtime,dotnet.gc.last_collection.heap.fragmentation.size (By)[gc.heap.generation=gen2],Metric,21298544
06/08/2026 11:49:30,System.Runtime,dotnet.gc.last_collection.heap.fragmentation.size (By)[gc.heap.generation=poh],Metric,0
06/08/2026 11:49:30,Microsoft.AspNetCore.Hosting,http.server.active_requests ({request})[http.request.method=POST;url.scheme=http],Metric,0
06/08/2026 11:49:30,Microsoft.AspNetCore.Hosting,http.server.active_requests ({request})[http.request.method=GET;url.scheme=http],Metric,4040
06/08/2026 11:49:30,System.Runtime,dotnet.process.memory.working_set (By),Metric,484233216
06/08/2026 11:49:30,System.Runtime,dotnet.thread_pool.queue.length ({work_item} / 1 sec),Rate,38
06/08/2026 11:49:30,Npgsql,db.client.operation.npgsql.bytes_written (By / 1 sec)[db.client.connection.pool.name=Host=127.0.0.1;Port=5432;Username=postgres;Database=myapp_load;Maximum Pool Size=500],Rate,305783
06/08/2026 11:49:30,System.Runtime,dotnet.assembly.count ({assembly}),Metric,156
06/08/2026 11:49:30,Npgsql,db.client.operation.npgsql.prepared_ratio[db.client.connection.pool.name=Host=127.0.0.1;Port=5432;Username=postgres;Database=myapp_load;Maximum Pool Size=500],Metric,0
06/08/2026 11:49:30,System.Runtime,dotnet.jit.compiled_methods ({method} / 1 sec),Rate,2
06/08/2026 11:49:31,System.Runtime,dotnet.gc.last_collection.memory.committed_size (By),Metric,351100928
06/08/2026 11:49:31,Npgsql,db.client.connection.npgsql.pending_requests ({request})[db.client.connection.pool.name=Host=127.0.0.1;Port=5432;Username=postgres;Database=myapp_load;Maximum Pool Size=500],Metric,2192
06/08/2026 11:49:31,Npgsql,db.client.connection.max ({connection})[db.client.connection.pool.name=Host=127.0.0.1;Port=5432;Username=postgres;Database=myapp_load;Maximum Pool Size=500],Metric,500
06/08/2026 11:49:31,Npgsql,db.client.connection.count ({connection})[db.client.connection.pool.name=Host=127.0.0.1;Port=5432;Username=postgres;Database=myapp_load;Maximum Pool Size=500;db.client.connection.state=used],Metric,500
06/08/2026 11:49:31,Npgsql,db.client.connection.count ({connection})[db.client.connection.pool.name=Host=127.0.0.1;Port=5432;Username=postgres;Database=myapp_load;Maximum Pool Size=500;db.client.connection.state=idle],Metric,0
06/08/2026 11:49:31,Npgsql,db.client.operation.npgsql.bytes_read (By / 1 sec)[db.client.connection.pool.name=Host=127.0.0.1;Port=5432;Username=postgres;Database=myapp_load;Maximum Pool Size=500],Rate,363287
06/08/2026 11:49:31,System.Runtime,dotnet.gc.collections ({collection} / 1 sec)[gc.heap.generation=gen1],Rate,0
06/08/2026 11:49:31,System.Runtime,dotnet.gc.collections ({collection} / 1 sec)[gc.heap.generation=gen0],Rate,0
06/08/2026 11:49:31,System.Runtime,dotnet.gc.collections ({collection} / 1 sec)[gc.heap.generation=gen2],Rate,0
06/08/2026 11:49:31,Npgsql,db.client.operation.npgsql.executing ({command})[db.client.connection.pool.name=Host=127.0.0.1;Port=5432;Username=postgres;Database=myapp_load;Maximum Pool Size=500],Metric,189
06/08/2026 11:49:31,System.Runtime,dotnet.thread_pool.work_item.count ({work_item} / 1 sec),Rate,8096
06/08/2026 11:49:31,System.Runtime,dotnet.gc.pause.time (s / 1 sec),Rate,0
06/08/2026 11:49:31,System.Runtime,dotnet.timer.count ({timer}),Metric,2688
06/08/2026 11:49:31,System.Runtime,dotnet.jit.compilation.time (s / 1 sec),Rate,0.11915090000000106
06/08/2026 11:49:31,System.Runtime,dotnet.gc.last_collection.heap.size (By)[gc.heap.generation=gen1],Metric,91178840
06/08/2026 11:49:31,System.Runtime,dotnet.gc.last_collection.heap.size (By)[gc.heap.generation=loh],Metric,4626696
06/08/2026 11:49:31,System.Runtime,dotnet.gc.last_collection.heap.size (By)[gc.heap.generation=gen0],Metric,24220608
06/08/2026 11:49:31,System.Runtime,dotnet.gc.last_collection.heap.size (By)[gc.heap.generation=gen2],Metric,146917608
06/08/2026 11:49:31,System.Runtime,dotnet.gc.last_collection.heap.size (By)[gc.heap.generation=poh],Metric,3370720
06/08/2026 11:49:31,System.Runtime,dotnet.process.cpu.time (s / 1 sec)[cpu.mode=user],Rate,0.90625
06/08/2026 11:49:31,System.Runtime,dotnet.process.cpu.time (s / 1 sec)[cpu.mode=system],Rate,0.640625
06/08/2026 11:49:31,Microsoft.AspNetCore.Hosting,http.server.request.duration (s)[http.request.method=GET;http.response.status_code=499;http.route=/orders/{id:int};network.protocol.version=1.1;url.scheme=http;Percentile=50],Metric,0.42822265625
06/08/2026 11:49:31,Microsoft.AspNetCore.Hosting,http.server.request.duration (s)[http.request.method=GET;http.response.status_code=499;http.route=/orders/{id:int};network.protocol.version=1.1;url.scheme=http;Percentile=95],Metric,0.66796875
06/08/2026 11:49:31,Microsoft.AspNetCore.Hosting,http.server.request.duration (s)[http.request.method=GET;http.response.status_code=499;http.route=/orders/{id:int};network.protocol.version=1.1;url.scheme=http;Percentile=99],Metric,0.6708984375
06/08/2026 11:49:31,Microsoft.AspNetCore.Hosting,http.server.request.duration (s)[http.request.method=GET;http.response.status_code=200;http.route=/orders/{id:int};network.protocol.version=1.1;url.scheme=http;Percentile=50],Metric,1.763671875
06/08/2026 11:49:31,Microsoft.AspNetCore.Hosting,http.server.request.duration (s)[http.request.method=GET;http.response.status_code=200;http.route=/orders/{id:int};network.protocol.version=1.1;url.scheme=http;Percentile=95],Metric,1.916015625
06/08/2026 11:49:31,Microsoft.AspNetCore.Hosting,http.server.request.duration (s)[http.request.method=GET;http.response.status_code=200;http.route=/orders/{id:int};network.protocol.version=1.1;url.scheme=http;Percentile=99],Metric,2.3203125
06/08/2026 11:49:31,Npgsql,db.client.connection.npgsql.create_time (s)[db.client.connection.pool.name=Host=127.0.0.1;Port=5432;Username=postgres;Database=myapp_load;Maximum Pool Size=500;Percentile=50],Metric,7.703125
06/08/2026 11:49:31,Npgsql,db.client.connection.npgsql.create_time (s)[db.client.connection.pool.name=Host=127.0.0.1;Port=5432;Username=postgres;Database=myapp_load;Maximum Pool Size=500;Percentile=95],Metric,7.8828125
06/08/2026 11:49:31,Npgsql,db.client.connection.npgsql.create_time (s)[db.client.connection.pool.name=Host=127.0.0.1;Port=5432;Username=postgres;Database=myapp_load;Maximum Pool Size=500;Percentile=99],Metric,7.8828125
06/08/2026 11:49:31,System.Runtime,dotnet.jit.compiled_il.size (By / 1 sec),Rate,3486
06/08/2026 11:49:31,System.Runtime,dotnet.gc.heap.total_allocated (By / 1 sec),Rate,20655224
06/08/2026 11:49:31,System.Runtime,dotnet.process.cpu.count ({cpu}),Metric,20
06/08/2026 11:49:31,System.Runtime,dotnet.monitor.lock_contentions ({contention} / 1 sec),Rate,18
06/08/2026 11:49:31,Npgsql,db.client.operation.duration (s)[db.client.connection.pool.name=Host=127.0.0.1;Port=5432;Username=postgres;Database=myapp_load;Maximum Pool Size=500;db.system.name=postgresql;server.address=127.0.0.1;server.port=5432;Percentile=50],Metric,0.0625
06/08/2026 11:49:31,Npgsql,db.client.operation.duration (s)[db.client.connection.pool.name=Host=127.0.0.1;Port=5432;Username=postgres;Database=myapp_load;Maximum Pool Size=500;db.system.name=postgresql;server.address=127.0.0.1;server.port=5432;Percentile=95],Metric,0.176513671875
06/08/2026 11:49:31,Npgsql,db.client.operation.duration (s)[db.client.connection.pool.name=Host=127.0.0.1;Port=5432;Username=postgres;Database=myapp_load;Maximum Pool Size=500;db.system.name=postgresql;server.address=127.0.0.1;server.port=5432;Percentile=99],Metric,0.37841796875
06/08/2026 11:49:31,System.Runtime,dotnet.thread_pool.thread.count ({thread} / 1 sec),Rate,0
06/08/2026 11:49:31,System.Runtime,dotnet.exceptions ({exception} / 1 sec)[error.type=SocketException],Rate,0
06/08/2026 11:49:31,System.Runtime,dotnet.exceptions ({exception} / 1 sec)[error.type=HttpRequestException],Rate,0
06/08/2026 11:49:31,System.Runtime,dotnet.exceptions ({exception} / 1 sec)[error.type=NpgsqlException],Rate,0
06/08/2026 11:49:31,System.Runtime,dotnet.exceptions ({exception} / 1 sec)[error.type=OperationCanceledException],Rate,2688
06/08/2026 11:49:31,System.Runtime,dotnet.gc.last_collection.heap.fragmentation.size (By)[gc.heap.generation=gen1],Metric,42889936
06/08/2026 11:49:31,System.Runtime,dotnet.gc.last_collection.heap.fragmentation.size (By)[gc.heap.generation=loh],Metric,768
06/08/2026 11:49:31,System.Runtime,dotnet.gc.last_collection.heap.fragmentation.size (By)[gc.heap.generation=gen0],Metric,24047344
06/08/2026 11:49:31,System.Runtime,dotnet.gc.last_collection.heap.fragmentation.size (By)[gc.heap.generation=gen2],Metric,21298544
06/08/2026 11:49:31,System.Runtime,dotnet.gc.last_collection.heap.fragmentation.size (By)[gc.heap.generation=poh],Metric,0
06/08/2026 11:49:31,Microsoft.AspNetCore.Hosting,http.server.active_requests ({request})[http.request.method=POST;url.scheme=http],Metric,0
06/08/2026 11:49:31,Microsoft.AspNetCore.Hosting,http.server.active_requests ({request})[http.request.method=GET;url.scheme=http],Metric,2389
06/08/2026 11:49:31,System.Runtime,dotnet.process.memory.working_set (By),Metric,505118720
06/08/2026 11:49:31,System.Runtime,dotnet.thread_pool.queue.length ({work_item} / 1 sec),Rate,-15
06/08/2026 11:49:31,Npgsql,db.client.operation.npgsql.bytes_written (By / 1 sec)[db.client.connection.pool.name=Host=127.0.0.1;Port=5432;Username=postgres;Database=myapp_load;Maximum Pool Size=500],Rate,307198
06/08/2026 11:49:31,System.Runtime,dotnet.assembly.count ({assembly}),Metric,156
06/08/2026 11:49:31,Npgsql,db.client.operation.npgsql.prepared_ratio[db.client.connection.pool.name=Host=127.0.0.1;Port=5432;Username=postgres;Database=myapp_load;Maximum Pool Size=500],Metric,0
06/08/2026 11:49:31,System.Runtime,dotnet.jit.compiled_methods ({method} / 1 sec),Rate,52
06/08/2026 11:49:32,System.Runtime,dotnet.gc.last_collection.memory.committed_size (By),Metric,351100928
06/08/2026 11:49:32,Npgsql,db.client.connection.npgsql.pending_requests ({request})[db.client.connection.pool.name=Host=127.0.0.1;Port=5432;Username=postgres;Database=myapp_load;Maximum Pool Size=500],Metric,282
06/08/2026 11:49:32,Npgsql,db.client.connection.max ({connection})[db.client.connection.pool.name=Host=127.0.0.1;Port=5432;Username=postgres;Database=myapp_load;Maximum Pool Size=500],Metric,500
06/08/2026 11:49:32,Npgsql,db.client.connection.count ({connection})[db.client.connection.pool.name=Host=127.0.0.1;Port=5432;Username=postgres;Database=myapp_load;Maximum Pool Size=500;db.client.connection.state=used],Metric,407
06/08/2026 11:49:32,Npgsql,db.client.connection.count ({connection})[db.client.connection.pool.name=Host=127.0.0.1;Port=5432;Username=postgres;Database=myapp_load;Maximum Pool Size=500;db.client.connection.state=idle],Metric,93
06/08/2026 11:49:32,Npgsql,db.client.operation.npgsql.bytes_read (By / 1 sec)[db.client.connection.pool.name=Host=127.0.0.1;Port=5432;Username=postgres;Database=myapp_load;Maximum Pool Size=500],Rate,301043
06/08/2026 11:49:32,System.Runtime,dotnet.gc.collections ({collection} / 1 sec)[gc.heap.generation=gen1],Rate,0
06/08/2026 11:49:32,System.Runtime,dotnet.gc.collections ({collection} / 1 sec)[gc.heap.generation=gen0],Rate,0
06/08/2026 11:49:32,System.Runtime,dotnet.gc.collections ({collection} / 1 sec)[gc.heap.generation=gen2],Rate,0
06/08/2026 11:49:32,Npgsql,db.client.operation.npgsql.executing ({command})[db.client.connection.pool.name=Host=127.0.0.1;Port=5432;Username=postgres;Database=myapp_load;Maximum Pool Size=500],Metric,116
06/08/2026 11:49:32,System.Runtime,dotnet.thread_pool.work_item.count ({work_item} / 1 sec),Rate,5876
06/08/2026 11:49:32,System.Runtime,dotnet.gc.pause.time (s / 1 sec),Rate,0
06/08/2026 11:49:32,System.Runtime,dotnet.timer.count ({timer}),Metric,673
06/08/2026 11:49:32,System.Runtime,dotnet.jit.compilation.time (s / 1 sec),Rate,0.6389470000000017
06/08/2026 11:49:32,System.Runtime,dotnet.gc.last_collection.heap.size (By)[gc.heap.generation=gen1],Metric,91178840
06/08/2026 11:49:32,System.Runtime,dotnet.gc.last_collection.heap.size (By)[gc.heap.generation=loh],Metric,4626696
06/08/2026 11:49:32,System.Runtime,dotnet.gc.last_collection.heap.size (By)[gc.heap.generation=gen0],Metric,24220608
06/08/2026 11:49:32,System.Runtime,dotnet.gc.last_collection.heap.size (By)[gc.heap.generation=gen2],Metric,146917608
06/08/2026 11:49:32,System.Runtime,dotnet.gc.last_collection.heap.size (By)[gc.heap.generation=poh],Metric,3370720
06/08/2026 11:49:32,System.Runtime,dotnet.process.cpu.time (s / 1 sec)[cpu.mode=user],Rate,0.71875
06/08/2026 11:49:32,System.Runtime,dotnet.process.cpu.time (s / 1 sec)[cpu.mode=system],Rate,0.4375
06/08/2026 11:49:32,Microsoft.AspNetCore.Hosting,http.server.request.duration (s)[http.request.method=GET;http.response.status_code=499;http.route=/orders/{id:int};network.protocol.version=1.1;url.scheme=http;Percentile=50],Metric,0.9248046875
06/08/2026 11:49:32,Microsoft.AspNetCore.Hosting,http.server.request.duration (s)[http.request.method=GET;http.response.status_code=499;http.route=/orders/{id:int};network.protocol.version=1.1;url.scheme=http;Percentile=95],Metric,1.263671875
06/08/2026 11:49:32,Microsoft.AspNetCore.Hosting,http.server.request.duration (s)[http.request.method=GET;http.response.status_code=499;http.route=/orders/{id:int};network.protocol.version=1.1;url.scheme=http;Percentile=99],Metric,1.275390625
06/08/2026 11:49:32,Microsoft.AspNetCore.Hosting,http.server.request.duration (s)[http.request.method=GET;http.response.status_code=200;http.route=/orders/{id:int};network.protocol.version=1.1;url.scheme=http;Percentile=50],Metric,1.640625
06/08/2026 11:49:32,Microsoft.AspNetCore.Hosting,http.server.request.duration (s)[http.request.method=GET;http.response.status_code=200;http.route=/orders/{id:int};network.protocol.version=1.1;url.scheme=http;Percentile=95],Metric,1.794921875
06/08/2026 11:49:32,Microsoft.AspNetCore.Hosting,http.server.request.duration (s)[http.request.method=GET;http.response.status_code=200;http.route=/orders/{id:int};network.protocol.version=1.1;url.scheme=http;Percentile=99],Metric,2.0234375
06/08/2026 11:49:32,Npgsql,db.client.connection.npgsql.create_time (s)[db.client.connection.pool.name=Host=127.0.0.1;Port=5432;Username=postgres;Database=myapp_load;Maximum Pool Size=500;Percentile=50],Metric,8.3125
06/08/2026 11:49:32,Npgsql,db.client.connection.npgsql.create_time (s)[db.client.connection.pool.name=Host=127.0.0.1;Port=5432;Username=postgres;Database=myapp_load;Maximum Pool Size=500;Percentile=95],Metric,8.515625
06/08/2026 11:49:32,Npgsql,db.client.connection.npgsql.create_time (s)[db.client.connection.pool.name=Host=127.0.0.1;Port=5432;Username=postgres;Database=myapp_load;Maximum Pool Size=500;Percentile=99],Metric,8.515625
06/08/2026 11:49:32,System.Runtime,dotnet.jit.compiled_il.size (By / 1 sec),Rate,12598
06/08/2026 11:49:32,System.Runtime,dotnet.gc.heap.total_allocated (By / 1 sec),Rate,11909736
06/08/2026 11:49:32,System.Runtime,dotnet.process.cpu.count ({cpu}),Metric,20
06/08/2026 11:49:32,System.Runtime,dotnet.monitor.lock_contentions ({contention} / 1 sec),Rate,2
06/08/2026 11:49:32,Npgsql,db.client.operation.duration (s)[db.client.connection.pool.name=Host=127.0.0.1;Port=5432;Username=postgres;Database=myapp_load;Maximum Pool Size=500;db.system.name=postgresql;server.address=127.0.0.1;server.port=5432;Percentile=50],Metric,0.05731201171875
06/08/2026 11:49:32,Npgsql,db.client.operation.duration (s)[db.client.connection.pool.name=Host=127.0.0.1;Port=5432;Username=postgres;Database=myapp_load;Maximum Pool Size=500;db.system.name=postgresql;server.address=127.0.0.1;server.port=5432;Percentile=95],Metric,0.13916015625
06/08/2026 11:49:32,Npgsql,db.client.operation.duration (s)[db.client.connection.pool.name=Host=127.0.0.1;Port=5432;Username=postgres;Database=myapp_load;Maximum Pool Size=500;db.system.name=postgresql;server.address=127.0.0.1;server.port=5432;Percentile=99],Metric,0.22900390625
06/08/2026 11:49:32,System.Runtime,dotnet.thread_pool.thread.count ({thread} / 1 sec),Rate,0
06/08/2026 11:49:32,System.Runtime,dotnet.exceptions ({exception} / 1 sec)[error.type=SocketException],Rate,20
06/08/2026 11:49:32,System.Runtime,dotnet.exceptions ({exception} / 1 sec)[error.type=HttpRequestException],Rate,0
06/08/2026 11:49:32,System.Runtime,dotnet.exceptions ({exception} / 1 sec)[error.type=NpgsqlException],Rate,0
06/08/2026 11:49:32,System.Runtime,dotnet.exceptions ({exception} / 1 sec)[error.type=OperationCanceledException],Rate,3724
06/08/2026 11:49:32,System.Runtime,dotnet.gc.last_collection.heap.fragmentation.size (By)[gc.heap.generation=gen1],Metric,42889936
06/08/2026 11:49:32,System.Runtime,dotnet.gc.last_collection.heap.fragmentation.size (By)[gc.heap.generation=loh],Metric,768
06/08/2026 11:49:32,System.Runtime,dotnet.gc.last_collection.heap.fragmentation.size (By)[gc.heap.generation=gen0],Metric,24047344
06/08/2026 11:49:32,System.Runtime,dotnet.gc.last_collection.heap.fragmentation.size (By)[gc.heap.generation=gen2],Metric,21298544
06/08/2026 11:49:32,System.Runtime,dotnet.gc.last_collection.heap.fragmentation.size (By)[gc.heap.generation=poh],Metric,0
06/08/2026 11:49:32,Microsoft.AspNetCore.Hosting,http.server.active_requests ({request})[http.request.method=POST;url.scheme=http],Metric,0
06/08/2026 11:49:32,Microsoft.AspNetCore.Hosting,http.server.active_requests ({request})[http.request.method=GET;url.scheme=http],Metric,407
06/08/2026 11:49:32,System.Runtime,dotnet.process.memory.working_set (By),Metric,519745536
06/08/2026 11:49:32,System.Runtime,dotnet.thread_pool.queue.length ({work_item} / 1 sec),Rate,15
06/08/2026 11:49:32,Npgsql,db.client.operation.npgsql.bytes_written (By / 1 sec)[db.client.connection.pool.name=Host=127.0.0.1;Port=5432;Username=postgres;Database=myapp_load;Maximum Pool Size=500],Rate,235137
06/08/2026 11:49:32,System.Runtime,dotnet.assembly.count ({assembly}),Metric,156
06/08/2026 11:49:32,Npgsql,db.client.operation.npgsql.prepared_ratio[db.client.connection.pool.name=Host=127.0.0.1;Port=5432;Username=postgres;Database=myapp_load;Maximum Pool Size=500],Metric,0
06/08/2026 11:49:32,System.Runtime,dotnet.jit.compiled_methods ({method} / 1 sec),Rate,204
06/08/2026 11:49:33,System.Runtime,dotnet.gc.last_collection.memory.committed_size (By),Metric,351100928
06/08/2026 11:49:33,Npgsql,db.client.connection.npgsql.pending_requests ({request})[db.client.connection.pool.name=Host=127.0.0.1;Port=5432;Username=postgres;Database=myapp_load;Maximum Pool Size=500],Metric,178
06/08/2026 11:49:33,Npgsql,db.client.connection.max ({connection})[db.client.connection.pool.name=Host=127.0.0.1;Port=5432;Username=postgres;Database=myapp_load;Maximum Pool Size=500],Metric,500
06/08/2026 11:49:33,Npgsql,db.client.connection.count ({connection})[db.client.connection.pool.name=Host=127.0.0.1;Port=5432;Username=postgres;Database=myapp_load;Maximum Pool Size=500;db.client.connection.state=used],Metric,196
06/08/2026 11:49:33,Npgsql,db.client.connection.count ({connection})[db.client.connection.pool.name=Host=127.0.0.1;Port=5432;Username=postgres;Database=myapp_load;Maximum Pool Size=500;db.client.connection.state=idle],Metric,196
06/08/2026 11:49:33,Npgsql,db.client.operation.npgsql.bytes_read (By / 1 sec)[db.client.connection.pool.name=Host=127.0.0.1;Port=5432;Username=postgres;Database=myapp_load;Maximum Pool Size=500],Rate,20946
06/08/2026 11:49:33,System.Runtime,dotnet.gc.collections ({collection} / 1 sec)[gc.heap.generation=gen1],Rate,0
06/08/2026 11:49:33,System.Runtime,dotnet.gc.collections ({collection} / 1 sec)[gc.heap.generation=gen0],Rate,0
06/08/2026 11:49:33,System.Runtime,dotnet.gc.collections ({collection} / 1 sec)[gc.heap.generation=gen2],Rate,0
06/08/2026 11:49:33,Npgsql,db.client.operation.npgsql.executing ({command})[db.client.connection.pool.name=Host=127.0.0.1;Port=5432;Username=postgres;Database=myapp_load;Maximum Pool Size=500],Metric,15
06/08/2026 11:49:33,System.Runtime,dotnet.thread_pool.work_item.count ({work_item} / 1 sec),Rate,1732
06/08/2026 11:49:33,System.Runtime,dotnet.gc.pause.time (s / 1 sec),Rate,0
06/08/2026 11:49:33,System.Runtime,dotnet.timer.count ({timer}),Metric,203
06/08/2026 11:49:33,System.Runtime,dotnet.jit.compilation.time (s / 1 sec),Rate,0.256255699999997
06/08/2026 11:49:33,System.Runtime,dotnet.gc.last_collection.heap.size (By)[gc.heap.generation=gen1],Metric,91178840
06/08/2026 11:49:33,System.Runtime,dotnet.gc.last_collection.heap.size (By)[gc.heap.generation=loh],Metric,4626696
06/08/2026 11:49:33,System.Runtime,dotnet.gc.last_collection.heap.size (By)[gc.heap.generation=gen0],Metric,24220608
06/08/2026 11:49:33,System.Runtime,dotnet.gc.last_collection.heap.size (By)[gc.heap.generation=gen2],Metric,146917608
06/08/2026 11:49:33,System.Runtime,dotnet.gc.last_collection.heap.size (By)[gc.heap.generation=poh],Metric,3370720
06/08/2026 11:49:33,System.Runtime,dotnet.process.cpu.time (s / 1 sec)[cpu.mode=user],Rate,0.4375
06/08/2026 11:49:33,System.Runtime,dotnet.process.cpu.time (s / 1 sec)[cpu.mode=system],Rate,0.25
06/08/2026 11:49:33,Microsoft.AspNetCore.Hosting,http.server.request.duration (s)[http.request.method=GET;http.response.status_code=499;http.route=/orders/{id:int};network.protocol.version=1.1;url.scheme=http;Percentile=50],Metric,12.90625
06/08/2026 11:49:33,Microsoft.AspNetCore.Hosting,http.server.request.duration (s)[http.request.method=GET;http.response.status_code=499;http.route=/orders/{id:int};network.protocol.version=1.1;url.scheme=http;Percentile=95],Metric,13.015625
06/08/2026 11:49:33,Microsoft.AspNetCore.Hosting,http.server.request.duration (s)[http.request.method=GET;http.response.status_code=499;http.route=/orders/{id:int};network.protocol.version=1.1;url.scheme=http;Percentile=99],Metric,13.03125
06/08/2026 11:49:33,Microsoft.AspNetCore.Hosting,http.server.request.duration (s)[http.request.method=GET;http.response.status_code=200;http.route=/orders/{id:int};network.protocol.version=1.1;url.scheme=http;Percentile=50],Metric,2.1328125
06/08/2026 11:49:33,Microsoft.AspNetCore.Hosting,http.server.request.duration (s)[http.request.method=GET;http.response.status_code=200;http.route=/orders/{id:int};network.protocol.version=1.1;url.scheme=http;Percentile=95],Metric,12.421875
06/08/2026 11:49:33,Microsoft.AspNetCore.Hosting,http.server.request.duration (s)[http.request.method=GET;http.response.status_code=200;http.route=/orders/{id:int};network.protocol.version=1.1;url.scheme=http;Percentile=99],Metric,12.46875
06/08/2026 11:49:33,Npgsql,db.client.connection.npgsql.create_time (s)[db.client.connection.pool.name=Host=127.0.0.1;Port=5432;Username=postgres;Database=myapp_load;Maximum Pool Size=500;Percentile=50],Metric,9.34375
06/08/2026 11:49:33,Npgsql,db.client.connection.npgsql.create_time (s)[db.client.connection.pool.name=Host=127.0.0.1;Port=5432;Username=postgres;Database=myapp_load;Maximum Pool Size=500;Percentile=95],Metric,9.34375
06/08/2026 11:49:33,Npgsql,db.client.connection.npgsql.create_time (s)[db.client.connection.pool.name=Host=127.0.0.1;Port=5432;Username=postgres;Database=myapp_load;Maximum Pool Size=500;Percentile=99],Metric,9.34375
06/08/2026 11:49:33,System.Runtime,dotnet.jit.compiled_il.size (By / 1 sec),Rate,7464
06/08/2026 11:49:33,System.Runtime,dotnet.gc.heap.total_allocated (By / 1 sec),Rate,5437536
06/08/2026 11:49:33,System.Runtime,dotnet.process.cpu.count ({cpu}),Metric,20
06/08/2026 11:49:33,System.Runtime,dotnet.monitor.lock_contentions ({contention} / 1 sec),Rate,0
06/08/2026 11:49:33,Npgsql,db.client.operation.duration (s)[db.client.connection.pool.name=Host=127.0.0.1;Port=5432;Username=postgres;Database=myapp_load;Maximum Pool Size=500;db.system.name=postgresql;server.address=127.0.0.1;server.port=5432;Percentile=50],Metric,0.83984375
06/08/2026 11:49:33,Npgsql,db.client.operation.duration (s)[db.client.connection.pool.name=Host=127.0.0.1;Port=5432;Username=postgres;Database=myapp_load;Maximum Pool Size=500;db.system.name=postgresql;server.address=127.0.0.1;server.port=5432;Percentile=95],Metric,1.353515625
06/08/2026 11:49:33,Npgsql,db.client.operation.duration (s)[db.client.connection.pool.name=Host=127.0.0.1;Port=5432;Username=postgres;Database=myapp_load;Maximum Pool Size=500;db.system.name=postgresql;server.address=127.0.0.1;server.port=5432;Percentile=99],Metric,1.462890625
06/08/2026 11:49:33,System.Runtime,dotnet.thread_pool.thread.count ({thread} / 1 sec),Rate,0
06/08/2026 11:49:33,System.Runtime,dotnet.exceptions ({exception} / 1 sec)[error.type=SocketException],Rate,25
06/08/2026 11:49:33,System.Runtime,dotnet.exceptions ({exception} / 1 sec)[error.type=TaskCanceledException],Rate,2480
06/08/2026 11:49:33,System.Runtime,dotnet.exceptions ({exception} / 1 sec)[error.type=HttpRequestException],Rate,0
06/08/2026 11:49:33,System.Runtime,dotnet.exceptions ({exception} / 1 sec)[error.type=NpgsqlException],Rate,0
06/08/2026 11:49:33,System.Runtime,dotnet.exceptions ({exception} / 1 sec)[error.type=OperationCanceledException],Rate,120
06/08/2026 11:49:33,System.Runtime,dotnet.gc.last_collection.heap.fragmentation.size (By)[gc.heap.generation=gen1],Metric,42889936
06/08/2026 11:49:33,System.Runtime,dotnet.gc.last_collection.heap.fragmentation.size (By)[gc.heap.generation=loh],Metric,768
06/08/2026 11:49:33,System.Runtime,dotnet.gc.last_collection.heap.fragmentation.size (By)[gc.heap.generation=gen0],Metric,24047344
06/08/2026 11:49:33,System.Runtime,dotnet.gc.last_collection.heap.fragmentation.size (By)[gc.heap.generation=gen2],Metric,21298544
06/08/2026 11:49:33,System.Runtime,dotnet.gc.last_collection.heap.fragmentation.size (By)[gc.heap.generation=poh],Metric,0
06/08/2026 11:49:33,Microsoft.AspNetCore.Hosting,http.server.active_requests ({request})[http.request.method=POST;url.scheme=http],Metric,0
06/08/2026 11:49:33,Microsoft.AspNetCore.Hosting,http.server.active_requests ({request})[http.request.method=GET;url.scheme=http],Metric,197
06/08/2026 11:49:33,System.Runtime,dotnet.process.memory.working_set (By),Metric,525602816
06/08/2026 11:49:33,System.Runtime,dotnet.thread_pool.queue.length ({work_item} / 1 sec),Rate,-36
06/08/2026 11:49:33,Npgsql,db.client.operation.npgsql.bytes_written (By / 1 sec)[db.client.connection.pool.name=Host=127.0.0.1;Port=5432;Username=postgres;Database=myapp_load;Maximum Pool Size=500],Rate,21124
06/08/2026 11:49:33,System.Runtime,dotnet.assembly.count ({assembly}),Metric,156
06/08/2026 11:49:33,Npgsql,db.client.operation.npgsql.prepared_ratio[db.client.connection.pool.name=Host=127.0.0.1;Port=5432;Username=postgres;Database=myapp_load;Maximum Pool Size=500],Metric,0
06/08/2026 11:49:33,System.Runtime,dotnet.jit.compiled_methods ({method} / 1 sec),Rate,103
06/08/2026 11:49:34,System.Runtime,dotnet.gc.last_collection.memory.committed_size (By),Metric,351100928
06/08/2026 11:49:34,Npgsql,db.client.connection.npgsql.pending_requests ({request})[db.client.connection.pool.name=Host=127.0.0.1;Port=5432;Username=postgres;Database=myapp_load;Maximum Pool Size=500],Metric,0
06/08/2026 11:49:34,Npgsql,db.client.connection.max ({connection})[db.client.connection.pool.name=Host=127.0.0.1;Port=5432;Username=postgres;Database=myapp_load;Maximum Pool Size=500],Metric,500
06/08/2026 11:49:34,Npgsql,db.client.connection.count ({connection})[db.client.connection.pool.name=Host=127.0.0.1;Port=5432;Username=postgres;Database=myapp_load;Maximum Pool Size=500;db.client.connection.state=used],Metric,0
06/08/2026 11:49:34,Npgsql,db.client.connection.count ({connection})[db.client.connection.pool.name=Host=127.0.0.1;Port=5432;Username=postgres;Database=myapp_load;Maximum Pool Size=500;db.client.connection.state=idle],Metric,215
06/08/2026 11:49:34,Npgsql,db.client.operation.npgsql.bytes_read (By / 1 sec)[db.client.connection.pool.name=Host=127.0.0.1;Port=5432;Username=postgres;Database=myapp_load;Maximum Pool Size=500],Rate,8653
06/08/2026 11:49:34,System.Runtime,dotnet.gc.collections ({collection} / 1 sec)[gc.heap.generation=gen1],Rate,0
06/08/2026 11:49:34,System.Runtime,dotnet.gc.collections ({collection} / 1 sec)[gc.heap.generation=gen0],Rate,0
06/08/2026 11:49:34,System.Runtime,dotnet.gc.collections ({collection} / 1 sec)[gc.heap.generation=gen2],Rate,0
06/08/2026 11:49:34,Npgsql,db.client.operation.npgsql.executing ({command})[db.client.connection.pool.name=Host=127.0.0.1;Port=5432;Username=postgres;Database=myapp_load;Maximum Pool Size=500],Metric,0
06/08/2026 11:49:34,System.Runtime,dotnet.thread_pool.work_item.count ({work_item} / 1 sec),Rate,248
06/08/2026 11:49:34,System.Runtime,dotnet.gc.pause.time (s / 1 sec),Rate,0
06/08/2026 11:49:34,System.Runtime,dotnet.timer.count ({timer}),Metric,31
06/08/2026 11:49:34,System.Runtime,dotnet.jit.compilation.time (s / 1 sec),Rate,0.21432670000000087
06/08/2026 11:49:34,System.Runtime,dotnet.gc.last_collection.heap.size (By)[gc.heap.generation=gen1],Metric,91178840
06/08/2026 11:49:34,System.Runtime,dotnet.gc.last_collection.heap.size (By)[gc.heap.generation=loh],Metric,4626696
06/08/2026 11:49:34,System.Runtime,dotnet.gc.last_collection.heap.size (By)[gc.heap.generation=gen0],Metric,24220608
06/08/2026 11:49:34,System.Runtime,dotnet.gc.last_collection.heap.size (By)[gc.heap.generation=gen2],Metric,146917608
06/08/2026 11:49:34,System.Runtime,dotnet.gc.last_collection.heap.size (By)[gc.heap.generation=poh],Metric,3370720
06/08/2026 11:49:34,System.Runtime,dotnet.process.cpu.time (s / 1 sec)[cpu.mode=user],Rate,0.265625
06/08/2026 11:49:34,System.Runtime,dotnet.process.cpu.time (s / 1 sec)[cpu.mode=system],Rate,0.109375
06/08/2026 11:49:34,Microsoft.AspNetCore.Hosting,http.server.request.duration (s)[http.request.method=GET;http.response.status_code=499;http.route=/orders/{id:int};network.protocol.version=1.1;url.scheme=http;Percentile=50],Metric,13.03125
06/08/2026 11:49:34,Microsoft.AspNetCore.Hosting,http.server.request.duration (s)[http.request.method=GET;http.response.status_code=499;http.route=/orders/{id:int};network.protocol.version=1.1;url.scheme=http;Percentile=95],Metric,13.125
06/08/2026 11:49:34,Microsoft.AspNetCore.Hosting,http.server.request.duration (s)[http.request.method=GET;http.response.status_code=499;http.route=/orders/{id:int};network.protocol.version=1.1;url.scheme=http;Percentile=99],Metric,13.234375
06/08/2026 11:49:34,Npgsql,db.client.connection.npgsql.create_time (s)[db.client.connection.pool.name=Host=127.0.0.1;Port=5432;Username=postgres;Database=myapp_load;Maximum Pool Size=500;Percentile=50],Metric,10
06/08/2026 11:49:34,Npgsql,db.client.connection.npgsql.create_time (s)[db.client.connection.pool.name=Host=127.0.0.1;Port=5432;Username=postgres;Database=myapp_load;Maximum Pool Size=500;Percentile=95],Metric,10.015625
06/08/2026 11:49:34,Npgsql,db.client.connection.npgsql.create_time (s)[db.client.connection.pool.name=Host=127.0.0.1;Port=5432;Username=postgres;Database=myapp_load;Maximum Pool Size=500;Percentile=99],Metric,10.015625
06/08/2026 11:49:34,System.Runtime,dotnet.jit.compiled_il.size (By / 1 sec),Rate,8676
06/08/2026 11:49:34,System.Runtime,dotnet.gc.heap.total_allocated (By / 1 sec),Rate,5317304
06/08/2026 11:49:34,System.Runtime,dotnet.process.cpu.count ({cpu}),Metric,20
06/08/2026 11:49:34,System.Runtime,dotnet.monitor.lock_contentions ({contention} / 1 sec),Rate,0
06/08/2026 11:49:34,Npgsql,db.client.operation.duration (s)[db.client.connection.pool.name=Host=127.0.0.1;Port=5432;Username=postgres;Database=myapp_load;Maximum Pool Size=500;db.system.name=postgresql;server.address=127.0.0.1;server.port=5432;Percentile=50],Metric,1.62109375
06/08/2026 11:49:34,Npgsql,db.client.operation.duration (s)[db.client.connection.pool.name=Host=127.0.0.1;Port=5432;Username=postgres;Database=myapp_load;Maximum Pool Size=500;db.system.name=postgresql;server.address=127.0.0.1;server.port=5432;Percentile=95],Metric,1.736328125
06/08/2026 11:49:34,Npgsql,db.client.operation.duration (s)[db.client.connection.pool.name=Host=127.0.0.1;Port=5432;Username=postgres;Database=myapp_load;Maximum Pool Size=500;db.system.name=postgresql;server.address=127.0.0.1;server.port=5432;Percentile=99],Metric,1.736328125
06/08/2026 11:49:34,System.Runtime,dotnet.thread_pool.thread.count ({thread} / 1 sec),Rate,0
06/08/2026 11:49:34,System.Runtime,dotnet.exceptions ({exception} / 1 sec)[error.type=SocketException],Rate,2
06/08/2026 11:49:34,System.Runtime,dotnet.exceptions ({exception} / 1 sec)[error.type=TaskCanceledException],Rate,4075
06/08/2026 11:49:34,System.Runtime,dotnet.exceptions ({exception} / 1 sec)[error.type=HttpRequestException],Rate,11
06/08/2026 11:49:34,System.Runtime,dotnet.exceptions ({exception} / 1 sec)[error.type=NpgsqlException],Rate,0
06/08/2026 11:49:34,System.Runtime,dotnet.exceptions ({exception} / 1 sec)[error.type=OperationCanceledException],Rate,120
06/08/2026 11:49:34,System.Runtime,dotnet.gc.last_collection.heap.fragmentation.size (By)[gc.heap.generation=gen1],Metric,42889936
06/08/2026 11:49:34,System.Runtime,dotnet.gc.last_collection.heap.fragmentation.size (By)[gc.heap.generation=loh],Metric,768
06/08/2026 11:49:34,System.Runtime,dotnet.gc.last_collection.heap.fragmentation.size (By)[gc.heap.generation=gen0],Metric,24047344
06/08/2026 11:49:34,System.Runtime,dotnet.gc.last_collection.heap.fragmentation.size (By)[gc.heap.generation=gen2],Metric,21298544
06/08/2026 11:49:34,System.Runtime,dotnet.gc.last_collection.heap.fragmentation.size (By)[gc.heap.generation=poh],Metric,0
06/08/2026 11:49:34,Microsoft.AspNetCore.Hosting,http.server.active_requests ({request})[http.request.method=POST;url.scheme=http],Metric,0
06/08/2026 11:49:34,Microsoft.AspNetCore.Hosting,http.server.active_requests ({request})[http.request.method=GET;url.scheme=http],Metric,0
06/08/2026 11:49:34,System.Runtime,dotnet.process.memory.working_set (By),Metric,532471808
06/08/2026 11:49:34,System.Runtime,dotnet.thread_pool.queue.length ({work_item} / 1 sec),Rate,-2
06/08/2026 11:49:34,Npgsql,db.client.operation.npgsql.bytes_written (By / 1 sec)[db.client.connection.pool.name=Host=127.0.0.1;Port=5432;Username=postgres;Database=myapp_load;Maximum Pool Size=500],Rate,0
06/08/2026 11:49:34,System.Runtime,dotnet.assembly.count ({assembly}),Metric,156
06/08/2026 11:49:34,System.Runtime,dotnet.jit.compiled_methods ({method} / 1 sec),Rate,26
06/08/2026 11:49:35,System.Runtime,dotnet.gc.last_collection.memory.committed_size (By),Metric,351100928
06/08/2026 11:49:35,Npgsql,db.client.connection.npgsql.pending_requests ({request})[db.client.connection.pool.name=Host=127.0.0.1;Port=5432;Username=postgres;Database=myapp_load;Maximum Pool Size=500],Metric,0
06/08/2026 11:49:35,Npgsql,db.client.connection.max ({connection})[db.client.connection.pool.name=Host=127.0.0.1;Port=5432;Username=postgres;Database=myapp_load;Maximum Pool Size=500],Metric,500
06/08/2026 11:49:35,Npgsql,db.client.connection.count ({connection})[db.client.connection.pool.name=Host=127.0.0.1;Port=5432;Username=postgres;Database=myapp_load;Maximum Pool Size=500;db.client.connection.state=used],Metric,0
06/08/2026 11:49:35,Npgsql,db.client.connection.count ({connection})[db.client.connection.pool.name=Host=127.0.0.1;Port=5432;Username=postgres;Database=myapp_load;Maximum Pool Size=500;db.client.connection.state=idle],Metric,215
06/08/2026 11:49:35,Npgsql,db.client.operation.npgsql.bytes_read (By / 1 sec)[db.client.connection.pool.name=Host=127.0.0.1;Port=5432;Username=postgres;Database=myapp_load;Maximum Pool Size=500],Rate,0
06/08/2026 11:49:35,System.Runtime,dotnet.gc.collections ({collection} / 1 sec)[gc.heap.generation=gen1],Rate,0
06/08/2026 11:49:35,System.Runtime,dotnet.gc.collections ({collection} / 1 sec)[gc.heap.generation=gen0],Rate,0
06/08/2026 11:49:35,System.Runtime,dotnet.gc.collections ({collection} / 1 sec)[gc.heap.generation=gen2],Rate,0
06/08/2026 11:49:35,Npgsql,db.client.operation.npgsql.executing ({command})[db.client.connection.pool.name=Host=127.0.0.1;Port=5432;Username=postgres;Database=myapp_load;Maximum Pool Size=500],Metric,0
06/08/2026 11:49:35,System.Runtime,dotnet.thread_pool.work_item.count ({work_item} / 1 sec),Rate,24
06/08/2026 11:49:35,System.Runtime,dotnet.gc.pause.time (s / 1 sec),Rate,0
06/08/2026 11:49:35,System.Runtime,dotnet.timer.count ({timer}),Metric,12
06/08/2026 11:49:35,System.Runtime,dotnet.jit.compilation.time (s / 1 sec),Rate,0
06/08/2026 11:49:35,System.Runtime,dotnet.gc.last_collection.heap.size (By)[gc.heap.generation=gen1],Metric,91178840
06/08/2026 11:49:35,System.Runtime,dotnet.gc.last_collection.heap.size (By)[gc.heap.generation=loh],Metric,4626696
06/08/2026 11:49:35,System.Runtime,dotnet.gc.last_collection.heap.size (By)[gc.heap.generation=gen0],Metric,24220608
06/08/2026 11:49:35,System.Runtime,dotnet.gc.last_collection.heap.size (By)[gc.heap.generation=gen2],Metric,146917608
06/08/2026 11:49:35,System.Runtime,dotnet.gc.last_collection.heap.size (By)[gc.heap.generation=poh],Metric,3370720
06/08/2026 11:49:35,System.Runtime,dotnet.process.cpu.time (s / 1 sec)[cpu.mode=user],Rate,0
06/08/2026 11:49:35,System.Runtime,dotnet.process.cpu.time (s / 1 sec)[cpu.mode=system],Rate,0
06/08/2026 11:49:35,System.Runtime,dotnet.jit.compiled_il.size (By / 1 sec),Rate,0
06/08/2026 11:49:35,System.Runtime,dotnet.gc.heap.total_allocated (By / 1 sec),Rate,252192
06/08/2026 11:49:35,System.Runtime,dotnet.process.cpu.count ({cpu}),Metric,20
06/08/2026 11:49:35,System.Runtime,dotnet.monitor.lock_contentions ({contention} / 1 sec),Rate,0
06/08/2026 11:49:35,System.Runtime,dotnet.thread_pool.thread.count ({thread} / 1 sec),Rate,0
06/08/2026 11:49:35,System.Runtime,dotnet.exceptions ({exception} / 1 sec)[error.type=SocketException],Rate,0
06/08/2026 11:49:35,System.Runtime,dotnet.exceptions ({exception} / 1 sec)[error.type=TaskCanceledException],Rate,0
06/08/2026 11:49:35,System.Runtime,dotnet.exceptions ({exception} / 1 sec)[error.type=HttpRequestException],Rate,0
06/08/2026 11:49:35,System.Runtime,dotnet.exceptions ({exception} / 1 sec)[error.type=NpgsqlException],Rate,0
06/08/2026 11:49:35,System.Runtime,dotnet.exceptions ({exception} / 1 sec)[error.type=OperationCanceledException],Rate,0
06/08/2026 11:49:35,System.Runtime,dotnet.gc.last_collection.heap.fragmentation.size (By)[gc.heap.generation=gen1],Metric,42889936
06/08/2026 11:49:35,System.Runtime,dotnet.gc.last_collection.heap.fragmentation.size (By)[gc.heap.generation=loh],Metric,768
06/08/2026 11:49:35,System.Runtime,dotnet.gc.last_collection.heap.fragmentation.size (By)[gc.heap.generation=gen0],Metric,24047344
06/08/2026 11:49:35,System.Runtime,dotnet.gc.last_collection.heap.fragmentation.size (By)[gc.heap.generation=gen2],Metric,21298544
06/08/2026 11:49:35,System.Runtime,dotnet.gc.last_collection.heap.fragmentation.size (By)[gc.heap.generation=poh],Metric,0
06/08/2026 11:49:35,Microsoft.AspNetCore.Hosting,http.server.active_requests ({request})[http.request.method=POST;url.scheme=http],Metric,0
06/08/2026 11:49:35,Microsoft.AspNetCore.Hosting,http.server.active_requests ({request})[http.request.method=GET;url.scheme=http],Metric,0
06/08/2026 11:49:35,System.Runtime,dotnet.process.memory.working_set (By),Metric,532742144
06/08/2026 11:49:35,System.Runtime,dotnet.thread_pool.queue.length ({work_item} / 1 sec),Rate,0
06/08/2026 11:49:35,Npgsql,db.client.operation.npgsql.bytes_written (By / 1 sec)[db.client.connection.pool.name=Host=127.0.0.1;Port=5432;Username=postgres;Database=myapp_load;Maximum Pool Size=500],Rate,0
06/08/2026 11:49:35,System.Runtime,dotnet.assembly.count ({assembly}),Metric,156
06/08/2026 11:49:35,System.Runtime,dotnet.jit.compiled_methods ({method} / 1 sec),Rate,0
06/08/2026 11:49:36,System.Runtime,dotnet.gc.last_collection.memory.committed_size (By),Metric,351100928
06/08/2026 11:49:36,Npgsql,db.client.connection.npgsql.pending_requests ({request})[db.client.connection.pool.name=Host=127.0.0.1;Port=5432;Username=postgres;Database=myapp_load;Maximum Pool Size=500],Metric,0
06/08/2026 11:49:36,Npgsql,db.client.connection.max ({connection})[db.client.connection.pool.name=Host=127.0.0.1;Port=5432;Username=postgres;Database=myapp_load;Maximum Pool Size=500],Metric,500
06/08/2026 11:49:36,Npgsql,db.client.connection.count ({connection})[db.client.connection.pool.name=Host=127.0.0.1;Port=5432;Username=postgres;Database=myapp_load;Maximum Pool Size=500;db.client.connection.state=used],Metric,0
06/08/2026 11:49:36,Npgsql,db.client.connection.count ({connection})[db.client.connection.pool.name=Host=127.0.0.1;Port=5432;Username=postgres;Database=myapp_load;Maximum Pool Size=500;db.client.connection.state=idle],Metric,215
06/08/2026 11:49:36,Npgsql,db.client.operation.npgsql.bytes_read (By / 1 sec)[db.client.connection.pool.name=Host=127.0.0.1;Port=5432;Username=postgres;Database=myapp_load;Maximum Pool Size=500],Rate,0
06/08/2026 11:49:36,System.Runtime,dotnet.gc.collections ({collection} / 1 sec)[gc.heap.generation=gen1],Rate,0
06/08/2026 11:49:36,System.Runtime,dotnet.gc.collections ({collection} / 1 sec)[gc.heap.generation=gen0],Rate,0
06/08/2026 11:49:36,System.Runtime,dotnet.gc.collections ({collection} / 1 sec)[gc.heap.generation=gen2],Rate,0
06/08/2026 11:49:36,Npgsql,db.client.operation.npgsql.executing ({command})[db.client.connection.pool.name=Host=127.0.0.1;Port=5432;Username=postgres;Database=myapp_load;Maximum Pool Size=500],Metric,0
06/08/2026 11:49:36,System.Runtime,dotnet.thread_pool.work_item.count ({work_item} / 1 sec),Rate,10
06/08/2026 11:49:36,System.Runtime,dotnet.gc.pause.time (s / 1 sec),Rate,0
06/08/2026 11:49:36,System.Runtime,dotnet.timer.count ({timer}),Metric,4
06/08/2026 11:49:36,System.Runtime,dotnet.jit.compilation.time (s / 1 sec),Rate,0.020074900000000895
06/08/2026 11:49:36,System.Runtime,dotnet.gc.last_collection.heap.size (By)[gc.heap.generation=gen1],Metric,91178840
06/08/2026 11:49:36,System.Runtime,dotnet.gc.last_collection.heap.size (By)[gc.heap.generation=loh],Metric,4626696
06/08/2026 11:49:36,System.Runtime,dotnet.gc.last_collection.heap.size (By)[gc.heap.generation=gen0],Metric,24220608
06/08/2026 11:49:36,System.Runtime,dotnet.gc.last_collection.heap.size (By)[gc.heap.generation=gen2],Metric,146917608
06/08/2026 11:49:36,System.Runtime,dotnet.gc.last_collection.heap.size (By)[gc.heap.generation=poh],Metric,3370720
06/08/2026 11:49:36,System.Runtime,dotnet.process.cpu.time (s / 1 sec)[cpu.mode=user],Rate,0.03125
06/08/2026 11:49:36,System.Runtime,dotnet.process.cpu.time (s / 1 sec)[cpu.mode=system],Rate,0
06/08/2026 11:49:36,System.Runtime,dotnet.jit.compiled_il.size (By / 1 sec),Rate,194
06/08/2026 11:49:36,System.Runtime,dotnet.gc.heap.total_allocated (By / 1 sec),Rate,253576
06/08/2026 11:49:36,System.Runtime,dotnet.process.cpu.count ({cpu}),Metric,20
06/08/2026 11:49:36,System.Runtime,dotnet.monitor.lock_contentions ({contention} / 1 sec),Rate,0
06/08/2026 11:49:36,System.Runtime,dotnet.thread_pool.thread.count ({thread} / 1 sec),Rate,0
06/08/2026 11:49:36,System.Runtime,dotnet.exceptions ({exception} / 1 sec)[error.type=SocketException],Rate,0
06/08/2026 11:49:36,System.Runtime,dotnet.exceptions ({exception} / 1 sec)[error.type=TaskCanceledException],Rate,0
06/08/2026 11:49:36,System.Runtime,dotnet.exceptions ({exception} / 1 sec)[error.type=HttpRequestException],Rate,0
06/08/2026 11:49:36,System.Runtime,dotnet.exceptions ({exception} / 1 sec)[error.type=NpgsqlException],Rate,0
06/08/2026 11:49:36,System.Runtime,dotnet.exceptions ({exception} / 1 sec)[error.type=OperationCanceledException],Rate,0
06/08/2026 11:49:36,System.Runtime,dotnet.gc.last_collection.heap.fragmentation.size (By)[gc.heap.generation=gen1],Metric,42889936
06/08/2026 11:49:36,System.Runtime,dotnet.gc.last_collection.heap.fragmentation.size (By)[gc.heap.generation=loh],Metric,768
06/08/2026 11:49:36,System.Runtime,dotnet.gc.last_collection.heap.fragmentation.size (By)[gc.heap.generation=gen0],Metric,24047344
06/08/2026 11:49:36,System.Runtime,dotnet.gc.last_collection.heap.fragmentation.size (By)[gc.heap.generation=gen2],Metric,21298544
06/08/2026 11:49:36,System.Runtime,dotnet.gc.last_collection.heap.fragmentation.size (By)[gc.heap.generation=poh],Metric,0
06/08/2026 11:49:36,Microsoft.AspNetCore.Hosting,http.server.active_requests ({request})[http.request.method=POST;url.scheme=http],Metric,0
06/08/2026 11:49:36,Microsoft.AspNetCore.Hosting,http.server.active_requests ({request})[http.request.method=GET;url.scheme=http],Metric,0
06/08/2026 11:49:36,System.Runtime,dotnet.process.memory.working_set (By),Metric,533024768
06/08/2026 11:49:36,System.Runtime,dotnet.thread_pool.queue.length ({work_item} / 1 sec),Rate,0
06/08/2026 11:49:36,Npgsql,db.client.operation.npgsql.bytes_written (By / 1 sec)[db.client.connection.pool.name=Host=127.0.0.1;Port=5432;Username=postgres;Database=myapp_load;Maximum Pool Size=500],Rate,0
06/08/2026 11:49:36,System.Runtime,dotnet.assembly.count ({assembly}),Metric,156
06/08/2026 11:49:36,System.Runtime,dotnet.jit.compiled_methods ({method} / 1 sec),Rate,5
06/08/2026 11:49:37,System.Runtime,dotnet.gc.last_collection.memory.committed_size (By),Metric,351100928
06/08/2026 11:49:37,Npgsql,db.client.connection.npgsql.pending_requests ({request})[db.client.connection.pool.name=Host=127.0.0.1;Port=5432;Username=postgres;Database=myapp_load;Maximum Pool Size=500],Metric,0
06/08/2026 11:49:37,Npgsql,db.client.connection.max ({connection})[db.client.connection.pool.name=Host=127.0.0.1;Port=5432;Username=postgres;Database=myapp_load;Maximum Pool Size=500],Metric,500
06/08/2026 11:49:37,Npgsql,db.client.connection.count ({connection})[db.client.connection.pool.name=Host=127.0.0.1;Port=5432;Username=postgres;Database=myapp_load;Maximum Pool Size=500;db.client.connection.state=used],Metric,0
06/08/2026 11:49:37,Npgsql,db.client.connection.count ({connection})[db.client.connection.pool.name=Host=127.0.0.1;Port=5432;Username=postgres;Database=myapp_load;Maximum Pool Size=500;db.client.connection.state=idle],Metric,215
06/08/2026 11:49:37,Npgsql,db.client.operation.npgsql.bytes_read (By / 1 sec)[db.client.connection.pool.name=Host=127.0.0.1;Port=5432;Username=postgres;Database=myapp_load;Maximum Pool Size=500],Rate,0
06/08/2026 11:49:37,System.Runtime,dotnet.gc.collections ({collection} / 1 sec)[gc.heap.generation=gen1],Rate,0
06/08/2026 11:49:37,System.Runtime,dotnet.gc.collections ({collection} / 1 sec)[gc.heap.generation=gen0],Rate,0
06/08/2026 11:49:37,System.Runtime,dotnet.gc.collections ({collection} / 1 sec)[gc.heap.generation=gen2],Rate,0
06/08/2026 11:49:37,Npgsql,db.client.operation.npgsql.executing ({command})[db.client.connection.pool.name=Host=127.0.0.1;Port=5432;Username=postgres;Database=myapp_load;Maximum Pool Size=500],Metric,0
06/08/2026 11:49:37,System.Runtime,dotnet.thread_pool.work_item.count ({work_item} / 1 sec),Rate,0
06/08/2026 11:49:37,System.Runtime,dotnet.gc.pause.time (s / 1 sec),Rate,0
06/08/2026 11:49:37,System.Runtime,dotnet.timer.count ({timer}),Metric,4
06/08/2026 11:49:37,System.Runtime,dotnet.jit.compilation.time (s / 1 sec),Rate,0
06/08/2026 11:49:37,System.Runtime,dotnet.gc.last_collection.heap.size (By)[gc.heap.generation=gen1],Metric,91178840
06/08/2026 11:49:37,System.Runtime,dotnet.gc.last_collection.heap.size (By)[gc.heap.generation=loh],Metric,4626696
06/08/2026 11:49:37,System.Runtime,dotnet.gc.last_collection.heap.size (By)[gc.heap.generation=gen0],Metric,24220608
06/08/2026 11:49:37,System.Runtime,dotnet.gc.last_collection.heap.size (By)[gc.heap.generation=gen2],Metric,146917608
06/08/2026 11:49:37,System.Runtime,dotnet.gc.last_collection.heap.size (By)[gc.heap.generation=poh],Metric,3370720
06/08/2026 11:49:37,System.Runtime,dotnet.process.cpu.time (s / 1 sec)[cpu.mode=user],Rate,0
06/08/2026 11:49:37,System.Runtime,dotnet.process.cpu.time (s / 1 sec)[cpu.mode=system],Rate,0
06/08/2026 11:49:37,System.Runtime,dotnet.jit.compiled_il.size (By / 1 sec),Rate,0
06/08/2026 11:49:37,System.Runtime,dotnet.gc.heap.total_allocated (By / 1 sec),Rate,253392
06/08/2026 11:49:37,System.Runtime,dotnet.process.cpu.count ({cpu}),Metric,20
06/08/2026 11:49:37,System.Runtime,dotnet.monitor.lock_contentions ({contention} / 1 sec),Rate,0
06/08/2026 11:49:37,System.Runtime,dotnet.thread_pool.thread.count ({thread} / 1 sec),Rate,0
06/08/2026 11:49:37,System.Runtime,dotnet.exceptions ({exception} / 1 sec)[error.type=SocketException],Rate,0
06/08/2026 11:49:37,System.Runtime,dotnet.exceptions ({exception} / 1 sec)[error.type=TaskCanceledException],Rate,0
06/08/2026 11:49:37,System.Runtime,dotnet.exceptions ({exception} / 1 sec)[error.type=HttpRequestException],Rate,0
06/08/2026 11:49:37,System.Runtime,dotnet.exceptions ({exception} / 1 sec)[error.type=NpgsqlException],Rate,0
06/08/2026 11:49:37,System.Runtime,dotnet.exceptions ({exception} / 1 sec)[error.type=OperationCanceledException],Rate,0
06/08/2026 11:49:37,System.Runtime,dotnet.gc.last_collection.heap.fragmentation.size (By)[gc.heap.generation=gen1],Metric,42889936
06/08/2026 11:49:37,System.Runtime,dotnet.gc.last_collection.heap.fragmentation.size (By)[gc.heap.generation=loh],Metric,768
06/08/2026 11:49:37,System.Runtime,dotnet.gc.last_collection.heap.fragmentation.size (By)[gc.heap.generation=gen0],Metric,24047344
06/08/2026 11:49:37,System.Runtime,dotnet.gc.last_collection.heap.fragmentation.size (By)[gc.heap.generation=gen2],Metric,21298544
06/08/2026 11:49:37,System.Runtime,dotnet.gc.last_collection.heap.fragmentation.size (By)[gc.heap.generation=poh],Metric,0
06/08/2026 11:49:37,Microsoft.AspNetCore.Hosting,http.server.active_requests ({request})[http.request.method=POST;url.scheme=http],Metric,0
06/08/2026 11:49:37,Microsoft.AspNetCore.Hosting,http.server.active_requests ({request})[http.request.method=GET;url.scheme=http],Metric,0
06/08/2026 11:49:37,System.Runtime,dotnet.process.memory.working_set (By),Metric,533291008
06/08/2026 11:49:37,System.Runtime,dotnet.thread_pool.queue.length ({work_item} / 1 sec),Rate,0
06/08/2026 11:49:37,Npgsql,db.client.operation.npgsql.bytes_written (By / 1 sec)[db.client.connection.pool.name=Host=127.0.0.1;Port=5432;Username=postgres;Database=myapp_load;Maximum Pool Size=500],Rate,0
06/08/2026 11:49:37,System.Runtime,dotnet.assembly.count ({assembly}),Metric,156
06/08/2026 11:49:37,System.Runtime,dotnet.jit.compiled_methods ({method} / 1 sec),Rate,0
06/08/2026 11:49:38,System.Runtime,dotnet.gc.last_collection.memory.committed_size (By),Metric,351100928
06/08/2026 11:49:38,Npgsql,db.client.connection.npgsql.pending_requests ({request})[db.client.connection.pool.name=Host=127.0.0.1;Port=5432;Username=postgres;Database=myapp_load;Maximum Pool Size=500],Metric,0
06/08/2026 11:49:38,Npgsql,db.client.connection.max ({connection})[db.client.connection.pool.name=Host=127.0.0.1;Port=5432;Username=postgres;Database=myapp_load;Maximum Pool Size=500],Metric,500
06/08/2026 11:49:38,Npgsql,db.client.connection.count ({connection})[db.client.connection.pool.name=Host=127.0.0.1;Port=5432;Username=postgres;Database=myapp_load;Maximum Pool Size=500;db.client.connection.state=used],Metric,0
06/08/2026 11:49:38,Npgsql,db.client.connection.count ({connection})[db.client.connection.pool.name=Host=127.0.0.1;Port=5432;Username=postgres;Database=myapp_load;Maximum Pool Size=500;db.client.connection.state=idle],Metric,215
06/08/2026 11:49:38,Npgsql,db.client.operation.npgsql.bytes_read (By / 1 sec)[db.client.connection.pool.name=Host=127.0.0.1;Port=5432;Username=postgres;Database=myapp_load;Maximum Pool Size=500],Rate,0
06/08/2026 11:49:38,System.Runtime,dotnet.gc.collections ({collection} / 1 sec)[gc.heap.generation=gen1],Rate,0
06/08/2026 11:49:38,System.Runtime,dotnet.gc.collections ({collection} / 1 sec)[gc.heap.generation=gen0],Rate,0
06/08/2026 11:49:38,System.Runtime,dotnet.gc.collections ({collection} / 1 sec)[gc.heap.generation=gen2],Rate,0
06/08/2026 11:49:38,Npgsql,db.client.operation.npgsql.executing ({command})[db.client.connection.pool.name=Host=127.0.0.1;Port=5432;Username=postgres;Database=myapp_load;Maximum Pool Size=500],Metric,0
06/08/2026 11:49:38,System.Runtime,dotnet.thread_pool.work_item.count ({work_item} / 1 sec),Rate,4
06/08/2026 11:49:38,System.Runtime,dotnet.gc.pause.time (s / 1 sec),Rate,0
06/08/2026 11:49:38,System.Runtime,dotnet.timer.count ({timer}),Metric,4
06/08/2026 11:49:38,System.Runtime,dotnet.jit.compilation.time (s / 1 sec),Rate,0.032423699999998945
06/08/2026 11:49:38,System.Runtime,dotnet.gc.last_collection.heap.size (By)[gc.heap.generation=gen1],Metric,91178840
06/08/2026 11:49:38,System.Runtime,dotnet.gc.last_collection.heap.size (By)[gc.heap.generation=loh],Metric,4626696
06/08/2026 11:49:38,System.Runtime,dotnet.gc.last_collection.heap.size (By)[gc.heap.generation=gen0],Metric,24220608
06/08/2026 11:49:38,System.Runtime,dotnet.gc.last_collection.heap.size (By)[gc.heap.generation=gen2],Metric,146917608
06/08/2026 11:49:38,System.Runtime,dotnet.gc.last_collection.heap.size (By)[gc.heap.generation=poh],Metric,3370720
06/08/2026 11:49:38,System.Runtime,dotnet.process.cpu.time (s / 1 sec)[cpu.mode=user],Rate,0.046875
06/08/2026 11:49:38,System.Runtime,dotnet.process.cpu.time (s / 1 sec)[cpu.mode=system],Rate,0
06/08/2026 11:49:38,System.Runtime,dotnet.jit.compiled_il.size (By / 1 sec),Rate,2533
06/08/2026 11:49:38,System.Runtime,dotnet.gc.heap.total_allocated (By / 1 sec),Rate,285384
06/08/2026 11:49:38,System.Runtime,dotnet.process.cpu.count ({cpu}),Metric,20
06/08/2026 11:49:38,System.Runtime,dotnet.monitor.lock_contentions ({contention} / 1 sec),Rate,0
06/08/2026 11:49:38,System.Runtime,dotnet.thread_pool.thread.count ({thread} / 1 sec),Rate,-2
06/08/2026 11:49:38,System.Runtime,dotnet.exceptions ({exception} / 1 sec)[error.type=SocketException],Rate,2
06/08/2026 11:49:38,System.Runtime,dotnet.exceptions ({exception} / 1 sec)[error.type=TaskCanceledException],Rate,0
06/08/2026 11:49:38,System.Runtime,dotnet.exceptions ({exception} / 1 sec)[error.type=HttpRequestException],Rate,11
06/08/2026 11:49:38,System.Runtime,dotnet.exceptions ({exception} / 1 sec)[error.type=NpgsqlException],Rate,0
06/08/2026 11:49:38,System.Runtime,dotnet.exceptions ({exception} / 1 sec)[error.type=OperationCanceledException],Rate,0
06/08/2026 11:49:38,System.Runtime,dotnet.gc.last_collection.heap.fragmentation.size (By)[gc.heap.generation=gen1],Metric,42889936
06/08/2026 11:49:38,System.Runtime,dotnet.gc.last_collection.heap.fragmentation.size (By)[gc.heap.generation=loh],Metric,768
06/08/2026 11:49:38,System.Runtime,dotnet.gc.last_collection.heap.fragmentation.size (By)[gc.heap.generation=gen0],Metric,24047344
06/08/2026 11:49:38,System.Runtime,dotnet.gc.last_collection.heap.fragmentation.size (By)[gc.heap.generation=gen2],Metric,21298544
06/08/2026 11:49:38,System.Runtime,dotnet.gc.last_collection.heap.fragmentation.size (By)[gc.heap.generation=poh],Metric,0
06/08/2026 11:49:38,Microsoft.AspNetCore.Hosting,http.server.active_requests ({request})[http.request.method=POST;url.scheme=http],Metric,0
06/08/2026 11:49:38,Microsoft.AspNetCore.Hosting,http.server.active_requests ({request})[http.request.method=GET;url.scheme=http],Metric,0
06/08/2026 11:49:38,System.Runtime,dotnet.process.memory.working_set (By),Metric,533180416
06/08/2026 11:49:38,System.Runtime,dotnet.thread_pool.queue.length ({work_item} / 1 sec),Rate,0
06/08/2026 11:49:38,Npgsql,db.client.operation.npgsql.bytes_written (By / 1 sec)[db.client.connection.pool.name=Host=127.0.0.1;Port=5432;Username=postgres;Database=myapp_load;Maximum Pool Size=500],Rate,0
06/08/2026 11:49:38,System.Runtime,dotnet.assembly.count ({assembly}),Metric,156
06/08/2026 11:49:38,System.Runtime,dotnet.jit.compiled_methods ({method} / 1 sec),Rate,10
06/08/2026 11:49:39,System.Runtime,dotnet.gc.last_collection.memory.committed_size (By),Metric,408629248
06/08/2026 11:49:39,Npgsql,db.client.connection.npgsql.pending_requests ({request})[db.client.connection.pool.name=Host=127.0.0.1;Port=5432;Username=postgres;Database=myapp_load;Maximum Pool Size=500],Metric,0
06/08/2026 11:49:39,Npgsql,db.client.connection.max ({connection})[db.client.connection.pool.name=Host=127.0.0.1;Port=5432;Username=postgres;Database=myapp_load;Maximum Pool Size=500],Metric,500
06/08/2026 11:49:39,Npgsql,db.client.connection.count ({connection})[db.client.connection.pool.name=Host=127.0.0.1;Port=5432;Username=postgres;Database=myapp_load;Maximum Pool Size=500;db.client.connection.state=used],Metric,0
06/08/2026 11:49:39,Npgsql,db.client.connection.count ({connection})[db.client.connection.pool.name=Host=127.0.0.1;Port=5432;Username=postgres;Database=myapp_load;Maximum Pool Size=500;db.client.connection.state=idle],Metric,215
06/08/2026 11:49:39,Npgsql,db.client.operation.npgsql.bytes_read (By / 1 sec)[db.client.connection.pool.name=Host=127.0.0.1;Port=5432;Username=postgres;Database=myapp_load;Maximum Pool Size=500],Rate,0
06/08/2026 11:49:39,System.Runtime,dotnet.gc.collections ({collection} / 1 sec)[gc.heap.generation=gen1],Rate,0
06/08/2026 11:49:39,System.Runtime,dotnet.gc.collections ({collection} / 1 sec)[gc.heap.generation=gen0],Rate,1
06/08/2026 11:49:39,System.Runtime,dotnet.gc.collections ({collection} / 1 sec)[gc.heap.generation=gen2],Rate,0
06/08/2026 11:49:39,Npgsql,db.client.operation.npgsql.executing ({command})[db.client.connection.pool.name=Host=127.0.0.1;Port=5432;Username=postgres;Database=myapp_load;Maximum Pool Size=500],Metric,0
06/08/2026 11:49:39,System.Runtime,dotnet.thread_pool.work_item.count ({work_item} / 1 sec),Rate,1
06/08/2026 11:49:39,System.Runtime,dotnet.gc.pause.time (s / 1 sec),Rate,0.04297299999999993
06/08/2026 11:49:39,System.Runtime,dotnet.timer.count ({timer}),Metric,4
06/08/2026 11:49:39,System.Runtime,dotnet.jit.compilation.time (s / 1 sec),Rate,0
06/08/2026 11:49:39,System.Runtime,dotnet.gc.last_collection.heap.size (By)[gc.heap.generation=gen1],Metric,91178840
06/08/2026 11:49:39,System.Runtime,dotnet.gc.last_collection.heap.size (By)[gc.heap.generation=loh],Metric,4626696
06/08/2026 11:49:39,System.Runtime,dotnet.gc.last_collection.heap.size (By)[gc.heap.generation=gen0],Metric,0
06/08/2026 11:49:39,System.Runtime,dotnet.gc.last_collection.heap.size (By)[gc.heap.generation=gen2],Metric,146917608
06/08/2026 11:49:39,System.Runtime,dotnet.gc.last_collection.heap.size (By)[gc.heap.generation=poh],Metric,3374840
06/08/2026 11:49:39,System.Runtime,dotnet.process.cpu.time (s / 1 sec)[cpu.mode=user],Rate,0.125
06/08/2026 11:49:39,System.Runtime,dotnet.process.cpu.time (s / 1 sec)[cpu.mode=system],Rate,0
06/08/2026 11:49:39,System.Runtime,dotnet.jit.compiled_il.size (By / 1 sec),Rate,0
06/08/2026 11:49:39,System.Runtime,dotnet.gc.heap.total_allocated (By / 1 sec),Rate,122544
06/08/2026 11:49:39,System.Runtime,dotnet.process.cpu.count ({cpu}),Metric,20
06/08/2026 11:49:39,System.Runtime,dotnet.monitor.lock_contentions ({contention} / 1 sec),Rate,0
06/08/2026 11:49:39,System.Runtime,dotnet.thread_pool.thread.count ({thread} / 1 sec),Rate,0
06/08/2026 11:49:39,System.Runtime,dotnet.exceptions ({exception} / 1 sec)[error.type=SocketException],Rate,0
06/08/2026 11:49:39,System.Runtime,dotnet.exceptions ({exception} / 1 sec)[error.type=TaskCanceledException],Rate,0
06/08/2026 11:49:39,System.Runtime,dotnet.exceptions ({exception} / 1 sec)[error.type=HttpRequestException],Rate,0
06/08/2026 11:49:39,System.Runtime,dotnet.exceptions ({exception} / 1 sec)[error.type=NpgsqlException],Rate,0
06/08/2026 11:49:39,System.Runtime,dotnet.exceptions ({exception} / 1 sec)[error.type=OperationCanceledException],Rate,0
06/08/2026 11:49:39,System.Runtime,dotnet.gc.last_collection.heap.fragmentation.size (By)[gc.heap.generation=gen1],Metric,29842648
06/08/2026 11:49:39,System.Runtime,dotnet.gc.last_collection.heap.fragmentation.size (By)[gc.heap.generation=loh],Metric,768
06/08/2026 11:49:39,System.Runtime,dotnet.gc.last_collection.heap.fragmentation.size (By)[gc.heap.generation=gen0],Metric,0
06/08/2026 11:49:39,System.Runtime,dotnet.gc.last_collection.heap.fragmentation.size (By)[gc.heap.generation=gen2],Metric,21298544
06/08/2026 11:49:39,System.Runtime,dotnet.gc.last_collection.heap.fragmentation.size (By)[gc.heap.generation=poh],Metric,0
06/08/2026 11:49:39,Microsoft.AspNetCore.Hosting,http.server.active_requests ({request})[http.request.method=POST;url.scheme=http],Metric,0
06/08/2026 11:49:39,Microsoft.AspNetCore.Hosting,http.server.active_requests ({request})[http.request.method=GET;url.scheme=http],Metric,0
06/08/2026 11:49:39,System.Runtime,dotnet.process.memory.working_set (By),Metric,533463040
06/08/2026 11:49:39,System.Runtime,dotnet.thread_pool.queue.length ({work_item} / 1 sec),Rate,0
06/08/2026 11:49:39,Npgsql,db.client.operation.npgsql.bytes_written (By / 1 sec)[db.client.connection.pool.name=Host=127.0.0.1;Port=5432;Username=postgres;Database=myapp_load;Maximum Pool Size=500],Rate,0
06/08/2026 11:49:39,System.Runtime,dotnet.assembly.count ({assembly}),Metric,156
06/08/2026 11:49:39,System.Runtime,dotnet.jit.compiled_methods ({method} / 1 sec),Rate,0
06/08/2026 11:49:40,System.Runtime,dotnet.gc.last_collection.memory.committed_size (By),Metric,408629248
06/08/2026 11:49:40,Npgsql,db.client.connection.npgsql.pending_requests ({request})[db.client.connection.pool.name=Host=127.0.0.1;Port=5432;Username=postgres;Database=myapp_load;Maximum Pool Size=500],Metric,0
06/08/2026 11:49:40,Npgsql,db.client.connection.max ({connection})[db.client.connection.pool.name=Host=127.0.0.1;Port=5432;Username=postgres;Database=myapp_load;Maximum Pool Size=500],Metric,500
06/08/2026 11:49:40,Npgsql,db.client.connection.count ({connection})[db.client.connection.pool.name=Host=127.0.0.1;Port=5432;Username=postgres;Database=myapp_load;Maximum Pool Size=500;db.client.connection.state=used],Metric,0
06/08/2026 11:49:40,Npgsql,db.client.connection.count ({connection})[db.client.connection.pool.name=Host=127.0.0.1;Port=5432;Username=postgres;Database=myapp_load;Maximum Pool Size=500;db.client.connection.state=idle],Metric,215
06/08/2026 11:49:40,Npgsql,db.client.operation.npgsql.bytes_read (By / 1 sec)[db.client.connection.pool.name=Host=127.0.0.1;Port=5432;Username=postgres;Database=myapp_load;Maximum Pool Size=500],Rate,0
06/08/2026 11:49:40,System.Runtime,dotnet.gc.collections ({collection} / 1 sec)[gc.heap.generation=gen1],Rate,0
06/08/2026 11:49:40,System.Runtime,dotnet.gc.collections ({collection} / 1 sec)[gc.heap.generation=gen0],Rate,0
06/08/2026 11:49:40,System.Runtime,dotnet.gc.collections ({collection} / 1 sec)[gc.heap.generation=gen2],Rate,0
06/08/2026 11:49:40,Npgsql,db.client.operation.npgsql.executing ({command})[db.client.connection.pool.name=Host=127.0.0.1;Port=5432;Username=postgres;Database=myapp_load;Maximum Pool Size=500],Metric,0
06/08/2026 11:49:40,System.Runtime,dotnet.thread_pool.work_item.count ({work_item} / 1 sec),Rate,2
06/08/2026 11:49:40,System.Runtime,dotnet.gc.pause.time (s / 1 sec),Rate,0
06/08/2026 11:49:40,System.Runtime,dotnet.timer.count ({timer}),Metric,4
06/08/2026 11:49:40,System.Runtime,dotnet.jit.compilation.time (s / 1 sec),Rate,0.002391899999999225
06/08/2026 11:49:40,System.Runtime,dotnet.gc.last_collection.heap.size (By)[gc.heap.generation=gen1],Metric,91178840
06/08/2026 11:49:40,System.Runtime,dotnet.gc.last_collection.heap.size (By)[gc.heap.generation=loh],Metric,4626696
06/08/2026 11:49:40,System.Runtime,dotnet.gc.last_collection.heap.size (By)[gc.heap.generation=gen0],Metric,0
06/08/2026 11:49:40,System.Runtime,dotnet.gc.last_collection.heap.size (By)[gc.heap.generation=gen2],Metric,146917608
06/08/2026 11:49:40,System.Runtime,dotnet.gc.last_collection.heap.size (By)[gc.heap.generation=poh],Metric,3374840
06/08/2026 11:49:40,System.Runtime,dotnet.process.cpu.time (s / 1 sec)[cpu.mode=user],Rate,0
06/08/2026 11:49:40,System.Runtime,dotnet.process.cpu.time (s / 1 sec)[cpu.mode=system],Rate,0
06/08/2026 11:49:40,System.Runtime,dotnet.jit.compiled_il.size (By / 1 sec),Rate,191
06/08/2026 11:49:40,System.Runtime,dotnet.gc.heap.total_allocated (By / 1 sec),Rate,254080
06/08/2026 11:49:40,System.Runtime,dotnet.process.cpu.count ({cpu}),Metric,20
06/08/2026 11:49:40,System.Runtime,dotnet.monitor.lock_contentions ({contention} / 1 sec),Rate,0
06/08/2026 11:49:40,System.Runtime,dotnet.thread_pool.thread.count ({thread} / 1 sec),Rate,0
06/08/2026 11:49:40,System.Runtime,dotnet.exceptions ({exception} / 1 sec)[error.type=SocketException],Rate,0
06/08/2026 11:49:40,System.Runtime,dotnet.exceptions ({exception} / 1 sec)[error.type=TaskCanceledException],Rate,0
06/08/2026 11:49:40,System.Runtime,dotnet.exceptions ({exception} / 1 sec)[error.type=HttpRequestException],Rate,0
06/08/2026 11:49:40,System.Runtime,dotnet.exceptions ({exception} / 1 sec)[error.type=NpgsqlException],Rate,0
06/08/2026 11:49:40,System.Runtime,dotnet.exceptions ({exception} / 1 sec)[error.type=OperationCanceledException],Rate,0
06/08/2026 11:49:40,System.Runtime,dotnet.gc.last_collection.heap.fragmentation.size (By)[gc.heap.generation=gen1],Metric,29842648
06/08/2026 11:49:40,System.Runtime,dotnet.gc.last_collection.heap.fragmentation.size (By)[gc.heap.generation=loh],Metric,768
06/08/2026 11:49:40,System.Runtime,dotnet.gc.last_collection.heap.fragmentation.size (By)[gc.heap.generation=gen0],Metric,0
06/08/2026 11:49:40,System.Runtime,dotnet.gc.last_collection.heap.fragmentation.size (By)[gc.heap.generation=gen2],Metric,21298544
06/08/2026 11:49:40,System.Runtime,dotnet.gc.last_collection.heap.fragmentation.size (By)[gc.heap.generation=poh],Metric,0
06/08/2026 11:49:40,Microsoft.AspNetCore.Hosting,http.server.active_requests ({request})[http.request.method=POST;url.scheme=http],Metric,0
06/08/2026 11:49:40,Microsoft.AspNetCore.Hosting,http.server.active_requests ({request})[http.request.method=GET;url.scheme=http],Metric,0
06/08/2026 11:49:40,System.Runtime,dotnet.process.memory.working_set (By),Metric,533463040
06/08/2026 11:49:40,System.Runtime,dotnet.thread_pool.queue.length ({work_item} / 1 sec),Rate,0
06/08/2026 11:49:40,Npgsql,db.client.operation.npgsql.bytes_written (By / 1 sec)[db.client.connection.pool.name=Host=127.0.0.1;Port=5432;Username=postgres;Database=myapp_load;Maximum Pool Size=500],Rate,0
06/08/2026 11:49:40,System.Runtime,dotnet.assembly.count ({assembly}),Metric,156
06/08/2026 11:49:40,System.Runtime,dotnet.jit.compiled_methods ({method} / 1 sec),Rate,2
06/08/2026 11:49:41,System.Runtime,dotnet.gc.last_collection.memory.committed_size (By),Metric,408629248
06/08/2026 11:49:41,Npgsql,db.client.connection.npgsql.pending_requests ({request})[db.client.connection.pool.name=Host=127.0.0.1;Port=5432;Username=postgres;Database=myapp_load;Maximum Pool Size=500],Metric,0
06/08/2026 11:49:41,Npgsql,db.client.connection.max ({connection})[db.client.connection.pool.name=Host=127.0.0.1;Port=5432;Username=postgres;Database=myapp_load;Maximum Pool Size=500],Metric,500
06/08/2026 11:49:41,Npgsql,db.client.connection.count ({connection})[db.client.connection.pool.name=Host=127.0.0.1;Port=5432;Username=postgres;Database=myapp_load;Maximum Pool Size=500;db.client.connection.state=used],Metric,0
06/08/2026 11:49:41,Npgsql,db.client.connection.count ({connection})[db.client.connection.pool.name=Host=127.0.0.1;Port=5432;Username=postgres;Database=myapp_load;Maximum Pool Size=500;db.client.connection.state=idle],Metric,215
06/08/2026 11:49:41,Npgsql,db.client.operation.npgsql.bytes_read (By / 1 sec)[db.client.connection.pool.name=Host=127.0.0.1;Port=5432;Username=postgres;Database=myapp_load;Maximum Pool Size=500],Rate,0
06/08/2026 11:49:41,System.Runtime,dotnet.gc.collections ({collection} / 1 sec)[gc.heap.generation=gen1],Rate,0
06/08/2026 11:49:41,System.Runtime,dotnet.gc.collections ({collection} / 1 sec)[gc.heap.generation=gen0],Rate,0
06/08/2026 11:49:41,System.Runtime,dotnet.gc.collections ({collection} / 1 sec)[gc.heap.generation=gen2],Rate,0
06/08/2026 11:49:41,Npgsql,db.client.operation.npgsql.executing ({command})[db.client.connection.pool.name=Host=127.0.0.1;Port=5432;Username=postgres;Database=myapp_load;Maximum Pool Size=500],Metric,0
06/08/2026 11:49:41,System.Runtime,dotnet.thread_pool.work_item.count ({work_item} / 1 sec),Rate,1
06/08/2026 11:49:41,System.Runtime,dotnet.gc.pause.time (s / 1 sec),Rate,0
06/08/2026 11:49:41,System.Runtime,dotnet.timer.count ({timer}),Metric,4
06/08/2026 11:49:41,System.Runtime,dotnet.jit.compilation.time (s / 1 sec),Rate,0
06/08/2026 11:49:41,System.Runtime,dotnet.gc.last_collection.heap.size (By)[gc.heap.generation=gen1],Metric,91178840
06/08/2026 11:49:41,System.Runtime,dotnet.gc.last_collection.heap.size (By)[gc.heap.generation=loh],Metric,4626696
06/08/2026 11:49:41,System.Runtime,dotnet.gc.last_collection.heap.size (By)[gc.heap.generation=gen0],Metric,0
06/08/2026 11:49:41,System.Runtime,dotnet.gc.last_collection.heap.size (By)[gc.heap.generation=gen2],Metric,146917608
06/08/2026 11:49:41,System.Runtime,dotnet.gc.last_collection.heap.size (By)[gc.heap.generation=poh],Metric,3374840
06/08/2026 11:49:41,System.Runtime,dotnet.process.cpu.time (s / 1 sec)[cpu.mode=user],Rate,0
06/08/2026 11:49:41,System.Runtime,dotnet.process.cpu.time (s / 1 sec)[cpu.mode=system],Rate,0
06/08/2026 11:49:41,System.Runtime,dotnet.jit.compiled_il.size (By / 1 sec),Rate,0
06/08/2026 11:49:41,System.Runtime,dotnet.gc.heap.total_allocated (By / 1 sec),Rate,253832
06/08/2026 11:49:41,System.Runtime,dotnet.process.cpu.count ({cpu}),Metric,20
06/08/2026 11:49:41,System.Runtime,dotnet.monitor.lock_contentions ({contention} / 1 sec),Rate,0
06/08/2026 11:49:41,System.Runtime,dotnet.thread_pool.thread.count ({thread} / 1 sec),Rate,0
06/08/2026 11:49:41,System.Runtime,dotnet.exceptions ({exception} / 1 sec)[error.type=SocketException],Rate,0
06/08/2026 11:49:41,System.Runtime,dotnet.exceptions ({exception} / 1 sec)[error.type=TaskCanceledException],Rate,0
06/08/2026 11:49:41,System.Runtime,dotnet.exceptions ({exception} / 1 sec)[error.type=HttpRequestException],Rate,0
06/08/2026 11:49:41,System.Runtime,dotnet.exceptions ({exception} / 1 sec)[error.type=NpgsqlException],Rate,0
06/08/2026 11:49:41,System.Runtime,dotnet.exceptions ({exception} / 1 sec)[error.type=OperationCanceledException],Rate,0
06/08/2026 11:49:41,System.Runtime,dotnet.gc.last_collection.heap.fragmentation.size (By)[gc.heap.generation=gen1],Metric,29842648
06/08/2026 11:49:41,System.Runtime,dotnet.gc.last_collection.heap.fragmentation.size (By)[gc.heap.generation=loh],Metric,768
06/08/2026 11:49:41,System.Runtime,dotnet.gc.last_collection.heap.fragmentation.size (By)[gc.heap.generation=gen0],Metric,0
06/08/2026 11:49:41,System.Runtime,dotnet.gc.last_collection.heap.fragmentation.size (By)[gc.heap.generation=gen2],Metric,21298544
06/08/2026 11:49:41,System.Runtime,dotnet.gc.last_collection.heap.fragmentation.size (By)[gc.heap.generation=poh],Metric,0
06/08/2026 11:49:41,Microsoft.AspNetCore.Hosting,http.server.active_requests ({request})[http.request.method=POST;url.scheme=http],Metric,0
06/08/2026 11:49:41,Microsoft.AspNetCore.Hosting,http.server.active_requests ({request})[http.request.method=GET;url.scheme=http],Metric,0
06/08/2026 11:49:41,System.Runtime,dotnet.process.memory.working_set (By),Metric,533463040
06/08/2026 11:49:41,System.Runtime,dotnet.thread_pool.queue.length ({work_item} / 1 sec),Rate,0
06/08/2026 11:49:41,Npgsql,db.client.operation.npgsql.bytes_written (By / 1 sec)[db.client.connection.pool.name=Host=127.0.0.1;Port=5432;Username=postgres;Database=myapp_load;Maximum Pool Size=500],Rate,0
06/08/2026 11:49:41,System.Runtime,dotnet.assembly.count ({assembly}),Metric,156
06/08/2026 11:49:41,System.Runtime,dotnet.jit.compiled_methods ({method} / 1 sec),Rate,0
06/08/2026 11:49:42,System.Runtime,dotnet.gc.last_collection.memory.committed_size (By),Metric,408629248
06/08/2026 11:49:42,Npgsql,db.client.connection.npgsql.pending_requests ({request})[db.client.connection.pool.name=Host=127.0.0.1;Port=5432;Username=postgres;Database=myapp_load;Maximum Pool Size=500],Metric,0
06/08/2026 11:49:42,Npgsql,db.client.connection.max ({connection})[db.client.connection.pool.name=Host=127.0.0.1;Port=5432;Username=postgres;Database=myapp_load;Maximum Pool Size=500],Metric,500
06/08/2026 11:49:42,Npgsql,db.client.connection.count ({connection})[db.client.connection.pool.name=Host=127.0.0.1;Port=5432;Username=postgres;Database=myapp_load;Maximum Pool Size=500;db.client.connection.state=used],Metric,0
06/08/2026 11:49:42,Npgsql,db.client.connection.count ({connection})[db.client.connection.pool.name=Host=127.0.0.1;Port=5432;Username=postgres;Database=myapp_load;Maximum Pool Size=500;db.client.connection.state=idle],Metric,215
06/08/2026 11:49:42,Npgsql,db.client.operation.npgsql.bytes_read (By / 1 sec)[db.client.connection.pool.name=Host=127.0.0.1;Port=5432;Username=postgres;Database=myapp_load;Maximum Pool Size=500],Rate,0
06/08/2026 11:49:42,System.Runtime,dotnet.gc.collections ({collection} / 1 sec)[gc.heap.generation=gen1],Rate,0
06/08/2026 11:49:42,System.Runtime,dotnet.gc.collections ({collection} / 1 sec)[gc.heap.generation=gen0],Rate,0
06/08/2026 11:49:42,System.Runtime,dotnet.gc.collections ({collection} / 1 sec)[gc.heap.generation=gen2],Rate,0
06/08/2026 11:49:42,Npgsql,db.client.operation.npgsql.executing ({command})[db.client.connection.pool.name=Host=127.0.0.1;Port=5432;Username=postgres;Database=myapp_load;Maximum Pool Size=500],Metric,0
06/08/2026 11:49:42,System.Runtime,dotnet.thread_pool.work_item.count ({work_item} / 1 sec),Rate,4
06/08/2026 11:49:42,System.Runtime,dotnet.gc.pause.time (s / 1 sec),Rate,0
06/08/2026 11:49:42,System.Runtime,dotnet.timer.count ({timer}),Metric,4
06/08/2026 11:49:42,System.Runtime,dotnet.jit.compilation.time (s / 1 sec),Rate,0.005629200000001333
06/08/2026 11:49:42,System.Runtime,dotnet.gc.last_collection.heap.size (By)[gc.heap.generation=gen1],Metric,91178840
06/08/2026 11:49:42,System.Runtime,dotnet.gc.last_collection.heap.size (By)[gc.heap.generation=loh],Metric,4626696
06/08/2026 11:49:42,System.Runtime,dotnet.gc.last_collection.heap.size (By)[gc.heap.generation=gen0],Metric,0
06/08/2026 11:49:42,System.Runtime,dotnet.gc.last_collection.heap.size (By)[gc.heap.generation=gen2],Metric,146917608
06/08/2026 11:49:42,System.Runtime,dotnet.gc.last_collection.heap.size (By)[gc.heap.generation=poh],Metric,3374840
06/08/2026 11:49:42,System.Runtime,dotnet.process.cpu.time (s / 1 sec)[cpu.mode=user],Rate,0
06/08/2026 11:49:42,System.Runtime,dotnet.process.cpu.time (s / 1 sec)[cpu.mode=system],Rate,0
06/08/2026 11:49:42,System.Runtime,dotnet.jit.compiled_il.size (By / 1 sec),Rate,400
06/08/2026 11:49:42,System.Runtime,dotnet.gc.heap.total_allocated (By / 1 sec),Rate,286928
06/08/2026 11:49:42,System.Runtime,dotnet.process.cpu.count ({cpu}),Metric,20
06/08/2026 11:49:42,System.Runtime,dotnet.monitor.lock_contentions ({contention} / 1 sec),Rate,0
06/08/2026 11:49:42,System.Runtime,dotnet.thread_pool.thread.count ({thread} / 1 sec),Rate,0
06/08/2026 11:49:42,System.Runtime,dotnet.exceptions ({exception} / 1 sec)[error.type=SocketException],Rate,2
06/08/2026 11:49:42,System.Runtime,dotnet.exceptions ({exception} / 1 sec)[error.type=TaskCanceledException],Rate,0
06/08/2026 11:49:42,System.Runtime,dotnet.exceptions ({exception} / 1 sec)[error.type=HttpRequestException],Rate,11
06/08/2026 11:49:42,System.Runtime,dotnet.exceptions ({exception} / 1 sec)[error.type=NpgsqlException],Rate,0
06/08/2026 11:49:42,System.Runtime,dotnet.exceptions ({exception} / 1 sec)[error.type=OperationCanceledException],Rate,0
06/08/2026 11:49:42,System.Runtime,dotnet.gc.last_collection.heap.fragmentation.size (By)[gc.heap.generation=gen1],Metric,29842648
06/08/2026 11:49:42,System.Runtime,dotnet.gc.last_collection.heap.fragmentation.size (By)[gc.heap.generation=loh],Metric,768
06/08/2026 11:49:42,System.Runtime,dotnet.gc.last_collection.heap.fragmentation.size (By)[gc.heap.generation=gen0],Metric,0
06/08/2026 11:49:42,System.Runtime,dotnet.gc.last_collection.heap.fragmentation.size (By)[gc.heap.generation=gen2],Metric,21298544
06/08/2026 11:49:42,System.Runtime,dotnet.gc.last_collection.heap.fragmentation.size (By)[gc.heap.generation=poh],Metric,0
06/08/2026 11:49:42,Microsoft.AspNetCore.Hosting,http.server.active_requests ({request})[http.request.method=POST;url.scheme=http],Metric,0
06/08/2026 11:49:42,Microsoft.AspNetCore.Hosting,http.server.active_requests ({request})[http.request.method=GET;url.scheme=http],Metric,0
06/08/2026 11:49:42,System.Runtime,dotnet.process.memory.working_set (By),Metric,530460672
06/08/2026 11:49:42,System.Runtime,dotnet.thread_pool.queue.length ({work_item} / 1 sec),Rate,0
06/08/2026 11:49:42,Npgsql,db.client.operation.npgsql.bytes_written (By / 1 sec)[db.client.connection.pool.name=Host=127.0.0.1;Port=5432;Username=postgres;Database=myapp_load;Maximum Pool Size=500],Rate,0
06/08/2026 11:49:42,System.Runtime,dotnet.assembly.count ({assembly}),Metric,156
06/08/2026 11:49:42,System.Runtime,dotnet.jit.compiled_methods ({method} / 1 sec),Rate,5
06/08/2026 11:49:43,System.Runtime,dotnet.gc.last_collection.memory.committed_size (By),Metric,408629248
06/08/2026 11:49:43,Npgsql,db.client.connection.npgsql.pending_requests ({request})[db.client.connection.pool.name=Host=127.0.0.1;Port=5432;Username=postgres;Database=myapp_load;Maximum Pool Size=500],Metric,0
06/08/2026 11:49:43,Npgsql,db.client.connection.max ({connection})[db.client.connection.pool.name=Host=127.0.0.1;Port=5432;Username=postgres;Database=myapp_load;Maximum Pool Size=500],Metric,500
06/08/2026 11:49:43,Npgsql,db.client.connection.count ({connection})[db.client.connection.pool.name=Host=127.0.0.1;Port=5432;Username=postgres;Database=myapp_load;Maximum Pool Size=500;db.client.connection.state=used],Metric,0
06/08/2026 11:49:43,Npgsql,db.client.connection.count ({connection})[db.client.connection.pool.name=Host=127.0.0.1;Port=5432;Username=postgres;Database=myapp_load;Maximum Pool Size=500;db.client.connection.state=idle],Metric,215
06/08/2026 11:49:43,Npgsql,db.client.operation.npgsql.bytes_read (By / 1 sec)[db.client.connection.pool.name=Host=127.0.0.1;Port=5432;Username=postgres;Database=myapp_load;Maximum Pool Size=500],Rate,0
06/08/2026 11:49:43,System.Runtime,dotnet.gc.collections ({collection} / 1 sec)[gc.heap.generation=gen1],Rate,0
06/08/2026 11:49:43,System.Runtime,dotnet.gc.collections ({collection} / 1 sec)[gc.heap.generation=gen0],Rate,0
06/08/2026 11:49:43,System.Runtime,dotnet.gc.collections ({collection} / 1 sec)[gc.heap.generation=gen2],Rate,0
06/08/2026 11:49:43,Npgsql,db.client.operation.npgsql.executing ({command})[db.client.connection.pool.name=Host=127.0.0.1;Port=5432;Username=postgres;Database=myapp_load;Maximum Pool Size=500],Metric,0
06/08/2026 11:49:43,System.Runtime,dotnet.thread_pool.work_item.count ({work_item} / 1 sec),Rate,12938
06/08/2026 11:49:43,System.Runtime,dotnet.gc.pause.time (s / 1 sec),Rate,0
06/08/2026 11:49:43,System.Runtime,dotnet.timer.count ({timer}),Metric,4
06/08/2026 11:49:43,System.Runtime,dotnet.jit.compilation.time (s / 1 sec),Rate,0.07713629999999938
06/08/2026 11:49:43,System.Runtime,dotnet.gc.last_collection.heap.size (By)[gc.heap.generation=gen1],Metric,91178840
06/08/2026 11:49:43,System.Runtime,dotnet.gc.last_collection.heap.size (By)[gc.heap.generation=loh],Metric,4626696
06/08/2026 11:49:43,System.Runtime,dotnet.gc.last_collection.heap.size (By)[gc.heap.generation=gen0],Metric,0
06/08/2026 11:49:43,System.Runtime,dotnet.gc.last_collection.heap.size (By)[gc.heap.generation=gen2],Metric,146917608
06/08/2026 11:49:43,System.Runtime,dotnet.gc.last_collection.heap.size (By)[gc.heap.generation=poh],Metric,3374840
06/08/2026 11:49:43,System.Runtime,dotnet.process.cpu.time (s / 1 sec)[cpu.mode=user],Rate,0.515625
06/08/2026 11:49:43,System.Runtime,dotnet.process.cpu.time (s / 1 sec)[cpu.mode=system],Rate,0.359375
06/08/2026 11:49:43,System.Runtime,dotnet.jit.compiled_il.size (By / 1 sec),Rate,1121
06/08/2026 11:49:43,System.Runtime,dotnet.gc.heap.total_allocated (By / 1 sec),Rate,6156728
06/08/2026 11:49:43,System.Runtime,dotnet.process.cpu.count ({cpu}),Metric,20
06/08/2026 11:49:43,System.Runtime,dotnet.monitor.lock_contentions ({contention} / 1 sec),Rate,32
06/08/2026 11:49:43,System.Runtime,dotnet.thread_pool.thread.count ({thread} / 1 sec),Rate,0
06/08/2026 11:49:43,System.Runtime,dotnet.exceptions ({exception} / 1 sec)[error.type=SocketException],Rate,0
06/08/2026 11:49:43,System.Runtime,dotnet.exceptions ({exception} / 1 sec)[error.type=TaskCanceledException],Rate,0
06/08/2026 11:49:43,System.Runtime,dotnet.exceptions ({exception} / 1 sec)[error.type=HttpRequestException],Rate,0
06/08/2026 11:49:43,System.Runtime,dotnet.exceptions ({exception} / 1 sec)[error.type=ConnectionResetException],Rate,6410
06/08/2026 11:49:43,System.Runtime,dotnet.exceptions ({exception} / 1 sec)[error.type=NpgsqlException],Rate,0
06/08/2026 11:49:43,System.Runtime,dotnet.exceptions ({exception} / 1 sec)[error.type=OperationCanceledException],Rate,0
06/08/2026 11:49:43,System.Runtime,dotnet.gc.last_collection.heap.fragmentation.size (By)[gc.heap.generation=gen1],Metric,29842648
06/08/2026 11:49:43,System.Runtime,dotnet.gc.last_collection.heap.fragmentation.size (By)[gc.heap.generation=loh],Metric,768
06/08/2026 11:49:43,System.Runtime,dotnet.gc.last_collection.heap.fragmentation.size (By)[gc.heap.generation=gen0],Metric,0
06/08/2026 11:49:43,System.Runtime,dotnet.gc.last_collection.heap.fragmentation.size (By)[gc.heap.generation=gen2],Metric,21298544
06/08/2026 11:49:43,System.Runtime,dotnet.gc.last_collection.heap.fragmentation.size (By)[gc.heap.generation=poh],Metric,0
06/08/2026 11:49:43,Microsoft.AspNetCore.Hosting,http.server.active_requests ({request})[http.request.method=POST;url.scheme=http],Metric,0
06/08/2026 11:49:43,Microsoft.AspNetCore.Hosting,http.server.active_requests ({request})[http.request.method=GET;url.scheme=http],Metric,0
06/08/2026 11:49:43,System.Runtime,dotnet.process.memory.working_set (By),Metric,529301504
06/08/2026 11:49:43,System.Runtime,dotnet.thread_pool.queue.length ({work_item} / 1 sec),Rate,0
06/08/2026 11:49:43,Npgsql,db.client.operation.npgsql.bytes_written (By / 1 sec)[db.client.connection.pool.name=Host=127.0.0.1;Port=5432;Username=postgres;Database=myapp_load;Maximum Pool Size=500],Rate,0
06/08/2026 11:49:43,System.Runtime,dotnet.assembly.count ({assembly}),Metric,156
06/08/2026 11:49:43,System.Runtime,dotnet.jit.compiled_methods ({method} / 1 sec),Rate,24
06/08/2026 11:49:44,System.Runtime,dotnet.gc.last_collection.memory.committed_size (By),Metric,408629248
06/08/2026 11:49:44,Npgsql,db.client.connection.npgsql.pending_requests ({request})[db.client.connection.pool.name=Host=127.0.0.1;Port=5432;Username=postgres;Database=myapp_load;Maximum Pool Size=500],Metric,0
06/08/2026 11:49:44,Npgsql,db.client.connection.max ({connection})[db.client.connection.pool.name=Host=127.0.0.1;Port=5432;Username=postgres;Database=myapp_load;Maximum Pool Size=500],Metric,500
06/08/2026 11:49:44,Npgsql,db.client.connection.count ({connection})[db.client.connection.pool.name=Host=127.0.0.1;Port=5432;Username=postgres;Database=myapp_load;Maximum Pool Size=500;db.client.connection.state=used],Metric,0
06/08/2026 11:49:44,Npgsql,db.client.connection.count ({connection})[db.client.connection.pool.name=Host=127.0.0.1;Port=5432;Username=postgres;Database=myapp_load;Maximum Pool Size=500;db.client.connection.state=idle],Metric,215
06/08/2026 11:49:44,Npgsql,db.client.operation.npgsql.bytes_read (By / 1 sec)[db.client.connection.pool.name=Host=127.0.0.1;Port=5432;Username=postgres;Database=myapp_load;Maximum Pool Size=500],Rate,0
06/08/2026 11:49:44,System.Runtime,dotnet.gc.collections ({collection} / 1 sec)[gc.heap.generation=gen1],Rate,0
06/08/2026 11:49:44,System.Runtime,dotnet.gc.collections ({collection} / 1 sec)[gc.heap.generation=gen0],Rate,0
06/08/2026 11:49:44,System.Runtime,dotnet.gc.collections ({collection} / 1 sec)[gc.heap.generation=gen2],Rate,0
06/08/2026 11:49:44,Npgsql,db.client.operation.npgsql.executing ({command})[db.client.connection.pool.name=Host=127.0.0.1;Port=5432;Username=postgres;Database=myapp_load;Maximum Pool Size=500],Metric,0
06/08/2026 11:49:44,System.Runtime,dotnet.thread_pool.work_item.count ({work_item} / 1 sec),Rate,2
06/08/2026 11:49:44,System.Runtime,dotnet.gc.pause.time (s / 1 sec),Rate,0
06/08/2026 11:49:44,System.Runtime,dotnet.timer.count ({timer}),Metric,4
06/08/2026 11:49:44,System.Runtime,dotnet.jit.compilation.time (s / 1 sec),Rate,0
06/08/2026 11:49:44,System.Runtime,dotnet.gc.last_collection.heap.size (By)[gc.heap.generation=gen1],Metric,91178840
06/08/2026 11:49:44,System.Runtime,dotnet.gc.last_collection.heap.size (By)[gc.heap.generation=loh],Metric,4626696
06/08/2026 11:49:44,System.Runtime,dotnet.gc.last_collection.heap.size (By)[gc.heap.generation=gen0],Metric,0
06/08/2026 11:49:44,System.Runtime,dotnet.gc.last_collection.heap.size (By)[gc.heap.generation=gen2],Metric,146917608
06/08/2026 11:49:44,System.Runtime,dotnet.gc.last_collection.heap.size (By)[gc.heap.generation=poh],Metric,3374840
06/08/2026 11:49:44,System.Runtime,dotnet.process.cpu.time (s / 1 sec)[cpu.mode=user],Rate,0
06/08/2026 11:49:44,System.Runtime,dotnet.process.cpu.time (s / 1 sec)[cpu.mode=system],Rate,0
06/08/2026 11:49:44,System.Runtime,dotnet.jit.compiled_il.size (By / 1 sec),Rate,0
06/08/2026 11:49:44,System.Runtime,dotnet.gc.heap.total_allocated (By / 1 sec),Rate,254152
06/08/2026 11:49:44,System.Runtime,dotnet.process.cpu.count ({cpu}),Metric,20
06/08/2026 11:49:44,System.Runtime,dotnet.monitor.lock_contentions ({contention} / 1 sec),Rate,0
06/08/2026 11:49:44,System.Runtime,dotnet.thread_pool.thread.count ({thread} / 1 sec),Rate,0
06/08/2026 11:49:44,System.Runtime,dotnet.exceptions ({exception} / 1 sec)[error.type=SocketException],Rate,0
06/08/2026 11:49:44,System.Runtime,dotnet.exceptions ({exception} / 1 sec)[error.type=TaskCanceledException],Rate,0
06/08/2026 11:49:44,System.Runtime,dotnet.exceptions ({exception} / 1 sec)[error.type=HttpRequestException],Rate,0
06/08/2026 11:49:44,System.Runtime,dotnet.exceptions ({exception} / 1 sec)[error.type=ConnectionResetException],Rate,0
06/08/2026 11:49:44,System.Runtime,dotnet.exceptions ({exception} / 1 sec)[error.type=NpgsqlException],Rate,0
06/08/2026 11:49:44,System.Runtime,dotnet.exceptions ({exception} / 1 sec)[error.type=OperationCanceledException],Rate,0
06/08/2026 11:49:44,System.Runtime,dotnet.gc.last_collection.heap.fragmentation.size (By)[gc.heap.generation=gen1],Metric,29842648
06/08/2026 11:49:44,System.Runtime,dotnet.gc.last_collection.heap.fragmentation.size (By)[gc.heap.generation=loh],Metric,768
06/08/2026 11:49:44,System.Runtime,dotnet.gc.last_collection.heap.fragmentation.size (By)[gc.heap.generation=gen0],Metric,0
06/08/2026 11:49:44,System.Runtime,dotnet.gc.last_collection.heap.fragmentation.size (By)[gc.heap.generation=gen2],Metric,21298544
06/08/2026 11:49:44,System.Runtime,dotnet.gc.last_collection.heap.fragmentation.size (By)[gc.heap.generation=poh],Metric,0
06/08/2026 11:49:44,Microsoft.AspNetCore.Hosting,http.server.active_requests ({request})[http.request.method=POST;url.scheme=http],Metric,0
06/08/2026 11:49:44,Microsoft.AspNetCore.Hosting,http.server.active_requests ({request})[http.request.method=GET;url.scheme=http],Metric,0
06/08/2026 11:49:44,System.Runtime,dotnet.process.memory.working_set (By),Metric,529301504
06/08/2026 11:49:44,System.Runtime,dotnet.thread_pool.queue.length ({work_item} / 1 sec),Rate,0
06/08/2026 11:49:44,Npgsql,db.client.operation.npgsql.bytes_written (By / 1 sec)[db.client.connection.pool.name=Host=127.0.0.1;Port=5432;Username=postgres;Database=myapp_load;Maximum Pool Size=500],Rate,0
06/08/2026 11:49:44,System.Runtime,dotnet.assembly.count ({assembly}),Metric,156
06/08/2026 11:49:44,System.Runtime,dotnet.jit.compiled_methods ({method} / 1 sec),Rate,0
06/08/2026 11:49:45,System.Runtime,dotnet.gc.last_collection.memory.committed_size (By),Metric,408629248
06/08/2026 11:49:45,Npgsql,db.client.connection.npgsql.pending_requests ({request})[db.client.connection.pool.name=Host=127.0.0.1;Port=5432;Username=postgres;Database=myapp_load;Maximum Pool Size=500],Metric,0
06/08/2026 11:49:45,Npgsql,db.client.connection.max ({connection})[db.client.connection.pool.name=Host=127.0.0.1;Port=5432;Username=postgres;Database=myapp_load;Maximum Pool Size=500],Metric,500
06/08/2026 11:49:45,Npgsql,db.client.connection.count ({connection})[db.client.connection.pool.name=Host=127.0.0.1;Port=5432;Username=postgres;Database=myapp_load;Maximum Pool Size=500;db.client.connection.state=used],Metric,0
06/08/2026 11:49:45,Npgsql,db.client.connection.count ({connection})[db.client.connection.pool.name=Host=127.0.0.1;Port=5432;Username=postgres;Database=myapp_load;Maximum Pool Size=500;db.client.connection.state=idle],Metric,215
06/08/2026 11:49:45,Npgsql,db.client.operation.npgsql.bytes_read (By / 1 sec)[db.client.connection.pool.name=Host=127.0.0.1;Port=5432;Username=postgres;Database=myapp_load;Maximum Pool Size=500],Rate,0
06/08/2026 11:49:45,System.Runtime,dotnet.gc.collections ({collection} / 1 sec)[gc.heap.generation=gen1],Rate,0
06/08/2026 11:49:45,System.Runtime,dotnet.gc.collections ({collection} / 1 sec)[gc.heap.generation=gen0],Rate,0
06/08/2026 11:49:45,System.Runtime,dotnet.gc.collections ({collection} / 1 sec)[gc.heap.generation=gen2],Rate,0
06/08/2026 11:49:45,Npgsql,db.client.operation.npgsql.executing ({command})[db.client.connection.pool.name=Host=127.0.0.1;Port=5432;Username=postgres;Database=myapp_load;Maximum Pool Size=500],Metric,0
06/08/2026 11:49:45,System.Runtime,dotnet.thread_pool.work_item.count ({work_item} / 1 sec),Rate,0
06/08/2026 11:49:45,System.Runtime,dotnet.gc.pause.time (s / 1 sec),Rate,0
06/08/2026 11:49:45,System.Runtime,dotnet.timer.count ({timer}),Metric,4
06/08/2026 11:49:45,System.Runtime,dotnet.jit.compilation.time (s / 1 sec),Rate,0
06/08/2026 11:49:45,System.Runtime,dotnet.gc.last_collection.heap.size (By)[gc.heap.generation=gen1],Metric,91178840
06/08/2026 11:49:45,System.Runtime,dotnet.gc.last_collection.heap.size (By)[gc.heap.generation=loh],Metric,4626696
06/08/2026 11:49:45,System.Runtime,dotnet.gc.last_collection.heap.size (By)[gc.heap.generation=gen0],Metric,0
06/08/2026 11:49:45,System.Runtime,dotnet.gc.last_collection.heap.size (By)[gc.heap.generation=gen2],Metric,146917608
06/08/2026 11:49:45,System.Runtime,dotnet.gc.last_collection.heap.size (By)[gc.heap.generation=poh],Metric,3374840
06/08/2026 11:49:45,System.Runtime,dotnet.process.cpu.time (s / 1 sec)[cpu.mode=user],Rate,0
06/08/2026 11:49:45,System.Runtime,dotnet.process.cpu.time (s / 1 sec)[cpu.mode=system],Rate,0
06/08/2026 11:49:45,System.Runtime,dotnet.jit.compiled_il.size (By / 1 sec),Rate,0
06/08/2026 11:49:45,System.Runtime,dotnet.gc.heap.total_allocated (By / 1 sec),Rate,254080
06/08/2026 11:49:45,System.Runtime,dotnet.process.cpu.count ({cpu}),Metric,20
06/08/2026 11:49:45,System.Runtime,dotnet.monitor.lock_contentions ({contention} / 1 sec),Rate,0
06/08/2026 11:49:45,System.Runtime,dotnet.thread_pool.thread.count ({thread} / 1 sec),Rate,0
06/08/2026 11:49:45,System.Runtime,dotnet.exceptions ({exception} / 1 sec)[error.type=SocketException],Rate,0
06/08/2026 11:49:45,System.Runtime,dotnet.exceptions ({exception} / 1 sec)[error.type=TaskCanceledException],Rate,0
06/08/2026 11:49:45,System.Runtime,dotnet.exceptions ({exception} / 1 sec)[error.type=HttpRequestException],Rate,0
06/08/2026 11:49:45,System.Runtime,dotnet.exceptions ({exception} / 1 sec)[error.type=ConnectionResetException],Rate,0
06/08/2026 11:49:45,System.Runtime,dotnet.exceptions ({exception} / 1 sec)[error.type=NpgsqlException],Rate,0
06/08/2026 11:49:45,System.Runtime,dotnet.exceptions ({exception} / 1 sec)[error.type=OperationCanceledException],Rate,0
06/08/2026 11:49:45,System.Runtime,dotnet.gc.last_collection.heap.fragmentation.size (By)[gc.heap.generation=gen1],Metric,29842648
06/08/2026 11:49:45,System.Runtime,dotnet.gc.last_collection.heap.fragmentation.size (By)[gc.heap.generation=loh],Metric,768
06/08/2026 11:49:45,System.Runtime,dotnet.gc.last_collection.heap.fragmentation.size (By)[gc.heap.generation=gen0],Metric,0
06/08/2026 11:49:45,System.Runtime,dotnet.gc.last_collection.heap.fragmentation.size (By)[gc.heap.generation=gen2],Metric,21298544
06/08/2026 11:49:45,System.Runtime,dotnet.gc.last_collection.heap.fragmentation.size (By)[gc.heap.generation=poh],Metric,0
06/08/2026 11:49:45,Microsoft.AspNetCore.Hosting,http.server.active_requests ({request})[http.request.method=POST;url.scheme=http],Metric,0
06/08/2026 11:49:45,Microsoft.AspNetCore.Hosting,http.server.active_requests ({request})[http.request.method=GET;url.scheme=http],Metric,0
06/08/2026 11:49:45,System.Runtime,dotnet.process.memory.working_set (By),Metric,529301504
06/08/2026 11:49:45,System.Runtime,dotnet.thread_pool.queue.length ({work_item} / 1 sec),Rate,0
06/08/2026 11:49:45,Npgsql,db.client.operation.npgsql.bytes_written (By / 1 sec)[db.client.connection.pool.name=Host=127.0.0.1;Port=5432;Username=postgres;Database=myapp_load;Maximum Pool Size=500],Rate,0
06/08/2026 11:49:45,System.Runtime,dotnet.assembly.count ({assembly}),Metric,156
06/08/2026 11:49:45,System.Runtime,dotnet.jit.compiled_methods ({method} / 1 sec),Rate,0
06/08/2026 11:49:46,System.Runtime,dotnet.gc.last_collection.memory.committed_size (By),Metric,408629248
06/08/2026 11:49:46,Npgsql,db.client.connection.npgsql.pending_requests ({request})[db.client.connection.pool.name=Host=127.0.0.1;Port=5432;Username=postgres;Database=myapp_load;Maximum Pool Size=500],Metric,0
06/08/2026 11:49:46,Npgsql,db.client.connection.max ({connection})[db.client.connection.pool.name=Host=127.0.0.1;Port=5432;Username=postgres;Database=myapp_load;Maximum Pool Size=500],Metric,500
06/08/2026 11:49:46,Npgsql,db.client.connection.count ({connection})[db.client.connection.pool.name=Host=127.0.0.1;Port=5432;Username=postgres;Database=myapp_load;Maximum Pool Size=500;db.client.connection.state=used],Metric,0
06/08/2026 11:49:46,Npgsql,db.client.connection.count ({connection})[db.client.connection.pool.name=Host=127.0.0.1;Port=5432;Username=postgres;Database=myapp_load;Maximum Pool Size=500;db.client.connection.state=idle],Metric,215
06/08/2026 11:49:46,Npgsql,db.client.operation.npgsql.bytes_read (By / 1 sec)[db.client.connection.pool.name=Host=127.0.0.1;Port=5432;Username=postgres;Database=myapp_load;Maximum Pool Size=500],Rate,0
06/08/2026 11:49:46,System.Runtime,dotnet.gc.collections ({collection} / 1 sec)[gc.heap.generation=gen1],Rate,0
06/08/2026 11:49:46,System.Runtime,dotnet.gc.collections ({collection} / 1 sec)[gc.heap.generation=gen0],Rate,0
06/08/2026 11:49:46,System.Runtime,dotnet.gc.collections ({collection} / 1 sec)[gc.heap.generation=gen2],Rate,0
06/08/2026 11:49:46,Npgsql,db.client.operation.npgsql.executing ({command})[db.client.connection.pool.name=Host=127.0.0.1;Port=5432;Username=postgres;Database=myapp_load;Maximum Pool Size=500],Metric,0
06/08/2026 11:49:46,System.Runtime,dotnet.thread_pool.work_item.count ({work_item} / 1 sec),Rate,4
06/08/2026 11:49:46,System.Runtime,dotnet.gc.pause.time (s / 1 sec),Rate,0
06/08/2026 11:49:46,System.Runtime,dotnet.timer.count ({timer}),Metric,4
06/08/2026 11:49:46,System.Runtime,dotnet.jit.compilation.time (s / 1 sec),Rate,0
06/08/2026 11:49:46,System.Runtime,dotnet.gc.last_collection.heap.size (By)[gc.heap.generation=gen1],Metric,91178840
06/08/2026 11:49:46,System.Runtime,dotnet.gc.last_collection.heap.size (By)[gc.heap.generation=loh],Metric,4626696
06/08/2026 11:49:46,System.Runtime,dotnet.gc.last_collection.heap.size (By)[gc.heap.generation=gen0],Metric,0
06/08/2026 11:49:46,System.Runtime,dotnet.gc.last_collection.heap.size (By)[gc.heap.generation=gen2],Metric,146917608
06/08/2026 11:49:46,System.Runtime,dotnet.gc.last_collection.heap.size (By)[gc.heap.generation=poh],Metric,3374840
06/08/2026 11:49:46,System.Runtime,dotnet.process.cpu.time (s / 1 sec)[cpu.mode=user],Rate,0
06/08/2026 11:49:46,System.Runtime,dotnet.process.cpu.time (s / 1 sec)[cpu.mode=system],Rate,0
06/08/2026 11:49:46,System.Runtime,dotnet.jit.compiled_il.size (By / 1 sec),Rate,0
06/08/2026 11:49:46,System.Runtime,dotnet.gc.heap.total_allocated (By / 1 sec),Rate,262120
06/08/2026 11:49:46,System.Runtime,dotnet.process.cpu.count ({cpu}),Metric,20
06/08/2026 11:49:46,System.Runtime,dotnet.monitor.lock_contentions ({contention} / 1 sec),Rate,0
06/08/2026 11:49:46,System.Runtime,dotnet.thread_pool.thread.count ({thread} / 1 sec),Rate,0
06/08/2026 11:49:46,System.Runtime,dotnet.exceptions ({exception} / 1 sec)[error.type=SocketException],Rate,2
06/08/2026 11:49:46,System.Runtime,dotnet.exceptions ({exception} / 1 sec)[error.type=TaskCanceledException],Rate,0
06/08/2026 11:49:46,System.Runtime,dotnet.exceptions ({exception} / 1 sec)[error.type=HttpRequestException],Rate,11
06/08/2026 11:49:46,System.Runtime,dotnet.exceptions ({exception} / 1 sec)[error.type=ConnectionResetException],Rate,0
06/08/2026 11:49:46,System.Runtime,dotnet.exceptions ({exception} / 1 sec)[error.type=NpgsqlException],Rate,0
06/08/2026 11:49:46,System.Runtime,dotnet.exceptions ({exception} / 1 sec)[error.type=OperationCanceledException],Rate,0
06/08/2026 11:49:46,System.Runtime,dotnet.gc.last_collection.heap.fragmentation.size (By)[gc.heap.generation=gen1],Metric,29842648
06/08/2026 11:49:46,System.Runtime,dotnet.gc.last_collection.heap.fragmentation.size (By)[gc.heap.generation=loh],Metric,768
06/08/2026 11:49:46,System.Runtime,dotnet.gc.last_collection.heap.fragmentation.size (By)[gc.heap.generation=gen0],Metric,0
06/08/2026 11:49:46,System.Runtime,dotnet.gc.last_collection.heap.fragmentation.size (By)[gc.heap.generation=gen2],Metric,21298544
06/08/2026 11:49:46,System.Runtime,dotnet.gc.last_collection.heap.fragmentation.size (By)[gc.heap.generation=poh],Metric,0
06/08/2026 11:49:46,Microsoft.AspNetCore.Hosting,http.server.active_requests ({request})[http.request.method=POST;url.scheme=http],Metric,0
06/08/2026 11:49:46,Microsoft.AspNetCore.Hosting,http.server.active_requests ({request})[http.request.method=GET;url.scheme=http],Metric,0
06/08/2026 11:49:46,System.Runtime,dotnet.process.memory.working_set (By),Metric,528093184
06/08/2026 11:49:46,System.Runtime,dotnet.thread_pool.queue.length ({work_item} / 1 sec),Rate,0
06/08/2026 11:49:46,Npgsql,db.client.operation.npgsql.bytes_written (By / 1 sec)[db.client.connection.pool.name=Host=127.0.0.1;Port=5432;Username=postgres;Database=myapp_load;Maximum Pool Size=500],Rate,0
06/08/2026 11:49:46,System.Runtime,dotnet.assembly.count ({assembly}),Metric,156
06/08/2026 11:49:46,System.Runtime,dotnet.jit.compiled_methods ({method} / 1 sec),Rate,0
06/08/2026 11:49:47,System.Runtime,dotnet.gc.last_collection.memory.committed_size (By),Metric,408629248
06/08/2026 11:49:47,Npgsql,db.client.connection.npgsql.pending_requests ({request})[db.client.connection.pool.name=Host=127.0.0.1;Port=5432;Username=postgres;Database=myapp_load;Maximum Pool Size=500],Metric,0
06/08/2026 11:49:47,Npgsql,db.client.connection.max ({connection})[db.client.connection.pool.name=Host=127.0.0.1;Port=5432;Username=postgres;Database=myapp_load;Maximum Pool Size=500],Metric,500
06/08/2026 11:49:47,Npgsql,db.client.connection.count ({connection})[db.client.connection.pool.name=Host=127.0.0.1;Port=5432;Username=postgres;Database=myapp_load;Maximum Pool Size=500;db.client.connection.state=used],Metric,0
06/08/2026 11:49:47,Npgsql,db.client.connection.count ({connection})[db.client.connection.pool.name=Host=127.0.0.1;Port=5432;Username=postgres;Database=myapp_load;Maximum Pool Size=500;db.client.connection.state=idle],Metric,215
06/08/2026 11:49:47,Npgsql,db.client.operation.npgsql.bytes_read (By / 1 sec)[db.client.connection.pool.name=Host=127.0.0.1;Port=5432;Username=postgres;Database=myapp_load;Maximum Pool Size=500],Rate,0
06/08/2026 11:49:47,System.Runtime,dotnet.gc.collections ({collection} / 1 sec)[gc.heap.generation=gen1],Rate,0
06/08/2026 11:49:47,System.Runtime,dotnet.gc.collections ({collection} / 1 sec)[gc.heap.generation=gen0],Rate,0
06/08/2026 11:49:47,System.Runtime,dotnet.gc.collections ({collection} / 1 sec)[gc.heap.generation=gen2],Rate,0
06/08/2026 11:49:47,Npgsql,db.client.operation.npgsql.executing ({command})[db.client.connection.pool.name=Host=127.0.0.1;Port=5432;Username=postgres;Database=myapp_load;Maximum Pool Size=500],Metric,0
06/08/2026 11:49:47,System.Runtime,dotnet.thread_pool.work_item.count ({work_item} / 1 sec),Rate,0
06/08/2026 11:49:47,System.Runtime,dotnet.gc.pause.time (s / 1 sec),Rate,0
06/08/2026 11:49:47,System.Runtime,dotnet.timer.count ({timer}),Metric,4
06/08/2026 11:49:47,System.Runtime,dotnet.jit.compilation.time (s / 1 sec),Rate,0
06/08/2026 11:49:47,System.Runtime,dotnet.gc.last_collection.heap.size (By)[gc.heap.generation=gen1],Metric,91178840
06/08/2026 11:49:47,System.Runtime,dotnet.gc.last_collection.heap.size (By)[gc.heap.generation=loh],Metric,4626696
06/08/2026 11:49:47,System.Runtime,dotnet.gc.last_collection.heap.size (By)[gc.heap.generation=gen0],Metric,0
06/08/2026 11:49:47,System.Runtime,dotnet.gc.last_collection.heap.size (By)[gc.heap.generation=gen2],Metric,146917608
06/08/2026 11:49:47,System.Runtime,dotnet.gc.last_collection.heap.size (By)[gc.heap.generation=poh],Metric,3374840
06/08/2026 11:49:47,System.Runtime,dotnet.process.cpu.time (s / 1 sec)[cpu.mode=user],Rate,0
06/08/2026 11:49:47,System.Runtime,dotnet.process.cpu.time (s / 1 sec)[cpu.mode=system],Rate,0
06/08/2026 11:49:47,System.Runtime,dotnet.jit.compiled_il.size (By / 1 sec),Rate,0
06/08/2026 11:49:47,System.Runtime,dotnet.gc.heap.total_allocated (By / 1 sec),Rate,254144
06/08/2026 11:49:47,System.Runtime,dotnet.process.cpu.count ({cpu}),Metric,20
06/08/2026 11:49:47,System.Runtime,dotnet.monitor.lock_contentions ({contention} / 1 sec),Rate,0
06/08/2026 11:49:47,System.Runtime,dotnet.thread_pool.thread.count ({thread} / 1 sec),Rate,0
06/08/2026 11:49:47,System.Runtime,dotnet.exceptions ({exception} / 1 sec)[error.type=SocketException],Rate,0
06/08/2026 11:49:47,System.Runtime,dotnet.exceptions ({exception} / 1 sec)[error.type=TaskCanceledException],Rate,0
06/08/2026 11:49:47,System.Runtime,dotnet.exceptions ({exception} / 1 sec)[error.type=HttpRequestException],Rate,0
06/08/2026 11:49:47,System.Runtime,dotnet.exceptions ({exception} / 1 sec)[error.type=ConnectionResetException],Rate,0
06/08/2026 11:49:47,System.Runtime,dotnet.exceptions ({exception} / 1 sec)[error.type=NpgsqlException],Rate,0
06/08/2026 11:49:47,System.Runtime,dotnet.exceptions ({exception} / 1 sec)[error.type=OperationCanceledException],Rate,0
06/08/2026 11:49:47,System.Runtime,dotnet.gc.last_collection.heap.fragmentation.size (By)[gc.heap.generation=gen1],Metric,29842648
06/08/2026 11:49:47,System.Runtime,dotnet.gc.last_collection.heap.fragmentation.size (By)[gc.heap.generation=loh],Metric,768
06/08/2026 11:49:47,System.Runtime,dotnet.gc.last_collection.heap.fragmentation.size (By)[gc.heap.generation=gen0],Metric,0
06/08/2026 11:49:47,System.Runtime,dotnet.gc.last_collection.heap.fragmentation.size (By)[gc.heap.generation=gen2],Metric,21298544
06/08/2026 11:49:47,System.Runtime,dotnet.gc.last_collection.heap.fragmentation.size (By)[gc.heap.generation=poh],Metric,0
06/08/2026 11:49:47,Microsoft.AspNetCore.Hosting,http.server.active_requests ({request})[http.request.method=POST;url.scheme=http],Metric,0
06/08/2026 11:49:47,Microsoft.AspNetCore.Hosting,http.server.active_requests ({request})[http.request.method=GET;url.scheme=http],Metric,0
06/08/2026 11:49:47,System.Runtime,dotnet.process.memory.working_set (By),Metric,528031744
06/08/2026 11:49:47,System.Runtime,dotnet.thread_pool.queue.length ({work_item} / 1 sec),Rate,0
06/08/2026 11:49:47,Npgsql,db.client.operation.npgsql.bytes_written (By / 1 sec)[db.client.connection.pool.name=Host=127.0.0.1;Port=5432;Username=postgres;Database=myapp_load;Maximum Pool Size=500],Rate,0
06/08/2026 11:49:47,System.Runtime,dotnet.assembly.count ({assembly}),Metric,156
06/08/2026 11:49:47,System.Runtime,dotnet.jit.compiled_methods ({method} / 1 sec),Rate,0
06/08/2026 11:49:48,System.Runtime,dotnet.gc.last_collection.memory.committed_size (By),Metric,408629248
06/08/2026 11:49:48,Npgsql,db.client.connection.npgsql.pending_requests ({request})[db.client.connection.pool.name=Host=127.0.0.1;Port=5432;Username=postgres;Database=myapp_load;Maximum Pool Size=500],Metric,0
06/08/2026 11:49:48,Npgsql,db.client.connection.max ({connection})[db.client.connection.pool.name=Host=127.0.0.1;Port=5432;Username=postgres;Database=myapp_load;Maximum Pool Size=500],Metric,500
06/08/2026 11:49:48,Npgsql,db.client.connection.count ({connection})[db.client.connection.pool.name=Host=127.0.0.1;Port=5432;Username=postgres;Database=myapp_load;Maximum Pool Size=500;db.client.connection.state=used],Metric,0
06/08/2026 11:49:48,Npgsql,db.client.connection.count ({connection})[db.client.connection.pool.name=Host=127.0.0.1;Port=5432;Username=postgres;Database=myapp_load;Maximum Pool Size=500;db.client.connection.state=idle],Metric,215
06/08/2026 11:49:48,Npgsql,db.client.operation.npgsql.bytes_read (By / 1 sec)[db.client.connection.pool.name=Host=127.0.0.1;Port=5432;Username=postgres;Database=myapp_load;Maximum Pool Size=500],Rate,0
06/08/2026 11:49:48,System.Runtime,dotnet.gc.collections ({collection} / 1 sec)[gc.heap.generation=gen1],Rate,0
06/08/2026 11:49:48,System.Runtime,dotnet.gc.collections ({collection} / 1 sec)[gc.heap.generation=gen0],Rate,0
06/08/2026 11:49:48,System.Runtime,dotnet.gc.collections ({collection} / 1 sec)[gc.heap.generation=gen2],Rate,0
06/08/2026 11:49:48,Npgsql,db.client.operation.npgsql.executing ({command})[db.client.connection.pool.name=Host=127.0.0.1;Port=5432;Username=postgres;Database=myapp_load;Maximum Pool Size=500],Metric,0
06/08/2026 11:49:48,System.Runtime,dotnet.thread_pool.work_item.count ({work_item} / 1 sec),Rate,1
06/08/2026 11:49:48,System.Runtime,dotnet.gc.pause.time (s / 1 sec),Rate,0
06/08/2026 11:49:48,System.Runtime,dotnet.timer.count ({timer}),Metric,4
06/08/2026 11:49:48,System.Runtime,dotnet.jit.compilation.time (s / 1 sec),Rate,0
06/08/2026 11:49:48,System.Runtime,dotnet.gc.last_collection.heap.size (By)[gc.heap.generation=gen1],Metric,91178840
06/08/2026 11:49:48,System.Runtime,dotnet.gc.last_collection.heap.size (By)[gc.heap.generation=loh],Metric,4626696
06/08/2026 11:49:48,System.Runtime,dotnet.gc.last_collection.heap.size (By)[gc.heap.generation=gen0],Metric,0
06/08/2026 11:49:48,System.Runtime,dotnet.gc.last_collection.heap.size (By)[gc.heap.generation=gen2],Metric,146917608
06/08/2026 11:49:48,System.Runtime,dotnet.gc.last_collection.heap.size (By)[gc.heap.generation=poh],Metric,3374840
06/08/2026 11:49:48,System.Runtime,dotnet.process.cpu.time (s / 1 sec)[cpu.mode=user],Rate,0
06/08/2026 11:49:48,System.Runtime,dotnet.process.cpu.time (s / 1 sec)[cpu.mode=system],Rate,0
06/08/2026 11:49:48,System.Runtime,dotnet.jit.compiled_il.size (By / 1 sec),Rate,0
06/08/2026 11:49:48,System.Runtime,dotnet.gc.heap.total_allocated (By / 1 sec),Rate,254152
06/08/2026 11:49:48,System.Runtime,dotnet.process.cpu.count ({cpu}),Metric,20
06/08/2026 11:49:48,System.Runtime,dotnet.monitor.lock_contentions ({contention} / 1 sec),Rate,0
06/08/2026 11:49:48,System.Runtime,dotnet.thread_pool.thread.count ({thread} / 1 sec),Rate,0
06/08/2026 11:49:48,System.Runtime,dotnet.exceptions ({exception} / 1 sec)[error.type=SocketException],Rate,0
06/08/2026 11:49:48,System.Runtime,dotnet.exceptions ({exception} / 1 sec)[error.type=TaskCanceledException],Rate,0
06/08/2026 11:49:48,System.Runtime,dotnet.exceptions ({exception} / 1 sec)[error.type=HttpRequestException],Rate,0
06/08/2026 11:49:48,System.Runtime,dotnet.exceptions ({exception} / 1 sec)[error.type=ConnectionResetException],Rate,0
06/08/2026 11:49:48,System.Runtime,dotnet.exceptions ({exception} / 1 sec)[error.type=NpgsqlException],Rate,0
06/08/2026 11:49:48,System.Runtime,dotnet.exceptions ({exception} / 1 sec)[error.type=OperationCanceledException],Rate,0
06/08/2026 11:49:48,System.Runtime,dotnet.gc.last_collection.heap.fragmentation.size (By)[gc.heap.generation=gen1],Metric,29842648
06/08/2026 11:49:48,System.Runtime,dotnet.gc.last_collection.heap.fragmentation.size (By)[gc.heap.generation=loh],Metric,768
06/08/2026 11:49:48,System.Runtime,dotnet.gc.last_collection.heap.fragmentation.size (By)[gc.heap.generation=gen0],Metric,0
06/08/2026 11:49:48,System.Runtime,dotnet.gc.last_collection.heap.fragmentation.size (By)[gc.heap.generation=gen2],Metric,21298544
06/08/2026 11:49:48,System.Runtime,dotnet.gc.last_collection.heap.fragmentation.size (By)[gc.heap.generation=poh],Metric,0
06/08/2026 11:49:48,Microsoft.AspNetCore.Hosting,http.server.active_requests ({request})[http.request.method=POST;url.scheme=http],Metric,0
06/08/2026 11:49:48,Microsoft.AspNetCore.Hosting,http.server.active_requests ({request})[http.request.method=GET;url.scheme=http],Metric,0
06/08/2026 11:49:48,System.Runtime,dotnet.process.memory.working_set (By),Metric,528031744
06/08/2026 11:49:48,System.Runtime,dotnet.thread_pool.queue.length ({work_item} / 1 sec),Rate,0
06/08/2026 11:49:48,Npgsql,db.client.operation.npgsql.bytes_written (By / 1 sec)[db.client.connection.pool.name=Host=127.0.0.1;Port=5432;Username=postgres;Database=myapp_load;Maximum Pool Size=500],Rate,0
06/08/2026 11:49:48,System.Runtime,dotnet.assembly.count ({assembly}),Metric,156
06/08/2026 11:49:48,System.Runtime,dotnet.jit.compiled_methods ({method} / 1 sec),Rate,0
06/08/2026 11:49:49,System.Runtime,dotnet.gc.last_collection.memory.committed_size (By),Metric,408629248
06/08/2026 11:49:49,Npgsql,db.client.connection.npgsql.pending_requests ({request})[db.client.connection.pool.name=Host=127.0.0.1;Port=5432;Username=postgres;Database=myapp_load;Maximum Pool Size=500],Metric,0
06/08/2026 11:49:49,Npgsql,db.client.connection.max ({connection})[db.client.connection.pool.name=Host=127.0.0.1;Port=5432;Username=postgres;Database=myapp_load;Maximum Pool Size=500],Metric,500
06/08/2026 11:49:49,Npgsql,db.client.connection.count ({connection})[db.client.connection.pool.name=Host=127.0.0.1;Port=5432;Username=postgres;Database=myapp_load;Maximum Pool Size=500;db.client.connection.state=used],Metric,0
06/08/2026 11:49:49,Npgsql,db.client.connection.count ({connection})[db.client.connection.pool.name=Host=127.0.0.1;Port=5432;Username=postgres;Database=myapp_load;Maximum Pool Size=500;db.client.connection.state=idle],Metric,215
06/08/2026 11:49:49,Npgsql,db.client.operation.npgsql.bytes_read (By / 1 sec)[db.client.connection.pool.name=Host=127.0.0.1;Port=5432;Username=postgres;Database=myapp_load;Maximum Pool Size=500],Rate,0
06/08/2026 11:49:49,System.Runtime,dotnet.gc.collections ({collection} / 1 sec)[gc.heap.generation=gen1],Rate,0
06/08/2026 11:49:49,System.Runtime,dotnet.gc.collections ({collection} / 1 sec)[gc.heap.generation=gen0],Rate,0
06/08/2026 11:49:49,System.Runtime,dotnet.gc.collections ({collection} / 1 sec)[gc.heap.generation=gen2],Rate,0
06/08/2026 11:49:49,Npgsql,db.client.operation.npgsql.executing ({command})[db.client.connection.pool.name=Host=127.0.0.1;Port=5432;Username=postgres;Database=myapp_load;Maximum Pool Size=500],Metric,0
06/08/2026 11:49:49,System.Runtime,dotnet.thread_pool.work_item.count ({work_item} / 1 sec),Rate,1
06/08/2026 11:49:49,System.Runtime,dotnet.gc.pause.time (s / 1 sec),Rate,0
06/08/2026 11:49:49,System.Runtime,dotnet.timer.count ({timer}),Metric,4
06/08/2026 11:49:49,System.Runtime,dotnet.jit.compilation.time (s / 1 sec),Rate,0
06/08/2026 11:49:49,System.Runtime,dotnet.gc.last_collection.heap.size (By)[gc.heap.generation=gen1],Metric,91178840
06/08/2026 11:49:49,System.Runtime,dotnet.gc.last_collection.heap.size (By)[gc.heap.generation=loh],Metric,4626696
06/08/2026 11:49:49,System.Runtime,dotnet.gc.last_collection.heap.size (By)[gc.heap.generation=gen0],Metric,0
06/08/2026 11:49:49,System.Runtime,dotnet.gc.last_collection.heap.size (By)[gc.heap.generation=gen2],Metric,146917608
06/08/2026 11:49:49,System.Runtime,dotnet.gc.last_collection.heap.size (By)[gc.heap.generation=poh],Metric,3374840
06/08/2026 11:49:49,System.Runtime,dotnet.process.cpu.time (s / 1 sec)[cpu.mode=user],Rate,0
06/08/2026 11:49:49,System.Runtime,dotnet.process.cpu.time (s / 1 sec)[cpu.mode=system],Rate,0
06/08/2026 11:49:49,System.Runtime,dotnet.jit.compiled_il.size (By / 1 sec),Rate,0
06/08/2026 11:49:49,System.Runtime,dotnet.gc.heap.total_allocated (By / 1 sec),Rate,254152
06/08/2026 11:49:49,System.Runtime,dotnet.process.cpu.count ({cpu}),Metric,20
06/08/2026 11:49:49,System.Runtime,dotnet.monitor.lock_contentions ({contention} / 1 sec),Rate,0
06/08/2026 11:49:49,System.Runtime,dotnet.thread_pool.thread.count ({thread} / 1 sec),Rate,0
06/08/2026 11:49:49,System.Runtime,dotnet.exceptions ({exception} / 1 sec)[error.type=SocketException],Rate,0
06/08/2026 11:49:49,System.Runtime,dotnet.exceptions ({exception} / 1 sec)[error.type=TaskCanceledException],Rate,0
06/08/2026 11:49:49,System.Runtime,dotnet.exceptions ({exception} / 1 sec)[error.type=HttpRequestException],Rate,0
06/08/2026 11:49:49,System.Runtime,dotnet.exceptions ({exception} / 1 sec)[error.type=ConnectionResetException],Rate,0
06/08/2026 11:49:49,System.Runtime,dotnet.exceptions ({exception} / 1 sec)[error.type=NpgsqlException],Rate,0
06/08/2026 11:49:49,System.Runtime,dotnet.exceptions ({exception} / 1 sec)[error.type=OperationCanceledException],Rate,0
06/08/2026 11:49:49,System.Runtime,dotnet.gc.last_collection.heap.fragmentation.size (By)[gc.heap.generation=gen1],Metric,29842648
06/08/2026 11:49:49,System.Runtime,dotnet.gc.last_collection.heap.fragmentation.size (By)[gc.heap.generation=loh],Metric,768
06/08/2026 11:49:49,System.Runtime,dotnet.gc.last_collection.heap.fragmentation.size (By)[gc.heap.generation=gen0],Metric,0
06/08/2026 11:49:49,System.Runtime,dotnet.gc.last_collection.heap.fragmentation.size (By)[gc.heap.generation=gen2],Metric,21298544
06/08/2026 11:49:49,System.Runtime,dotnet.gc.last_collection.heap.fragmentation.size (By)[gc.heap.generation=poh],Metric,0
06/08/2026 11:49:49,Microsoft.AspNetCore.Hosting,http.server.active_requests ({request})[http.request.method=POST;url.scheme=http],Metric,0
06/08/2026 11:49:49,Microsoft.AspNetCore.Hosting,http.server.active_requests ({request})[http.request.method=GET;url.scheme=http],Metric,0
06/08/2026 11:49:49,System.Runtime,dotnet.process.memory.working_set (By),Metric,528031744
06/08/2026 11:49:49,System.Runtime,dotnet.thread_pool.queue.length ({work_item} / 1 sec),Rate,0
06/08/2026 11:49:49,Npgsql,db.client.operation.npgsql.bytes_written (By / 1 sec)[db.client.connection.pool.name=Host=127.0.0.1;Port=5432;Username=postgres;Database=myapp_load;Maximum Pool Size=500],Rate,0
06/08/2026 11:49:49,System.Runtime,dotnet.assembly.count ({assembly}),Metric,156
06/08/2026 11:49:49,System.Runtime,dotnet.jit.compiled_methods ({method} / 1 sec),Rate,0
06/08/2026 11:49:50,System.Runtime,dotnet.gc.last_collection.memory.committed_size (By),Metric,408629248
06/08/2026 11:49:50,Npgsql,db.client.connection.npgsql.pending_requests ({request})[db.client.connection.pool.name=Host=127.0.0.1;Port=5432;Username=postgres;Database=myapp_load;Maximum Pool Size=500],Metric,0
06/08/2026 11:49:50,Npgsql,db.client.connection.max ({connection})[db.client.connection.pool.name=Host=127.0.0.1;Port=5432;Username=postgres;Database=myapp_load;Maximum Pool Size=500],Metric,500
06/08/2026 11:49:50,Npgsql,db.client.connection.count ({connection})[db.client.connection.pool.name=Host=127.0.0.1;Port=5432;Username=postgres;Database=myapp_load;Maximum Pool Size=500;db.client.connection.state=used],Metric,0
06/08/2026 11:49:50,Npgsql,db.client.connection.count ({connection})[db.client.connection.pool.name=Host=127.0.0.1;Port=5432;Username=postgres;Database=myapp_load;Maximum Pool Size=500;db.client.connection.state=idle],Metric,215
06/08/2026 11:49:50,Npgsql,db.client.operation.npgsql.bytes_read (By / 1 sec)[db.client.connection.pool.name=Host=127.0.0.1;Port=5432;Username=postgres;Database=myapp_load;Maximum Pool Size=500],Rate,0
06/08/2026 11:49:50,System.Runtime,dotnet.gc.collections ({collection} / 1 sec)[gc.heap.generation=gen1],Rate,0
06/08/2026 11:49:50,System.Runtime,dotnet.gc.collections ({collection} / 1 sec)[gc.heap.generation=gen0],Rate,0
06/08/2026 11:49:50,System.Runtime,dotnet.gc.collections ({collection} / 1 sec)[gc.heap.generation=gen2],Rate,0
06/08/2026 11:49:50,Npgsql,db.client.operation.npgsql.executing ({command})[db.client.connection.pool.name=Host=127.0.0.1;Port=5432;Username=postgres;Database=myapp_load;Maximum Pool Size=500],Metric,0
06/08/2026 11:49:50,System.Runtime,dotnet.thread_pool.work_item.count ({work_item} / 1 sec),Rate,2
06/08/2026 11:49:50,System.Runtime,dotnet.gc.pause.time (s / 1 sec),Rate,0
06/08/2026 11:49:50,System.Runtime,dotnet.timer.count ({timer}),Metric,3
06/08/2026 11:49:50,System.Runtime,dotnet.jit.compilation.time (s / 1 sec),Rate,0
06/08/2026 11:49:50,System.Runtime,dotnet.gc.last_collection.heap.size (By)[gc.heap.generation=gen1],Metric,91178840
06/08/2026 11:49:50,System.Runtime,dotnet.gc.last_collection.heap.size (By)[gc.heap.generation=loh],Metric,4626696
06/08/2026 11:49:50,System.Runtime,dotnet.gc.last_collection.heap.size (By)[gc.heap.generation=gen0],Metric,0
06/08/2026 11:49:50,System.Runtime,dotnet.gc.last_collection.heap.size (By)[gc.heap.generation=gen2],Metric,146917608
06/08/2026 11:49:50,System.Runtime,dotnet.gc.last_collection.heap.size (By)[gc.heap.generation=poh],Metric,3374840
06/08/2026 11:49:50,System.Runtime,dotnet.process.cpu.time (s / 1 sec)[cpu.mode=user],Rate,0
06/08/2026 11:49:50,System.Runtime,dotnet.process.cpu.time (s / 1 sec)[cpu.mode=system],Rate,0
06/08/2026 11:49:50,System.Runtime,dotnet.jit.compiled_il.size (By / 1 sec),Rate,0
06/08/2026 11:49:50,System.Runtime,dotnet.gc.heap.total_allocated (By / 1 sec),Rate,277776
06/08/2026 11:49:50,System.Runtime,dotnet.process.cpu.count ({cpu}),Metric,20
06/08/2026 11:49:50,System.Runtime,dotnet.monitor.lock_contentions ({contention} / 1 sec),Rate,0
06/08/2026 11:49:50,System.Runtime,dotnet.thread_pool.thread.count ({thread} / 1 sec),Rate,0
06/08/2026 11:49:50,System.Runtime,dotnet.exceptions ({exception} / 1 sec)[error.type=SocketException],Rate,2
06/08/2026 11:49:50,System.Runtime,dotnet.exceptions ({exception} / 1 sec)[error.type=TaskCanceledException],Rate,0
06/08/2026 11:49:50,System.Runtime,dotnet.exceptions ({exception} / 1 sec)[error.type=HttpRequestException],Rate,11
06/08/2026 11:49:50,System.Runtime,dotnet.exceptions ({exception} / 1 sec)[error.type=ConnectionResetException],Rate,0
06/08/2026 11:49:50,System.Runtime,dotnet.exceptions ({exception} / 1 sec)[error.type=NpgsqlException],Rate,0
06/08/2026 11:49:50,System.Runtime,dotnet.exceptions ({exception} / 1 sec)[error.type=OperationCanceledException],Rate,0
06/08/2026 11:49:50,System.Runtime,dotnet.gc.last_collection.heap.fragmentation.size (By)[gc.heap.generation=gen1],Metric,29842648
06/08/2026 11:49:50,System.Runtime,dotnet.gc.last_collection.heap.fragmentation.size (By)[gc.heap.generation=loh],Metric,768
06/08/2026 11:49:50,System.Runtime,dotnet.gc.last_collection.heap.fragmentation.size (By)[gc.heap.generation=gen0],Metric,0
06/08/2026 11:49:50,System.Runtime,dotnet.gc.last_collection.heap.fragmentation.size (By)[gc.heap.generation=gen2],Metric,21298544
06/08/2026 11:49:50,System.Runtime,dotnet.gc.last_collection.heap.fragmentation.size (By)[gc.heap.generation=poh],Metric,0
06/08/2026 11:49:50,Microsoft.AspNetCore.Hosting,http.server.active_requests ({request})[http.request.method=POST;url.scheme=http],Metric,0
06/08/2026 11:49:50,Microsoft.AspNetCore.Hosting,http.server.active_requests ({request})[http.request.method=GET;url.scheme=http],Metric,0
06/08/2026 11:49:50,System.Runtime,dotnet.process.memory.working_set (By),Metric,528031744
06/08/2026 11:49:50,System.Runtime,dotnet.thread_pool.queue.length ({work_item} / 1 sec),Rate,0
06/08/2026 11:49:50,Npgsql,db.client.operation.npgsql.bytes_written (By / 1 sec)[db.client.connection.pool.name=Host=127.0.0.1;Port=5432;Username=postgres;Database=myapp_load;Maximum Pool Size=500],Rate,0
06/08/2026 11:49:50,System.Runtime,dotnet.assembly.count ({assembly}),Metric,156
06/08/2026 11:49:50,System.Runtime,dotnet.jit.compiled_methods ({method} / 1 sec),Rate,0
06/08/2026 11:49:51,System.Runtime,dotnet.gc.last_collection.memory.committed_size (By),Metric,408629248
06/08/2026 11:49:51,Npgsql,db.client.connection.npgsql.pending_requests ({request})[db.client.connection.pool.name=Host=127.0.0.1;Port=5432;Username=postgres;Database=myapp_load;Maximum Pool Size=500],Metric,0
06/08/2026 11:49:51,Npgsql,db.client.connection.max ({connection})[db.client.connection.pool.name=Host=127.0.0.1;Port=5432;Username=postgres;Database=myapp_load;Maximum Pool Size=500],Metric,500
06/08/2026 11:49:51,Npgsql,db.client.connection.count ({connection})[db.client.connection.pool.name=Host=127.0.0.1;Port=5432;Username=postgres;Database=myapp_load;Maximum Pool Size=500;db.client.connection.state=used],Metric,0
06/08/2026 11:49:51,Npgsql,db.client.connection.count ({connection})[db.client.connection.pool.name=Host=127.0.0.1;Port=5432;Username=postgres;Database=myapp_load;Maximum Pool Size=500;db.client.connection.state=idle],Metric,215
06/08/2026 11:49:51,Npgsql,db.client.operation.npgsql.bytes_read (By / 1 sec)[db.client.connection.pool.name=Host=127.0.0.1;Port=5432;Username=postgres;Database=myapp_load;Maximum Pool Size=500],Rate,0
06/08/2026 11:49:51,System.Runtime,dotnet.gc.collections ({collection} / 1 sec)[gc.heap.generation=gen1],Rate,0
06/08/2026 11:49:51,System.Runtime,dotnet.gc.collections ({collection} / 1 sec)[gc.heap.generation=gen0],Rate,0
06/08/2026 11:49:51,System.Runtime,dotnet.gc.collections ({collection} / 1 sec)[gc.heap.generation=gen2],Rate,0
06/08/2026 11:49:51,Npgsql,db.client.operation.npgsql.executing ({command})[db.client.connection.pool.name=Host=127.0.0.1;Port=5432;Username=postgres;Database=myapp_load;Maximum Pool Size=500],Metric,0
06/08/2026 11:49:51,System.Runtime,dotnet.thread_pool.work_item.count ({work_item} / 1 sec),Rate,1
06/08/2026 11:49:51,System.Runtime,dotnet.gc.pause.time (s / 1 sec),Rate,0
06/08/2026 11:49:51,System.Runtime,dotnet.timer.count ({timer}),Metric,3
06/08/2026 11:49:51,System.Runtime,dotnet.jit.compilation.time (s / 1 sec),Rate,0
06/08/2026 11:49:51,System.Runtime,dotnet.gc.last_collection.heap.size (By)[gc.heap.generation=gen1],Metric,91178840
06/08/2026 11:49:51,System.Runtime,dotnet.gc.last_collection.heap.size (By)[gc.heap.generation=loh],Metric,4626696
06/08/2026 11:49:51,System.Runtime,dotnet.gc.last_collection.heap.size (By)[gc.heap.generation=gen0],Metric,0
06/08/2026 11:49:51,System.Runtime,dotnet.gc.last_collection.heap.size (By)[gc.heap.generation=gen2],Metric,146917608
06/08/2026 11:49:51,System.Runtime,dotnet.gc.last_collection.heap.size (By)[gc.heap.generation=poh],Metric,3374840
06/08/2026 11:49:51,System.Runtime,dotnet.process.cpu.time (s / 1 sec)[cpu.mode=user],Rate,0
06/08/2026 11:49:51,System.Runtime,dotnet.process.cpu.time (s / 1 sec)[cpu.mode=system],Rate,0
06/08/2026 11:49:51,System.Runtime,dotnet.jit.compiled_il.size (By / 1 sec),Rate,0
06/08/2026 11:49:51,System.Runtime,dotnet.gc.heap.total_allocated (By / 1 sec),Rate,262232
06/08/2026 11:49:51,System.Runtime,dotnet.process.cpu.count ({cpu}),Metric,20
06/08/2026 11:49:51,System.Runtime,dotnet.monitor.lock_contentions ({contention} / 1 sec),Rate,0
06/08/2026 11:49:51,System.Runtime,dotnet.thread_pool.thread.count ({thread} / 1 sec),Rate,0
06/08/2026 11:49:51,System.Runtime,dotnet.exceptions ({exception} / 1 sec)[error.type=SocketException],Rate,0
06/08/2026 11:49:51,System.Runtime,dotnet.exceptions ({exception} / 1 sec)[error.type=TaskCanceledException],Rate,0
06/08/2026 11:49:51,System.Runtime,dotnet.exceptions ({exception} / 1 sec)[error.type=HttpRequestException],Rate,0
06/08/2026 11:49:51,System.Runtime,dotnet.exceptions ({exception} / 1 sec)[error.type=ConnectionResetException],Rate,0
06/08/2026 11:49:51,System.Runtime,dotnet.exceptions ({exception} / 1 sec)[error.type=NpgsqlException],Rate,0
06/08/2026 11:49:51,System.Runtime,dotnet.exceptions ({exception} / 1 sec)[error.type=OperationCanceledException],Rate,0
06/08/2026 11:49:51,System.Runtime,dotnet.gc.last_collection.heap.fragmentation.size (By)[gc.heap.generation=gen1],Metric,29842648
06/08/2026 11:49:51,System.Runtime,dotnet.gc.last_collection.heap.fragmentation.size (By)[gc.heap.generation=loh],Metric,768
06/08/2026 11:49:51,System.Runtime,dotnet.gc.last_collection.heap.fragmentation.size (By)[gc.heap.generation=gen0],Metric,0
06/08/2026 11:49:51,System.Runtime,dotnet.gc.last_collection.heap.fragmentation.size (By)[gc.heap.generation=gen2],Metric,21298544
06/08/2026 11:49:51,System.Runtime,dotnet.gc.last_collection.heap.fragmentation.size (By)[gc.heap.generation=poh],Metric,0
06/08/2026 11:49:51,Microsoft.AspNetCore.Hosting,http.server.active_requests ({request})[http.request.method=POST;url.scheme=http],Metric,0
06/08/2026 11:49:51,Microsoft.AspNetCore.Hosting,http.server.active_requests ({request})[http.request.method=GET;url.scheme=http],Metric,0
06/08/2026 11:49:51,System.Runtime,dotnet.process.memory.working_set (By),Metric,528031744
06/08/2026 11:49:51,System.Runtime,dotnet.thread_pool.queue.length ({work_item} / 1 sec),Rate,0
06/08/2026 11:49:51,Npgsql,db.client.operation.npgsql.bytes_written (By / 1 sec)[db.client.connection.pool.name=Host=127.0.0.1;Port=5432;Username=postgres;Database=myapp_load;Maximum Pool Size=500],Rate,0
06/08/2026 11:49:51,System.Runtime,dotnet.assembly.count ({assembly}),Metric,156
06/08/2026 11:49:51,System.Runtime,dotnet.jit.compiled_methods ({method} / 1 sec),Rate,0
06/08/2026 11:49:52,System.Runtime,dotnet.gc.last_collection.memory.committed_size (By),Metric,408629248
06/08/2026 11:49:52,Npgsql,db.client.connection.npgsql.pending_requests ({request})[db.client.connection.pool.name=Host=127.0.0.1;Port=5432;Username=postgres;Database=myapp_load;Maximum Pool Size=500],Metric,0
06/08/2026 11:49:52,Npgsql,db.client.connection.max ({connection})[db.client.connection.pool.name=Host=127.0.0.1;Port=5432;Username=postgres;Database=myapp_load;Maximum Pool Size=500],Metric,500
06/08/2026 11:49:52,Npgsql,db.client.connection.count ({connection})[db.client.connection.pool.name=Host=127.0.0.1;Port=5432;Username=postgres;Database=myapp_load;Maximum Pool Size=500;db.client.connection.state=used],Metric,0
06/08/2026 11:49:52,Npgsql,db.client.connection.count ({connection})[db.client.connection.pool.name=Host=127.0.0.1;Port=5432;Username=postgres;Database=myapp_load;Maximum Pool Size=500;db.client.connection.state=idle],Metric,215
06/08/2026 11:49:52,Npgsql,db.client.operation.npgsql.bytes_read (By / 1 sec)[db.client.connection.pool.name=Host=127.0.0.1;Port=5432;Username=postgres;Database=myapp_load;Maximum Pool Size=500],Rate,0
06/08/2026 11:49:52,System.Runtime,dotnet.gc.collections ({collection} / 1 sec)[gc.heap.generation=gen1],Rate,0
06/08/2026 11:49:52,System.Runtime,dotnet.gc.collections ({collection} / 1 sec)[gc.heap.generation=gen0],Rate,0
06/08/2026 11:49:52,System.Runtime,dotnet.gc.collections ({collection} / 1 sec)[gc.heap.generation=gen2],Rate,0
06/08/2026 11:49:52,Npgsql,db.client.operation.npgsql.executing ({command})[db.client.connection.pool.name=Host=127.0.0.1;Port=5432;Username=postgres;Database=myapp_load;Maximum Pool Size=500],Metric,0
06/08/2026 11:49:52,System.Runtime,dotnet.thread_pool.work_item.count ({work_item} / 1 sec),Rate,1
06/08/2026 11:49:52,System.Runtime,dotnet.gc.pause.time (s / 1 sec),Rate,0
06/08/2026 11:49:52,System.Runtime,dotnet.timer.count ({timer}),Metric,3
06/08/2026 11:49:52,System.Runtime,dotnet.jit.compilation.time (s / 1 sec),Rate,0
06/08/2026 11:49:52,System.Runtime,dotnet.gc.last_collection.heap.size (By)[gc.heap.generation=gen1],Metric,91178840
06/08/2026 11:49:52,System.Runtime,dotnet.gc.last_collection.heap.size (By)[gc.heap.generation=loh],Metric,4626696
06/08/2026 11:49:52,System.Runtime,dotnet.gc.last_collection.heap.size (By)[gc.heap.generation=gen0],Metric,0
06/08/2026 11:49:52,System.Runtime,dotnet.gc.last_collection.heap.size (By)[gc.heap.generation=gen2],Metric,146917608
06/08/2026 11:49:52,System.Runtime,dotnet.gc.last_collection.heap.size (By)[gc.heap.generation=poh],Metric,3374840
06/08/2026 11:49:52,System.Runtime,dotnet.process.cpu.time (s / 1 sec)[cpu.mode=user],Rate,0
06/08/2026 11:49:52,System.Runtime,dotnet.process.cpu.time (s / 1 sec)[cpu.mode=system],Rate,0
06/08/2026 11:49:52,System.Runtime,dotnet.jit.compiled_il.size (By / 1 sec),Rate,0
06/08/2026 11:49:52,System.Runtime,dotnet.gc.heap.total_allocated (By / 1 sec),Rate,254080
06/08/2026 11:49:52,System.Runtime,dotnet.process.cpu.count ({cpu}),Metric,20
06/08/2026 11:49:52,System.Runtime,dotnet.monitor.lock_contentions ({contention} / 1 sec),Rate,0
06/08/2026 11:49:52,System.Runtime,dotnet.thread_pool.thread.count ({thread} / 1 sec),Rate,0
06/08/2026 11:49:52,System.Runtime,dotnet.exceptions ({exception} / 1 sec)[error.type=SocketException],Rate,0
06/08/2026 11:49:52,System.Runtime,dotnet.exceptions ({exception} / 1 sec)[error.type=TaskCanceledException],Rate,0
06/08/2026 11:49:52,System.Runtime,dotnet.exceptions ({exception} / 1 sec)[error.type=HttpRequestException],Rate,0
06/08/2026 11:49:52,System.Runtime,dotnet.exceptions ({exception} / 1 sec)[error.type=ConnectionResetException],Rate,0
06/08/2026 11:49:52,System.Runtime,dotnet.exceptions ({exception} / 1 sec)[error.type=NpgsqlException],Rate,0
06/08/2026 11:49:52,System.Runtime,dotnet.exceptions ({exception} / 1 sec)[error.type=OperationCanceledException],Rate,0
06/08/2026 11:49:52,System.Runtime,dotnet.gc.last_collection.heap.fragmentation.size (By)[gc.heap.generation=gen1],Metric,29842648
06/08/2026 11:49:52,System.Runtime,dotnet.gc.last_collection.heap.fragmentation.size (By)[gc.heap.generation=loh],Metric,768
06/08/2026 11:49:52,System.Runtime,dotnet.gc.last_collection.heap.fragmentation.size (By)[gc.heap.generation=gen0],Metric,0
06/08/2026 11:49:52,System.Runtime,dotnet.gc.last_collection.heap.fragmentation.size (By)[gc.heap.generation=gen2],Metric,21298544
06/08/2026 11:49:52,System.Runtime,dotnet.gc.last_collection.heap.fragmentation.size (By)[gc.heap.generation=poh],Metric,0
06/08/2026 11:49:52,Microsoft.AspNetCore.Hosting,http.server.active_requests ({request})[http.request.method=POST;url.scheme=http],Metric,0
06/08/2026 11:49:52,Microsoft.AspNetCore.Hosting,http.server.active_requests ({request})[http.request.method=GET;url.scheme=http],Metric,0
06/08/2026 11:49:52,System.Runtime,dotnet.process.memory.working_set (By),Metric,528031744
06/08/2026 11:49:52,System.Runtime,dotnet.thread_pool.queue.length ({work_item} / 1 sec),Rate,0
06/08/2026 11:49:52,Npgsql,db.client.operation.npgsql.bytes_written (By / 1 sec)[db.client.connection.pool.name=Host=127.0.0.1;Port=5432;Username=postgres;Database=myapp_load;Maximum Pool Size=500],Rate,0
06/08/2026 11:49:52,System.Runtime,dotnet.assembly.count ({assembly}),Metric,156
06/08/2026 11:49:52,System.Runtime,dotnet.jit.compiled_methods ({method} / 1 sec),Rate,0
06/08/2026 11:49:53,System.Runtime,dotnet.gc.last_collection.memory.committed_size (By),Metric,408629248
06/08/2026 11:49:53,Npgsql,db.client.connection.npgsql.pending_requests ({request})[db.client.connection.pool.name=Host=127.0.0.1;Port=5432;Username=postgres;Database=myapp_load;Maximum Pool Size=500],Metric,0
06/08/2026 11:49:53,Npgsql,db.client.connection.max ({connection})[db.client.connection.pool.name=Host=127.0.0.1;Port=5432;Username=postgres;Database=myapp_load;Maximum Pool Size=500],Metric,500
06/08/2026 11:49:53,Npgsql,db.client.connection.count ({connection})[db.client.connection.pool.name=Host=127.0.0.1;Port=5432;Username=postgres;Database=myapp_load;Maximum Pool Size=500;db.client.connection.state=used],Metric,0
06/08/2026 11:49:53,Npgsql,db.client.connection.count ({connection})[db.client.connection.pool.name=Host=127.0.0.1;Port=5432;Username=postgres;Database=myapp_load;Maximum Pool Size=500;db.client.connection.state=idle],Metric,215
06/08/2026 11:49:53,Npgsql,db.client.operation.npgsql.bytes_read (By / 1 sec)[db.client.connection.pool.name=Host=127.0.0.1;Port=5432;Username=postgres;Database=myapp_load;Maximum Pool Size=500],Rate,0
06/08/2026 11:49:53,System.Runtime,dotnet.gc.collections ({collection} / 1 sec)[gc.heap.generation=gen1],Rate,0
06/08/2026 11:49:53,System.Runtime,dotnet.gc.collections ({collection} / 1 sec)[gc.heap.generation=gen0],Rate,0
06/08/2026 11:49:53,System.Runtime,dotnet.gc.collections ({collection} / 1 sec)[gc.heap.generation=gen2],Rate,0
06/08/2026 11:49:53,Npgsql,db.client.operation.npgsql.executing ({command})[db.client.connection.pool.name=Host=127.0.0.1;Port=5432;Username=postgres;Database=myapp_load;Maximum Pool Size=500],Metric,0
06/08/2026 11:49:53,System.Runtime,dotnet.thread_pool.work_item.count ({work_item} / 1 sec),Rate,32
06/08/2026 11:49:53,System.Runtime,dotnet.gc.pause.time (s / 1 sec),Rate,0
06/08/2026 11:49:53,System.Runtime,dotnet.timer.count ({timer}),Metric,3
