Timestamp,Provider,Counter Name,Counter Type,Mean/Increment
06/08/2026 11:50:49,System.Runtime,dotnet.process.memory.working_set (By),Metric,89800704
06/08/2026 11:50:49,System.Runtime,dotnet.gc.last_collection.heap.size (By)[gc.heap.generation=poh],Metric,24528
06/08/2026 11:50:49,System.Runtime,dotnet.gc.last_collection.heap.size (By)[gc.heap.generation=loh],Metric,3518912
06/08/2026 11:50:49,System.Runtime,dotnet.gc.last_collection.heap.size (By)[gc.heap.generation=gen0],Metric,2617656
06/08/2026 11:50:49,System.Runtime,dotnet.gc.last_collection.heap.size (By)[gc.heap.generation=gen1],Metric,1312064
06/08/2026 11:50:49,System.Runtime,dotnet.gc.last_collection.heap.size (By)[gc.heap.generation=gen2],Metric,0
06/08/2026 11:50:49,Npgsql,db.client.connection.max ({connection})[db.client.connection.pool.name=Host=127.0.0.1;Port=5432;Username=postgres;Database=myapp_load;Maximum Pool Size=500],Metric,500
06/08/2026 11:50:49,System.Runtime,dotnet.process.cpu.count ({cpu}),Metric,20
06/08/2026 11:50:49,Npgsql,db.client.connection.count ({connection})[db.client.connection.pool.name=Host=127.0.0.1;Port=5432;Username=postgres;Database=myapp_load;Maximum Pool Size=500;db.client.connection.state=used],Metric,0
06/08/2026 11:50:49,Npgsql,db.client.connection.count ({connection})[db.client.connection.pool.name=Host=127.0.0.1;Port=5432;Username=postgres;Database=myapp_load;Maximum Pool Size=500;db.client.connection.state=idle],Metric,1
06/08/2026 11:50:49,System.Runtime,dotnet.gc.last_collection.heap.fragmentation.size (By)[gc.heap.generation=poh],Metric,0
06/08/2026 11:50:49,System.Runtime,dotnet.gc.last_collection.heap.fragmentation.size (By)[gc.heap.generation=loh],Metric,512
06/08/2026 11:50:49,System.Runtime,dotnet.gc.last_collection.heap.fragmentation.size (By)[gc.heap.generation=gen0],Metric,2615640
06/08/2026 11:50:49,System.Runtime,dotnet.gc.last_collection.heap.fragmentation.size (By)[gc.heap.generation=gen1],Metric,13920
06/08/2026 11:50:49,System.Runtime,dotnet.gc.last_collection.heap.fragmentation.size (By)[gc.heap.generation=gen2],Metric,0
06/08/2026 11:50:49,System.Runtime,dotnet.gc.last_collection.memory.committed_size (By),Metric,7704576
06/08/2026 11:50:49,System.Runtime,dotnet.assembly.count ({assembly}),Metric,148
06/08/2026 11:50:49,System.Runtime,dotnet.timer.count ({timer}),Metric,3
06/08/2026 11:50:50,System.Runtime,dotnet.thread_pool.work_item.count ({work_item} / 1 sec),Rate,0
06/08/2026 11:50:50,System.Runtime,dotnet.process.cpu.time (s / 1 sec)[cpu.mode=system],Rate,0.015625
06/08/2026 11:50:50,System.Runtime,dotnet.process.cpu.time (s / 1 sec)[cpu.mode=user],Rate,0.109375
06/08/2026 11:50:50,System.Runtime,dotnet.jit.compilation.time (s / 1 sec),Rate,0.15088649999999992
06/08/2026 11:50:50,System.Runtime,dotnet.process.memory.working_set (By),Metric,90202112
06/08/2026 11:50:50,System.Runtime,dotnet.jit.compiled_il.size (By / 1 sec),Rate,15573
06/08/2026 11:50:50,System.Runtime,dotnet.monitor.lock_contentions ({contention} / 1 sec),Rate,0
06/08/2026 11:50:50,System.Runtime,dotnet.gc.collections ({collection} / 1 sec)[gc.heap.generation=gen0],Rate,0
06/08/2026 11:50:50,System.Runtime,dotnet.gc.collections ({collection} / 1 sec)[gc.heap.generation=gen1],Rate,0
06/08/2026 11:50:50,System.Runtime,dotnet.gc.collections ({collection} / 1 sec)[gc.heap.generation=gen2],Rate,0
06/08/2026 11:50:50,System.Runtime,dotnet.gc.last_collection.heap.size (By)[gc.heap.generation=poh],Metric,24528
06/08/2026 11:50:50,System.Runtime,dotnet.gc.last_collection.heap.size (By)[gc.heap.generation=loh],Metric,3518912
06/08/2026 11:50:50,System.Runtime,dotnet.gc.last_collection.heap.size (By)[gc.heap.generation=gen0],Metric,2617656
06/08/2026 11:50:50,System.Runtime,dotnet.gc.last_collection.heap.size (By)[gc.heap.generation=gen1],Metric,1312064
06/08/2026 11:50:50,System.Runtime,dotnet.gc.last_collection.heap.size (By)[gc.heap.generation=gen2],Metric,0
06/08/2026 11:50:50,Npgsql,db.client.connection.max ({connection})[db.client.connection.pool.name=Host=127.0.0.1;Port=5432;Username=postgres;Database=myapp_load;Maximum Pool Size=500],Metric,500
06/08/2026 11:50:50,System.Runtime,dotnet.process.cpu.count ({cpu}),Metric,20
06/08/2026 11:50:50,Npgsql,db.client.connection.count ({connection})[db.client.connection.pool.name=Host=127.0.0.1;Port=5432;Username=postgres;Database=myapp_load;Maximum Pool Size=500;db.client.connection.state=used],Metric,0
06/08/2026 11:50:50,Npgsql,db.client.connection.count ({connection})[db.client.connection.pool.name=Host=127.0.0.1;Port=5432;Username=postgres;Database=myapp_load;Maximum Pool Size=500;db.client.connection.state=idle],Metric,1
06/08/2026 11:50:50,System.Runtime,dotnet.gc.last_collection.heap.fragmentation.size (By)[gc.heap.generation=poh],Metric,0
06/08/2026 11:50:50,System.Runtime,dotnet.gc.last_collection.heap.fragmentation.size (By)[gc.heap.generation=loh],Metric,512
06/08/2026 11:50:50,System.Runtime,dotnet.gc.last_collection.heap.fragmentation.size (By)[gc.heap.generation=gen0],Metric,2615640
06/08/2026 11:50:50,System.Runtime,dotnet.gc.last_collection.heap.fragmentation.size (By)[gc.heap.generation=gen1],Metric,13920
06/08/2026 11:50:50,System.Runtime,dotnet.gc.last_collection.heap.fragmentation.size (By)[gc.heap.generation=gen2],Metric,0
06/08/2026 11:50:50,System.Runtime,dotnet.gc.last_collection.memory.committed_size (By),Metric,7704576
06/08/2026 11:50:50,System.Runtime,dotnet.gc.heap.total_allocated (By / 1 sec),Rate,57392
06/08/2026 11:50:50,System.Runtime,dotnet.thread_pool.thread.count ({thread} / 1 sec),Rate,0
06/08/2026 11:50:50,System.Runtime,dotnet.jit.compiled_methods ({method} / 1 sec),Rate,132
06/08/2026 11:50:50,System.Runtime,dotnet.gc.pause.time (s / 1 sec),Rate,0
06/08/2026 11:50:50,System.Runtime,dotnet.assembly.count ({assembly}),Metric,148
06/08/2026 11:50:50,System.Runtime,dotnet.timer.count ({timer}),Metric,3
06/08/2026 11:50:50,System.Runtime,dotnet.thread_pool.queue.length ({work_item} / 1 sec),Rate,0
06/08/2026 11:50:51,System.Runtime,dotnet.thread_pool.work_item.count ({work_item} / 1 sec),Rate,0
06/08/2026 11:50:51,System.Runtime,dotnet.process.cpu.time (s / 1 sec)[cpu.mode=system],Rate,0
06/08/2026 11:50:51,System.Runtime,dotnet.process.cpu.time (s / 1 sec)[cpu.mode=user],Rate,0.109375
06/08/2026 11:50:51,System.Runtime,dotnet.jit.compilation.time (s / 1 sec),Rate,0.12113200000000024
06/08/2026 11:50:51,System.Runtime,dotnet.process.memory.working_set (By),Metric,90394624
06/08/2026 11:50:51,System.Runtime,dotnet.jit.compiled_il.size (By / 1 sec),Rate,11954
06/08/2026 11:50:51,System.Runtime,dotnet.monitor.lock_contentions ({contention} / 1 sec),Rate,0
06/08/2026 11:50:51,System.Runtime,dotnet.gc.collections ({collection} / 1 sec)[gc.heap.generation=gen0],Rate,0
06/08/2026 11:50:51,System.Runtime,dotnet.gc.collections ({collection} / 1 sec)[gc.heap.generation=gen1],Rate,0
06/08/2026 11:50:51,System.Runtime,dotnet.gc.collections ({collection} / 1 sec)[gc.heap.generation=gen2],Rate,0
06/08/2026 11:50:51,System.Runtime,dotnet.gc.last_collection.heap.size (By)[gc.heap.generation=poh],Metric,24528
06/08/2026 11:50:51,System.Runtime,dotnet.gc.last_collection.heap.size (By)[gc.heap.generation=loh],Metric,3518912
06/08/2026 11:50:51,System.Runtime,dotnet.gc.last_collection.heap.size (By)[gc.heap.generation=gen0],Metric,2617656
06/08/2026 11:50:51,System.Runtime,dotnet.gc.last_collection.heap.size (By)[gc.heap.generation=gen1],Metric,1312064
06/08/2026 11:50:51,System.Runtime,dotnet.gc.last_collection.heap.size (By)[gc.heap.generation=gen2],Metric,0
06/08/2026 11:50:51,Npgsql,db.client.connection.max ({connection})[db.client.connection.pool.name=Host=127.0.0.1;Port=5432;Username=postgres;Database=myapp_load;Maximum Pool Size=500],Metric,500
06/08/2026 11:50:51,System.Runtime,dotnet.process.cpu.count ({cpu}),Metric,20
06/08/2026 11:50:51,Npgsql,db.client.connection.count ({connection})[db.client.connection.pool.name=Host=127.0.0.1;Port=5432;Username=postgres;Database=myapp_load;Maximum Pool Size=500;db.client.connection.state=used],Metric,0
06/08/2026 11:50:51,Npgsql,db.client.connection.count ({connection})[db.client.connection.pool.name=Host=127.0.0.1;Port=5432;Username=postgres;Database=myapp_load;Maximum Pool Size=500;db.client.connection.state=idle],Metric,1
06/08/2026 11:50:51,System.Runtime,dotnet.gc.last_collection.heap.fragmentation.size (By)[gc.heap.generation=poh],Metric,0
06/08/2026 11:50:51,System.Runtime,dotnet.gc.last_collection.heap.fragmentation.size (By)[gc.heap.generation=loh],Metric,512
06/08/2026 11:50:51,System.Runtime,dotnet.gc.last_collection.heap.fragmentation.size (By)[gc.heap.generation=gen0],Metric,2615640
06/08/2026 11:50:51,System.Runtime,dotnet.gc.last_collection.heap.fragmentation.size (By)[gc.heap.generation=gen1],Metric,13920
06/08/2026 11:50:51,System.Runtime,dotnet.gc.last_collection.heap.fragmentation.size (By)[gc.heap.generation=gen2],Metric,0
06/08/2026 11:50:51,System.Runtime,dotnet.gc.last_collection.memory.committed_size (By),Metric,7704576
06/08/2026 11:50:51,System.Runtime,dotnet.gc.heap.total_allocated (By / 1 sec),Rate,32784
06/08/2026 11:50:51,System.Runtime,dotnet.thread_pool.thread.count ({thread} / 1 sec),Rate,0
06/08/2026 11:50:51,System.Runtime,dotnet.jit.compiled_methods ({method} / 1 sec),Rate,106
06/08/2026 11:50:51,System.Runtime,dotnet.gc.pause.time (s / 1 sec),Rate,0
06/08/2026 11:50:51,System.Runtime,dotnet.assembly.count ({assembly}),Metric,148
06/08/2026 11:50:51,System.Runtime,dotnet.timer.count ({timer}),Metric,3
06/08/2026 11:50:51,System.Runtime,dotnet.thread_pool.queue.length ({work_item} / 1 sec),Rate,0
06/08/2026 11:50:52,System.Runtime,dotnet.thread_pool.work_item.count ({work_item} / 1 sec),Rate,0
06/08/2026 11:50:52,System.Runtime,dotnet.process.cpu.time (s / 1 sec)[cpu.mode=system],Rate,0.03125
06/08/2026 11:50:52,System.Runtime,dotnet.process.cpu.time (s / 1 sec)[cpu.mode=user],Rate,0.0625
06/08/2026 11:50:52,System.Runtime,dotnet.jit.compilation.time (s / 1 sec),Rate,0.10169629999999996
06/08/2026 11:50:52,System.Runtime,dotnet.process.memory.working_set (By),Metric,90468352
06/08/2026 11:50:52,System.Runtime,dotnet.jit.compiled_il.size (By / 1 sec),Rate,5151
06/08/2026 11:50:52,System.Runtime,dotnet.monitor.lock_contentions ({contention} / 1 sec),Rate,0
06/08/2026 11:50:52,System.Runtime,dotnet.gc.collections ({collection} / 1 sec)[gc.heap.generation=gen0],Rate,0
06/08/2026 11:50:52,System.Runtime,dotnet.gc.collections ({collection} / 1 sec)[gc.heap.generation=gen1],Rate,0
06/08/2026 11:50:52,System.Runtime,dotnet.gc.collections ({collection} / 1 sec)[gc.heap.generation=gen2],Rate,0
06/08/2026 11:50:52,System.Runtime,dotnet.gc.last_collection.heap.size (By)[gc.heap.generation=poh],Metric,24528
06/08/2026 11:50:52,System.Runtime,dotnet.gc.last_collection.heap.size (By)[gc.heap.generation=loh],Metric,3518912
06/08/2026 11:50:52,System.Runtime,dotnet.gc.last_collection.heap.size (By)[gc.heap.generation=gen0],Metric,2617656
06/08/2026 11:50:52,System.Runtime,dotnet.gc.last_collection.heap.size (By)[gc.heap.generation=gen1],Metric,1312064
06/08/2026 11:50:52,System.Runtime,dotnet.gc.last_collection.heap.size (By)[gc.heap.generation=gen2],Metric,0
06/08/2026 11:50:52,Npgsql,db.client.connection.max ({connection})[db.client.connection.pool.name=Host=127.0.0.1;Port=5432;Username=postgres;Database=myapp_load;Maximum Pool Size=500],Metric,500
06/08/2026 11:50:52,System.Runtime,dotnet.process.cpu.count ({cpu}),Metric,20
06/08/2026 11:50:52,Npgsql,db.client.connection.count ({connection})[db.client.connection.pool.name=Host=127.0.0.1;Port=5432;Username=postgres;Database=myapp_load;Maximum Pool Size=500;db.client.connection.state=used],Metric,0
06/08/2026 11:50:52,Npgsql,db.client.connection.count ({connection})[db.client.connection.pool.name=Host=127.0.0.1;Port=5432;Username=postgres;Database=myapp_load;Maximum Pool Size=500;db.client.connection.state=idle],Metric,1
06/08/2026 11:50:52,System.Runtime,dotnet.gc.last_collection.heap.fragmentation.size (By)[gc.heap.generation=poh],Metric,0
06/08/2026 11:50:52,System.Runtime,dotnet.gc.last_collection.heap.fragmentation.size (By)[gc.heap.generation=loh],Metric,512
06/08/2026 11:50:52,System.Runtime,dotnet.gc.last_collection.heap.fragmentation.size (By)[gc.heap.generation=gen0],Metric,2615640
06/08/2026 11:50:52,System.Runtime,dotnet.gc.last_collection.heap.fragmentation.size (By)[gc.heap.generation=gen1],Metric,13920
06/08/2026 11:50:52,System.Runtime,dotnet.gc.last_collection.heap.fragmentation.size (By)[gc.heap.generation=gen2],Metric,0
06/08/2026 11:50:52,System.Runtime,dotnet.gc.last_collection.memory.committed_size (By),Metric,7704576
06/08/2026 11:50:52,System.Runtime,dotnet.gc.heap.total_allocated (By / 1 sec),Rate,32800
06/08/2026 11:50:52,System.Runtime,dotnet.thread_pool.thread.count ({thread} / 1 sec),Rate,0
06/08/2026 11:50:52,System.Runtime,dotnet.jit.compiled_methods ({method} / 1 sec),Rate,67
06/08/2026 11:50:52,System.Runtime,dotnet.gc.pause.time (s / 1 sec),Rate,0
06/08/2026 11:50:52,System.Runtime,dotnet.assembly.count ({assembly}),Metric,148
06/08/2026 11:50:52,System.Runtime,dotnet.timer.count ({timer}),Metric,3
06/08/2026 11:50:52,System.Runtime,dotnet.thread_pool.queue.length ({work_item} / 1 sec),Rate,0
06/08/2026 11:50:53,System.Runtime,dotnet.thread_pool.work_item.count ({work_item} / 1 sec),Rate,0
06/08/2026 11:50:53,System.Runtime,dotnet.process.cpu.time (s / 1 sec)[cpu.mode=system],Rate,0
06/08/2026 11:50:53,System.Runtime,dotnet.process.cpu.time (s / 1 sec)[cpu.mode=user],Rate,0.015625
06/08/2026 11:50:53,System.Runtime,dotnet.jit.compilation.time (s / 1 sec),Rate,0.037440999999999836
06/08/2026 11:50:53,System.Runtime,dotnet.process.memory.working_set (By),Metric,90529792
06/08/2026 11:50:53,System.Runtime,dotnet.jit.compiled_il.size (By / 1 sec),Rate,2480
06/08/2026 11:50:53,System.Runtime,dotnet.monitor.lock_contentions ({contention} / 1 sec),Rate,0
06/08/2026 11:50:53,System.Runtime,dotnet.gc.collections ({collection} / 1 sec)[gc.heap.generation=gen0],Rate,0
06/08/2026 11:50:53,System.Runtime,dotnet.gc.collections ({collection} / 1 sec)[gc.heap.generation=gen1],Rate,0
06/08/2026 11:50:53,System.Runtime,dotnet.gc.collections ({collection} / 1 sec)[gc.heap.generation=gen2],Rate,0
06/08/2026 11:50:53,System.Runtime,dotnet.gc.last_collection.heap.size (By)[gc.heap.generation=poh],Metric,24528
06/08/2026 11:50:53,System.Runtime,dotnet.gc.last_collection.heap.size (By)[gc.heap.generation=loh],Metric,3518912
06/08/2026 11:50:53,System.Runtime,dotnet.gc.last_collection.heap.size (By)[gc.heap.generation=gen0],Metric,2617656
06/08/2026 11:50:53,System.Runtime,dotnet.gc.last_collection.heap.size (By)[gc.heap.generation=gen1],Metric,1312064
06/08/2026 11:50:53,System.Runtime,dotnet.gc.last_collection.heap.size (By)[gc.heap.generation=gen2],Metric,0
06/08/2026 11:50:53,Npgsql,db.client.connection.max ({connection})[db.client.connection.pool.name=Host=127.0.0.1;Port=5432;Username=postgres;Database=myapp_load;Maximum Pool Size=500],Metric,500
06/08/2026 11:50:53,System.Runtime,dotnet.process.cpu.count ({cpu}),Metric,20
06/08/2026 11:50:53,Npgsql,db.client.connection.count ({connection})[db.client.connection.pool.name=Host=127.0.0.1;Port=5432;Username=postgres;Database=myapp_load;Maximum Pool Size=500;db.client.connection.state=used],Metric,0
06/08/2026 11:50:53,Npgsql,db.client.connection.count ({connection})[db.client.connection.pool.name=Host=127.0.0.1;Port=5432;Username=postgres;Database=myapp_load;Maximum Pool Size=500;db.client.connection.state=idle],Metric,1
06/08/2026 11:50:53,System.Runtime,dotnet.gc.last_collection.heap.fragmentation.size (By)[gc.heap.generation=poh],Metric,0
06/08/2026 11:50:53,System.Runtime,dotnet.gc.last_collection.heap.fragmentation.size (By)[gc.heap.generation=loh],Metric,512
06/08/2026 11:50:53,System.Runtime,dotnet.gc.last_collection.heap.fragmentation.size (By)[gc.heap.generation=gen0],Metric,2615640
06/08/2026 11:50:53,System.Runtime,dotnet.gc.last_collection.heap.fragmentation.size (By)[gc.heap.generation=gen1],Metric,13920
06/08/2026 11:50:53,System.Runtime,dotnet.gc.last_collection.heap.fragmentation.size (By)[gc.heap.generation=gen2],Metric,0
06/08/2026 11:50:53,System.Runtime,dotnet.gc.last_collection.memory.committed_size (By),Metric,7704576
06/08/2026 11:50:53,System.Runtime,dotnet.gc.heap.total_allocated (By / 1 sec),Rate,40952
06/08/2026 11:50:53,System.Runtime,dotnet.thread_pool.thread.count ({thread} / 1 sec),Rate,0
06/08/2026 11:50:53,System.Runtime,dotnet.jit.compiled_methods ({method} / 1 sec),Rate,37
06/08/2026 11:50:53,System.Runtime,dotnet.gc.pause.time (s / 1 sec),Rate,0
06/08/2026 11:50:53,System.Runtime,dotnet.assembly.count ({assembly}),Metric,148
06/08/2026 11:50:53,System.Runtime,dotnet.timer.count ({timer}),Metric,3
06/08/2026 11:50:53,System.Runtime,dotnet.thread_pool.queue.length ({work_item} / 1 sec),Rate,0
06/08/2026 11:50:54,System.Runtime,dotnet.thread_pool.work_item.count ({work_item} / 1 sec),Rate,0
06/08/2026 11:50:54,System.Runtime,dotnet.process.cpu.time (s / 1 sec)[cpu.mode=system],Rate,0
06/08/2026 11:50:54,System.Runtime,dotnet.process.cpu.time (s / 1 sec)[cpu.mode=user],Rate,0.015625
06/08/2026 11:50:54,System.Runtime,dotnet.jit.compilation.time (s / 1 sec),Rate,0.042100000000000026
06/08/2026 11:50:54,System.Runtime,dotnet.process.memory.working_set (By),Metric,90550272
06/08/2026 11:50:54,System.Runtime,dotnet.jit.compiled_il.size (By / 1 sec),Rate,1277
06/08/2026 11:50:54,System.Runtime,dotnet.monitor.lock_contentions ({contention} / 1 sec),Rate,0
06/08/2026 11:50:54,System.Runtime,dotnet.gc.collections ({collection} / 1 sec)[gc.heap.generation=gen0],Rate,0
06/08/2026 11:50:54,System.Runtime,dotnet.gc.collections ({collection} / 1 sec)[gc.heap.generation=gen1],Rate,0
06/08/2026 11:50:54,System.Runtime,dotnet.gc.collections ({collection} / 1 sec)[gc.heap.generation=gen2],Rate,0
06/08/2026 11:50:54,System.Runtime,dotnet.gc.last_collection.heap.size (By)[gc.heap.generation=poh],Metric,24528
06/08/2026 11:50:54,System.Runtime,dotnet.gc.last_collection.heap.size (By)[gc.heap.generation=loh],Metric,3518912
06/08/2026 11:50:54,System.Runtime,dotnet.gc.last_collection.heap.size (By)[gc.heap.generation=gen0],Metric,2617656
06/08/2026 11:50:54,System.Runtime,dotnet.gc.last_collection.heap.size (By)[gc.heap.generation=gen1],Metric,1312064
06/08/2026 11:50:54,System.Runtime,dotnet.gc.last_collection.heap.size (By)[gc.heap.generation=gen2],Metric,0
06/08/2026 11:50:54,Npgsql,db.client.connection.max ({connection})[db.client.connection.pool.name=Host=127.0.0.1;Port=5432;Username=postgres;Database=myapp_load;Maximum Pool Size=500],Metric,500
06/08/2026 11:50:54,System.Runtime,dotnet.process.cpu.count ({cpu}),Metric,20
06/08/2026 11:50:54,Npgsql,db.client.connection.count ({connection})[db.client.connection.pool.name=Host=127.0.0.1;Port=5432;Username=postgres;Database=myapp_load;Maximum Pool Size=500;db.client.connection.state=used],Metric,0
06/08/2026 11:50:54,Npgsql,db.client.connection.count ({connection})[db.client.connection.pool.name=Host=127.0.0.1;Port=5432;Username=postgres;Database=myapp_load;Maximum Pool Size=500;db.client.connection.state=idle],Metric,1
06/08/2026 11:50:54,System.Runtime,dotnet.gc.last_collection.heap.fragmentation.size (By)[gc.heap.generation=poh],Metric,0
06/08/2026 11:50:54,System.Runtime,dotnet.gc.last_collection.heap.fragmentation.size (By)[gc.heap.generation=loh],Metric,512
06/08/2026 11:50:54,System.Runtime,dotnet.gc.last_collection.heap.fragmentation.size (By)[gc.heap.generation=gen0],Metric,2615640
06/08/2026 11:50:54,System.Runtime,dotnet.gc.last_collection.heap.fragmentation.size (By)[gc.heap.generation=gen1],Metric,13920
06/08/2026 11:50:54,System.Runtime,dotnet.gc.last_collection.heap.fragmentation.size (By)[gc.heap.generation=gen2],Metric,0
06/08/2026 11:50:54,System.Runtime,dotnet.gc.last_collection.memory.committed_size (By),Metric,7704576
06/08/2026 11:50:54,System.Runtime,dotnet.gc.heap.total_allocated (By / 1 sec),Rate,40936
06/08/2026 11:50:54,System.Runtime,dotnet.thread_pool.thread.count ({thread} / 1 sec),Rate,0
06/08/2026 11:50:54,System.Runtime,dotnet.jit.compiled_methods ({method} / 1 sec),Rate,21
06/08/2026 11:50:54,System.Runtime,dotnet.gc.pause.time (s / 1 sec),Rate,0
06/08/2026 11:50:54,System.Runtime,dotnet.assembly.count ({assembly}),Metric,148
06/08/2026 11:50:54,System.Runtime,dotnet.timer.count ({timer}),Metric,3
06/08/2026 11:50:54,System.Runtime,dotnet.thread_pool.queue.length ({work_item} / 1 sec),Rate,0
06/08/2026 11:50:55,System.Runtime,dotnet.thread_pool.work_item.count ({work_item} / 1 sec),Rate,462
06/08/2026 11:50:55,Npgsql,db.client.operation.npgsql.bytes_read (By / 1 sec)[db.client.connection.pool.name=Host=127.0.0.1;Port=5432;Username=postgres;Database=myapp_load;Maximum Pool Size=500],Rate,8843
06/08/2026 11:50:55,System.Runtime,dotnet.process.cpu.time (s / 1 sec)[cpu.mode=system],Rate,0.1875
06/08/2026 11:50:55,System.Runtime,dotnet.process.cpu.time (s / 1 sec)[cpu.mode=user],Rate,0.6875
06/08/2026 11:50:55,System.Runtime,dotnet.jit.compilation.time (s / 1 sec),Rate,0.5246491
06/08/2026 11:50:55,Npgsql,db.client.operation.npgsql.prepared_ratio[db.client.connection.pool.name=Host=127.0.0.1;Port=5432;Username=postgres;Database=myapp_load;Maximum Pool Size=500],Metric,0
06/08/2026 11:50:55,System.Runtime,dotnet.process.memory.working_set (By),Metric,95264768
06/08/2026 11:50:55,Microsoft.AspNetCore.Hosting,http.server.active_requests ({request})[http.request.method=POST;url.scheme=http],Metric,1
06/08/2026 11:50:55,System.Runtime,dotnet.jit.compiled_il.size (By / 1 sec),Rate,96107
06/08/2026 11:50:55,System.Runtime,dotnet.monitor.lock_contentions ({contention} / 1 sec),Rate,0
06/08/2026 11:50:55,System.Runtime,dotnet.gc.collections ({collection} / 1 sec)[gc.heap.generation=gen0],Rate,0
06/08/2026 11:50:55,System.Runtime,dotnet.gc.collections ({collection} / 1 sec)[gc.heap.generation=gen1],Rate,1
06/08/2026 11:50:55,System.Runtime,dotnet.gc.collections ({collection} / 1 sec)[gc.heap.generation=gen2],Rate,0
06/08/2026 11:50:55,Microsoft.AspNetCore.Hosting,http.server.request.duration (s)[http.request.method=POST;http.response.status_code=201;http.route=/orders;network.protocol.version=1.1;url.scheme=http;Percentile=50],Metric,0.00640869140625
06/08/2026 11:50:55,Microsoft.AspNetCore.Hosting,http.server.request.duration (s)[http.request.method=POST;http.response.status_code=201;http.route=/orders;network.protocol.version=1.1;url.scheme=http;Percentile=95],Metric,0.0117645263671875
06/08/2026 11:50:55,Microsoft.AspNetCore.Hosting,http.server.request.duration (s)[http.request.method=POST;http.response.status_code=201;http.route=/orders;network.protocol.version=1.1;url.scheme=http;Percentile=99],Metric,0.24169921875
06/08/2026 11:50:55,Npgsql,db.client.operation.npgsql.executing ({command})[db.client.connection.pool.name=Host=127.0.0.1;Port=5432;Username=postgres;Database=myapp_load;Maximum Pool Size=500],Metric,1
06/08/2026 11:50:55,System.Runtime,dotnet.gc.last_collection.heap.size (By)[gc.heap.generation=poh],Metric,78840
06/08/2026 11:50:55,System.Runtime,dotnet.gc.last_collection.heap.size (By)[gc.heap.generation=loh],Metric,4626696
06/08/2026 11:50:55,System.Runtime,dotnet.gc.last_collection.heap.size (By)[gc.heap.generation=gen0],Metric,834368
06/08/2026 11:50:55,System.Runtime,dotnet.gc.last_collection.heap.size (By)[gc.heap.generation=gen1],Metric,1137776
06/08/2026 11:50:55,System.Runtime,dotnet.gc.last_collection.heap.size (By)[gc.heap.generation=gen2],Metric,1207728
06/08/2026 11:50:55,Npgsql,db.client.connection.max ({connection})[db.client.connection.pool.name=Host=127.0.0.1;Port=5432;Username=postgres;Database=myapp_load;Maximum Pool Size=500],Metric,500
06/08/2026 11:50:55,System.Runtime,dotnet.process.cpu.count ({cpu}),Metric,20
06/08/2026 11:50:55,Npgsql,db.client.connection.count ({connection})[db.client.connection.pool.name=Host=127.0.0.1;Port=5432;Username=postgres;Database=myapp_load;Maximum Pool Size=500;db.client.connection.state=used],Metric,1
06/08/2026 11:50:55,Npgsql,db.client.connection.count ({connection})[db.client.connection.pool.name=Host=127.0.0.1;Port=5432;Username=postgres;Database=myapp_load;Maximum Pool Size=500;db.client.connection.state=idle],Metric,0
06/08/2026 11:50:55,System.Runtime,dotnet.gc.last_collection.heap.fragmentation.size (By)[gc.heap.generation=poh],Metric,0
06/08/2026 11:50:55,System.Runtime,dotnet.gc.last_collection.heap.fragmentation.size (By)[gc.heap.generation=loh],Metric,768
06/08/2026 11:50:55,System.Runtime,dotnet.gc.last_collection.heap.fragmentation.size (By)[gc.heap.generation=gen0],Metric,833984
06/08/2026 11:50:55,System.Runtime,dotnet.gc.last_collection.heap.fragmentation.size (By)[gc.heap.generation=gen1],Metric,13272
06/08/2026 11:50:55,System.Runtime,dotnet.gc.last_collection.heap.fragmentation.size (By)[gc.heap.generation=gen2],Metric,0
06/08/2026 11:50:55,System.Runtime,dotnet.gc.last_collection.memory.committed_size (By),Metric,10203136
06/08/2026 11:50:55,Npgsql,db.client.operation.duration (s)[db.client.connection.pool.name=Host=127.0.0.1;Port=5432;Username=postgres;Database=myapp_load;Maximum Pool Size=500;db.system.name=postgresql;server.address=127.0.0.1;server.port=5432;Percentile=50],Metric,0.00493621826171875
06/08/2026 11:50:55,Npgsql,db.client.operation.duration (s)[db.client.connection.pool.name=Host=127.0.0.1;Port=5432;Username=postgres;Database=myapp_load;Maximum Pool Size=500;db.system.name=postgresql;server.address=127.0.0.1;server.port=5432;Percentile=95],Metric,0.00751495361328125
06/08/2026 11:50:55,Npgsql,db.client.operation.duration (s)[db.client.connection.pool.name=Host=127.0.0.1;Port=5432;Username=postgres;Database=myapp_load;Maximum Pool Size=500;db.system.name=postgresql;server.address=127.0.0.1;server.port=5432;Percentile=99],Metric,0.021392822265625
06/08/2026 11:50:55,System.Runtime,dotnet.gc.heap.total_allocated (By / 1 sec),Rate,2290040
06/08/2026 11:50:55,System.Runtime,dotnet.thread_pool.thread.count ({thread} / 1 sec),Rate,0
06/08/2026 11:50:55,System.Runtime,dotnet.jit.compiled_methods ({method} / 1 sec),Rate,1162
06/08/2026 11:50:55,Npgsql,db.client.operation.npgsql.bytes_written (By / 1 sec)[db.client.connection.pool.name=Host=127.0.0.1;Port=5432;Username=postgres;Database=myapp_load;Maximum Pool Size=500],Rate,18308
06/08/2026 11:50:55,System.Runtime,dotnet.gc.pause.time (s / 1 sec),Rate,0.006683
06/08/2026 11:50:55,System.Runtime,dotnet.assembly.count ({assembly}),Metric,150
06/08/2026 11:50:55,System.Runtime,dotnet.timer.count ({timer}),Metric,4
06/08/2026 11:50:55,System.Runtime,dotnet.thread_pool.queue.length ({work_item} / 1 sec),Rate,0
06/08/2026 11:50:56,System.Runtime,dotnet.thread_pool.work_item.count ({work_item} / 1 sec),Rate,275
06/08/2026 11:50:56,Npgsql,db.client.operation.npgsql.bytes_read (By / 1 sec)[db.client.connection.pool.name=Host=127.0.0.1;Port=5432;Username=postgres;Database=myapp_load;Maximum Pool Size=500],Rate,5563
06/08/2026 11:50:56,System.Runtime,dotnet.process.cpu.time (s / 1 sec)[cpu.mode=system],Rate,0.140625
06/08/2026 11:50:56,System.Runtime,dotnet.process.cpu.time (s / 1 sec)[cpu.mode=user],Rate,0.25
06/08/2026 11:50:56,System.Runtime,dotnet.jit.compilation.time (s / 1 sec),Rate,0.3004043999999997
06/08/2026 11:50:56,Npgsql,db.client.operation.npgsql.prepared_ratio[db.client.connection.pool.name=Host=127.0.0.1;Port=5432;Username=postgres;Database=myapp_load;Maximum Pool Size=500],Metric,0
06/08/2026 11:50:56,System.Runtime,dotnet.process.memory.working_set (By),Metric,95625216
06/08/2026 11:50:56,Microsoft.AspNetCore.Hosting,http.server.active_requests ({request})[http.request.method=POST;url.scheme=http],Metric,1
06/08/2026 11:50:56,System.Runtime,dotnet.jit.compiled_il.size (By / 1 sec),Rate,10024
06/08/2026 11:50:56,System.Runtime,dotnet.monitor.lock_contentions ({contention} / 1 sec),Rate,0
06/08/2026 11:50:56,System.Runtime,dotnet.gc.collections ({collection} / 1 sec)[gc.heap.generation=gen0],Rate,1
06/08/2026 11:50:56,System.Runtime,dotnet.gc.collections ({collection} / 1 sec)[gc.heap.generation=gen1],Rate,0
06/08/2026 11:50:56,System.Runtime,dotnet.gc.collections ({collection} / 1 sec)[gc.heap.generation=gen2],Rate,0
06/08/2026 11:50:56,Microsoft.AspNetCore.Hosting,http.server.request.duration (s)[http.request.method=POST;http.response.status_code=201;http.route=/orders;network.protocol.version=1.1;url.scheme=http;Percentile=50],Metric,0.010711669921875
06/08/2026 11:50:56,Microsoft.AspNetCore.Hosting,http.server.request.duration (s)[http.request.method=POST;http.response.status_code=201;http.route=/orders;network.protocol.version=1.1;url.scheme=http;Percentile=95],Metric,0.036376953125
06/08/2026 11:50:56,Microsoft.AspNetCore.Hosting,http.server.request.duration (s)[http.request.method=POST;http.response.status_code=201;http.route=/orders;network.protocol.version=1.1;url.scheme=http;Percentile=99],Metric,0.0677490234375
06/08/2026 11:50:56,Npgsql,db.client.operation.npgsql.executing ({command})[db.client.connection.pool.name=Host=127.0.0.1;Port=5432;Username=postgres;Database=myapp_load;Maximum Pool Size=500],Metric,1
06/08/2026 11:50:56,System.Runtime,dotnet.gc.last_collection.heap.size (By)[gc.heap.generation=poh],Metric,78840
06/08/2026 11:50:56,System.Runtime,dotnet.gc.last_collection.heap.size (By)[gc.heap.generation=loh],Metric,4626696
06/08/2026 11:50:56,System.Runtime,dotnet.gc.last_collection.heap.size (By)[gc.heap.generation=gen0],Metric,834368
06/08/2026 11:50:56,System.Runtime,dotnet.gc.last_collection.heap.size (By)[gc.heap.generation=gen1],Metric,1137776
06/08/2026 11:50:56,System.Runtime,dotnet.gc.last_collection.heap.size (By)[gc.heap.generation=gen2],Metric,1207728
06/08/2026 11:50:56,Npgsql,db.client.connection.max ({connection})[db.client.connection.pool.name=Host=127.0.0.1;Port=5432;Username=postgres;Database=myapp_load;Maximum Pool Size=500],Metric,500
06/08/2026 11:50:56,System.Runtime,dotnet.process.cpu.count ({cpu}),Metric,20
06/08/2026 11:50:56,Npgsql,db.client.connection.count ({connection})[db.client.connection.pool.name=Host=127.0.0.1;Port=5432;Username=postgres;Database=myapp_load;Maximum Pool Size=500;db.client.connection.state=used],Metric,1
06/08/2026 11:50:56,Npgsql,db.client.connection.count ({connection})[db.client.connection.pool.name=Host=127.0.0.1;Port=5432;Username=postgres;Database=myapp_load;Maximum Pool Size=500;db.client.connection.state=idle],Metric,0
06/08/2026 11:50:56,System.Runtime,dotnet.gc.last_collection.heap.fragmentation.size (By)[gc.heap.generation=poh],Metric,0
06/08/2026 11:50:56,System.Runtime,dotnet.gc.last_collection.heap.fragmentation.size (By)[gc.heap.generation=loh],Metric,768
06/08/2026 11:50:56,System.Runtime,dotnet.gc.last_collection.heap.fragmentation.size (By)[gc.heap.generation=gen0],Metric,586280
06/08/2026 11:50:56,System.Runtime,dotnet.gc.last_collection.heap.fragmentation.size (By)[gc.heap.generation=gen1],Metric,13272
06/08/2026 11:50:56,System.Runtime,dotnet.gc.last_collection.heap.fragmentation.size (By)[gc.heap.generation=gen2],Metric,0
06/08/2026 11:50:56,System.Runtime,dotnet.gc.last_collection.memory.committed_size (By),Metric,10203136
06/08/2026 11:50:56,Npgsql,db.client.operation.duration (s)[db.client.connection.pool.name=Host=127.0.0.1;Port=5432;Username=postgres;Database=myapp_load;Maximum Pool Size=500;db.system.name=postgresql;server.address=127.0.0.1;server.port=5432;Percentile=50],Metric,0.008514404296875
06/08/2026 11:50:56,Npgsql,db.client.operation.duration (s)[db.client.connection.pool.name=Host=127.0.0.1;Port=5432;Username=postgres;Database=myapp_load;Maximum Pool Size=500;db.system.name=postgresql;server.address=127.0.0.1;server.port=5432;Percentile=95],Metric,0.0347900390625
06/08/2026 11:50:56,Npgsql,db.client.operation.duration (s)[db.client.connection.pool.name=Host=127.0.0.1;Port=5432;Username=postgres;Database=myapp_load;Maximum Pool Size=500;db.system.name=postgresql;server.address=127.0.0.1;server.port=5432;Percentile=99],Metric,0.0653076171875
06/08/2026 11:50:56,System.Runtime,dotnet.gc.heap.total_allocated (By / 1 sec),Rate,1347984
06/08/2026 11:50:56,System.Runtime,dotnet.thread_pool.thread.count ({thread} / 1 sec),Rate,0
06/08/2026 11:50:56,System.Runtime,dotnet.jit.compiled_methods ({method} / 1 sec),Rate,146
06/08/2026 11:50:56,Npgsql,db.client.operation.npgsql.bytes_written (By / 1 sec)[db.client.connection.pool.name=Host=127.0.0.1;Port=5432;Username=postgres;Database=myapp_load;Maximum Pool Size=500],Rate,11144
06/08/2026 11:50:56,System.Runtime,dotnet.gc.pause.time (s / 1 sec),Rate,0.0034639999999999983
06/08/2026 11:50:56,System.Runtime,dotnet.assembly.count ({assembly}),Metric,150
06/08/2026 11:50:56,System.Runtime,dotnet.timer.count ({timer}),Metric,5
06/08/2026 11:50:56,System.Runtime,dotnet.thread_pool.queue.length ({work_item} / 1 sec),Rate,0
06/08/2026 11:50:57,System.Runtime,dotnet.thread_pool.work_item.count ({work_item} / 1 sec),Rate,552
06/08/2026 11:50:57,Npgsql,db.client.operation.npgsql.bytes_read (By / 1 sec)[db.client.connection.pool.name=Host=127.0.0.1;Port=5432;Username=postgres;Database=myapp_load;Maximum Pool Size=500],Rate,10313
06/08/2026 11:50:57,System.Runtime,dotnet.process.cpu.time (s / 1 sec)[cpu.mode=system],Rate,0.21875
06/08/2026 11:50:57,System.Runtime,dotnet.process.cpu.time (s / 1 sec)[cpu.mode=user],Rate,0.40625
06/08/2026 11:50:57,System.Runtime,dotnet.jit.compilation.time (s / 1 sec),Rate,0.33814089999999997
06/08/2026 11:50:57,Npgsql,db.client.operation.npgsql.prepared_ratio[db.client.connection.pool.name=Host=127.0.0.1;Port=5432;Username=postgres;Database=myapp_load;Maximum Pool Size=500],Metric,0
06/08/2026 11:50:57,System.Runtime,dotnet.process.memory.working_set (By),Metric,95498240
06/08/2026 11:50:57,Microsoft.AspNetCore.Hosting,http.server.active_requests ({request})[http.request.method=POST;url.scheme=http],Metric,1
06/08/2026 11:50:57,System.Runtime,dotnet.jit.compiled_il.size (By / 1 sec),Rate,28115
06/08/2026 11:50:57,System.Runtime,dotnet.monitor.lock_contentions ({contention} / 1 sec),Rate,0
06/08/2026 11:50:57,System.Runtime,dotnet.gc.collections ({collection} / 1 sec)[gc.heap.generation=gen0],Rate,1
06/08/2026 11:50:57,System.Runtime,dotnet.gc.collections ({collection} / 1 sec)[gc.heap.generation=gen1],Rate,0
06/08/2026 11:50:57,System.Runtime,dotnet.gc.collections ({collection} / 1 sec)[gc.heap.generation=gen2],Rate,1
06/08/2026 11:50:57,Microsoft.AspNetCore.Hosting,http.server.request.duration (s)[http.request.method=POST;http.response.status_code=201;http.route=/orders;network.protocol.version=1.1;url.scheme=http;Percentile=50],Metric,0.006927490234375
06/08/2026 11:50:57,Microsoft.AspNetCore.Hosting,http.server.request.duration (s)[http.request.method=POST;http.response.status_code=201;http.route=/orders;network.protocol.version=1.1;url.scheme=http;Percentile=95],Metric,0.014495849609375
06/08/2026 11:50:57,Microsoft.AspNetCore.Hosting,http.server.request.duration (s)[http.request.method=POST;http.response.status_code=201;http.route=/orders;network.protocol.version=1.1;url.scheme=http;Percentile=99],Metric,0.016571044921875
06/08/2026 11:50:57,Npgsql,db.client.operation.npgsql.executing ({command})[db.client.connection.pool.name=Host=127.0.0.1;Port=5432;Username=postgres;Database=myapp_load;Maximum Pool Size=500],Metric,1
06/08/2026 11:50:57,System.Runtime,dotnet.gc.last_collection.heap.size (By)[gc.heap.generation=poh],Metric,78840
06/08/2026 11:50:57,System.Runtime,dotnet.gc.last_collection.heap.size (By)[gc.heap.generation=loh],Metric,4626696
06/08/2026 11:50:57,System.Runtime,dotnet.gc.last_collection.heap.size (By)[gc.heap.generation=gen0],Metric,834368
06/08/2026 11:50:57,System.Runtime,dotnet.gc.last_collection.heap.size (By)[gc.heap.generation=gen1],Metric,1137776
06/08/2026 11:50:57,System.Runtime,dotnet.gc.last_collection.heap.size (By)[gc.heap.generation=gen2],Metric,1207728
06/08/2026 11:50:57,Npgsql,db.client.connection.max ({connection})[db.client.connection.pool.name=Host=127.0.0.1;Port=5432;Username=postgres;Database=myapp_load;Maximum Pool Size=500],Metric,500
06/08/2026 11:50:57,System.Runtime,dotnet.process.cpu.count ({cpu}),Metric,20
06/08/2026 11:50:57,Npgsql,db.client.connection.count ({connection})[db.client.connection.pool.name=Host=127.0.0.1;Port=5432;Username=postgres;Database=myapp_load;Maximum Pool Size=500;db.client.connection.state=used],Metric,1
06/08/2026 11:50:57,Npgsql,db.client.connection.count ({connection})[db.client.connection.pool.name=Host=127.0.0.1;Port=5432;Username=postgres;Database=myapp_load;Maximum Pool Size=500;db.client.connection.state=idle],Metric,0
06/08/2026 11:50:57,System.Runtime,dotnet.gc.last_collection.heap.fragmentation.size (By)[gc.heap.generation=poh],Metric,12360
06/08/2026 11:50:57,System.Runtime,dotnet.gc.last_collection.heap.fragmentation.size (By)[gc.heap.generation=loh],Metric,768
06/08/2026 11:50:57,System.Runtime,dotnet.gc.last_collection.heap.fragmentation.size (By)[gc.heap.generation=gen0],Metric,593768
06/08/2026 11:50:57,System.Runtime,dotnet.gc.last_collection.heap.fragmentation.size (By)[gc.heap.generation=gen1],Metric,126864
06/08/2026 11:50:57,System.Runtime,dotnet.gc.last_collection.heap.fragmentation.size (By)[gc.heap.generation=gen2],Metric,800
06/08/2026 11:50:57,System.Runtime,dotnet.gc.last_collection.memory.committed_size (By),Metric,10399744
06/08/2026 11:50:57,Npgsql,db.client.operation.duration (s)[db.client.connection.pool.name=Host=127.0.0.1;Port=5432;Username=postgres;Database=myapp_load;Maximum Pool Size=500;db.system.name=postgresql;server.address=127.0.0.1;server.port=5432;Percentile=50],Metric,0.0056915283203125
06/08/2026 11:50:57,Npgsql,db.client.operation.duration (s)[db.client.connection.pool.name=Host=127.0.0.1;Port=5432;Username=postgres;Database=myapp_load;Maximum Pool Size=500;db.system.name=postgresql;server.address=127.0.0.1;server.port=5432;Percentile=95],Metric,0.0117340087890625
06/08/2026 11:50:57,Npgsql,db.client.operation.duration (s)[db.client.connection.pool.name=Host=127.0.0.1;Port=5432;Username=postgres;Database=myapp_load;Maximum Pool Size=500;db.system.name=postgresql;server.address=127.0.0.1;server.port=5432;Percentile=99],Metric,0.015350341796875
06/08/2026 11:50:57,System.Runtime,dotnet.gc.heap.total_allocated (By / 1 sec),Rate,2308096
06/08/2026 11:50:57,System.Runtime,dotnet.thread_pool.thread.count ({thread} / 1 sec),Rate,-1
06/08/2026 11:50:57,System.Runtime,dotnet.jit.compiled_methods ({method} / 1 sec),Rate,262
06/08/2026 11:50:57,Npgsql,db.client.operation.npgsql.bytes_written (By / 1 sec)[db.client.connection.pool.name=Host=127.0.0.1;Port=5432;Username=postgres;Database=myapp_load;Maximum Pool Size=500],Rate,20895
06/08/2026 11:50:57,System.Runtime,dotnet.gc.pause.time (s / 1 sec),Rate,0.0038860000000000006
06/08/2026 11:50:57,System.Runtime,dotnet.assembly.count ({assembly}),Metric,150
06/08/2026 11:50:57,System.Runtime,dotnet.timer.count ({timer}),Metric,5
06/08/2026 11:50:57,System.Runtime,dotnet.thread_pool.queue.length ({work_item} / 1 sec),Rate,0
06/08/2026 11:50:58,System.Runtime,dotnet.thread_pool.work_item.count ({work_item} / 1 sec),Rate,598
06/08/2026 11:50:58,Npgsql,db.client.operation.npgsql.bytes_read (By / 1 sec)[db.client.connection.pool.name=Host=127.0.0.1;Port=5432;Username=postgres;Database=myapp_load;Maximum Pool Size=500],Rate,11737
06/08/2026 11:50:58,System.Runtime,dotnet.process.cpu.time (s / 1 sec)[cpu.mode=system],Rate,0.40625
06/08/2026 11:50:58,System.Runtime,dotnet.process.cpu.time (s / 1 sec)[cpu.mode=user],Rate,0.875
06/08/2026 11:50:58,System.Runtime,dotnet.jit.compilation.time (s / 1 sec),Rate,0.6941551000000006
06/08/2026 11:50:58,Npgsql,db.client.operation.npgsql.prepared_ratio[db.client.connection.pool.name=Host=127.0.0.1;Port=5432;Username=postgres;Database=myapp_load;Maximum Pool Size=500],Metric,0
06/08/2026 11:50:58,System.Runtime,dotnet.process.memory.working_set (By),Metric,97808384
06/08/2026 11:50:58,Microsoft.AspNetCore.Hosting,http.server.active_requests ({request})[http.request.method=POST;url.scheme=http],Metric,0
06/08/2026 11:50:58,System.Runtime,dotnet.jit.compiled_il.size (By / 1 sec),Rate,58379
06/08/2026 11:50:58,System.Runtime,dotnet.monitor.lock_contentions ({contention} / 1 sec),Rate,0
06/08/2026 11:50:58,System.Runtime,dotnet.gc.collections ({collection} / 1 sec)[gc.heap.generation=gen0],Rate,0
06/08/2026 11:50:58,System.Runtime,dotnet.gc.collections ({collection} / 1 sec)[gc.heap.generation=gen1],Rate,1
06/08/2026 11:50:58,System.Runtime,dotnet.gc.collections ({collection} / 1 sec)[gc.heap.generation=gen2],Rate,0
06/08/2026 11:50:58,Microsoft.AspNetCore.Hosting,http.server.request.duration (s)[http.request.method=POST;http.response.status_code=201;http.route=/orders;network.protocol.version=1.1;url.scheme=http;Percentile=50],Metric,0.00677490234375
06/08/2026 11:50:58,Microsoft.AspNetCore.Hosting,http.server.request.duration (s)[http.request.method=POST;http.response.status_code=201;http.route=/orders;network.protocol.version=1.1;url.scheme=http;Percentile=95],Metric,0.010498046875
06/08/2026 11:50:58,Microsoft.AspNetCore.Hosting,http.server.request.duration (s)[http.request.method=POST;http.response.status_code=201;http.route=/orders;network.protocol.version=1.1;url.scheme=http;Percentile=99],Metric,0.0111541748046875
06/08/2026 11:50:58,Npgsql,db.client.operation.npgsql.executing ({command})[db.client.connection.pool.name=Host=127.0.0.1;Port=5432;Username=postgres;Database=myapp_load;Maximum Pool Size=500],Metric,0
06/08/2026 11:50:58,System.Runtime,dotnet.gc.last_collection.heap.size (By)[gc.heap.generation=poh],Metric,78840
06/08/2026 11:50:58,System.Runtime,dotnet.gc.last_collection.heap.size (By)[gc.heap.generation=loh],Metric,4626696
06/08/2026 11:50:58,System.Runtime,dotnet.gc.last_collection.heap.size (By)[gc.heap.generation=gen0],Metric,834368
06/08/2026 11:50:58,System.Runtime,dotnet.gc.last_collection.heap.size (By)[gc.heap.generation=gen1],Metric,369856
06/08/2026 11:50:58,System.Runtime,dotnet.gc.last_collection.heap.size (By)[gc.heap.generation=gen2],Metric,2218560
06/08/2026 11:50:58,Npgsql,db.client.connection.max ({connection})[db.client.connection.pool.name=Host=127.0.0.1;Port=5432;Username=postgres;Database=myapp_load;Maximum Pool Size=500],Metric,500
06/08/2026 11:50:58,System.Runtime,dotnet.process.cpu.count ({cpu}),Metric,20
06/08/2026 11:50:58,Npgsql,db.client.connection.count ({connection})[db.client.connection.pool.name=Host=127.0.0.1;Port=5432;Username=postgres;Database=myapp_load;Maximum Pool Size=500;db.client.connection.state=used],Metric,0
06/08/2026 11:50:58,Npgsql,db.client.connection.count ({connection})[db.client.connection.pool.name=Host=127.0.0.1;Port=5432;Username=postgres;Database=myapp_load;Maximum Pool Size=500;db.client.connection.state=idle],Metric,1
06/08/2026 11:50:58,System.Runtime,dotnet.gc.last_collection.heap.fragmentation.size (By)[gc.heap.generation=poh],Metric,12360
06/08/2026 11:50:58,System.Runtime,dotnet.gc.last_collection.heap.fragmentation.size (By)[gc.heap.generation=loh],Metric,768
06/08/2026 11:50:58,System.Runtime,dotnet.gc.last_collection.heap.fragmentation.size (By)[gc.heap.generation=gen0],Metric,833984
06/08/2026 11:50:58,System.Runtime,dotnet.gc.last_collection.heap.fragmentation.size (By)[gc.heap.generation=gen1],Metric,5928
06/08/2026 11:50:58,System.Runtime,dotnet.gc.last_collection.heap.fragmentation.size (By)[gc.heap.generation=gen2],Metric,800
06/08/2026 11:50:58,System.Runtime,dotnet.gc.last_collection.memory.committed_size (By),Metric,11382784
06/08/2026 11:50:58,Npgsql,db.client.operation.duration (s)[db.client.connection.pool.name=Host=127.0.0.1;Port=5432;Username=postgres;Database=myapp_load;Maximum Pool Size=500;db.system.name=postgresql;server.address=127.0.0.1;server.port=5432;Percentile=50],Metric,0.00556182861328125
06/08/2026 11:50:58,Npgsql,db.client.operation.duration (s)[db.client.connection.pool.name=Host=127.0.0.1;Port=5432;Username=postgres;Database=myapp_load;Maximum Pool Size=500;db.system.name=postgresql;server.address=127.0.0.1;server.port=5432;Percentile=95],Metric,0.0091400146484375
06/08/2026 11:50:58,Npgsql,db.client.operation.duration (s)[db.client.connection.pool.name=Host=127.0.0.1;Port=5432;Username=postgres;Database=myapp_load;Maximum Pool Size=500;db.system.name=postgresql;server.address=127.0.0.1;server.port=5432;Percentile=99],Metric,0.009796142578125
06/08/2026 11:50:58,System.Runtime,dotnet.gc.heap.total_allocated (By / 1 sec),Rate,2602744
06/08/2026 11:50:58,System.Runtime,dotnet.thread_pool.thread.count ({thread} / 1 sec),Rate,0
06/08/2026 11:50:58,System.Runtime,dotnet.jit.compiled_methods ({method} / 1 sec),Rate,749
06/08/2026 11:50:58,Npgsql,db.client.operation.npgsql.bytes_written (By / 1 sec)[db.client.connection.pool.name=Host=127.0.0.1;Port=5432;Username=postgres;Database=myapp_load;Maximum Pool Size=500],Rate,23681
06/08/2026 11:50:58,System.Runtime,dotnet.gc.pause.time (s / 1 sec),Rate,0.005667000000000002
06/08/2026 11:50:58,System.Runtime,dotnet.assembly.count ({assembly}),Metric,150
06/08/2026 11:50:58,System.Runtime,dotnet.timer.count ({timer}),Metric,4
06/08/2026 11:50:58,System.Runtime,dotnet.thread_pool.queue.length ({work_item} / 1 sec),Rate,0
06/08/2026 11:50:59,System.Runtime,dotnet.thread_pool.work_item.count ({work_item} / 1 sec),Rate,473
06/08/2026 11:50:59,Npgsql,db.client.operation.npgsql.bytes_read (By / 1 sec)[db.client.connection.pool.name=Host=127.0.0.1;Port=5432;Username=postgres;Database=myapp_load;Maximum Pool Size=500],Rate,9408
06/08/2026 11:50:59,System.Runtime,dotnet.process.cpu.time (s / 1 sec)[cpu.mode=system],Rate,0.28125
06/08/2026 11:50:59,System.Runtime,dotnet.process.cpu.time (s / 1 sec)[cpu.mode=user],Rate,0.265625
06/08/2026 11:50:59,System.Runtime,dotnet.jit.compilation.time (s / 1 sec),Rate,0.5465884000000001
06/08/2026 11:50:59,Npgsql,db.client.operation.npgsql.prepared_ratio[db.client.connection.pool.name=Host=127.0.0.1;Port=5432;Username=postgres;Database=myapp_load;Maximum Pool Size=500],Metric,0
06/08/2026 11:50:59,System.Runtime,dotnet.process.memory.working_set (By),Metric,98193408
06/08/2026 11:50:59,Microsoft.AspNetCore.Hosting,http.server.active_requests ({request})[http.request.method=POST;url.scheme=http],Metric,1
06/08/2026 11:50:59,System.Runtime,dotnet.jit.compiled_il.size (By / 1 sec),Rate,17894
06/08/2026 11:50:59,System.Runtime,dotnet.monitor.lock_contentions ({contention} / 1 sec),Rate,0
06/08/2026 11:50:59,System.Runtime,dotnet.gc.collections ({collection} / 1 sec)[gc.heap.generation=gen0],Rate,0
06/08/2026 11:50:59,System.Runtime,dotnet.gc.collections ({collection} / 1 sec)[gc.heap.generation=gen1],Rate,0
06/08/2026 11:50:59,System.Runtime,dotnet.gc.collections ({collection} / 1 sec)[gc.heap.generation=gen2],Rate,0
06/08/2026 11:50:59,Microsoft.AspNetCore.Hosting,http.server.request.duration (s)[http.request.method=POST;http.response.status_code=201;http.route=/orders;network.protocol.version=1.1;url.scheme=http;Percentile=50],Metric,0.00787353515625
06/08/2026 11:50:59,Microsoft.AspNetCore.Hosting,http.server.request.duration (s)[http.request.method=POST;http.response.status_code=201;http.route=/orders;network.protocol.version=1.1;url.scheme=http;Percentile=95],Metric,0.01959228515625
06/08/2026 11:50:59,Microsoft.AspNetCore.Hosting,http.server.request.duration (s)[http.request.method=POST;http.response.status_code=201;http.route=/orders;network.protocol.version=1.1;url.scheme=http;Percentile=99],Metric,0.023834228515625
06/08/2026 11:50:59,Npgsql,db.client.operation.npgsql.executing ({command})[db.client.connection.pool.name=Host=127.0.0.1;Port=5432;Username=postgres;Database=myapp_load;Maximum Pool Size=500],Metric,1
06/08/2026 11:50:59,System.Runtime,dotnet.gc.last_collection.heap.size (By)[gc.heap.generation=poh],Metric,78840
06/08/2026 11:50:59,System.Runtime,dotnet.gc.last_collection.heap.size (By)[gc.heap.generation=loh],Metric,4626696
06/08/2026 11:50:59,System.Runtime,dotnet.gc.last_collection.heap.size (By)[gc.heap.generation=gen0],Metric,834368
06/08/2026 11:50:59,System.Runtime,dotnet.gc.last_collection.heap.size (By)[gc.heap.generation=gen1],Metric,369856
06/08/2026 11:50:59,System.Runtime,dotnet.gc.last_collection.heap.size (By)[gc.heap.generation=gen2],Metric,2218560
06/08/2026 11:50:59,Npgsql,db.client.connection.max ({connection})[db.client.connection.pool.name=Host=127.0.0.1;Port=5432;Username=postgres;Database=myapp_load;Maximum Pool Size=500],Metric,500
06/08/2026 11:50:59,System.Runtime,dotnet.process.cpu.count ({cpu}),Metric,20
06/08/2026 11:50:59,Npgsql,db.client.connection.count ({connection})[db.client.connection.pool.name=Host=127.0.0.1;Port=5432;Username=postgres;Database=myapp_load;Maximum Pool Size=500;db.client.connection.state=used],Metric,1
06/08/2026 11:50:59,Npgsql,db.client.connection.count ({connection})[db.client.connection.pool.name=Host=127.0.0.1;Port=5432;Username=postgres;Database=myapp_load;Maximum Pool Size=500;db.client.connection.state=idle],Metric,0
06/08/2026 11:50:59,System.Runtime,dotnet.gc.last_collection.heap.fragmentation.size (By)[gc.heap.generation=poh],Metric,12360
06/08/2026 11:50:59,System.Runtime,dotnet.gc.last_collection.heap.fragmentation.size (By)[gc.heap.generation=loh],Metric,768
06/08/2026 11:50:59,System.Runtime,dotnet.gc.last_collection.heap.fragmentation.size (By)[gc.heap.generation=gen0],Metric,833984
06/08/2026 11:50:59,System.Runtime,dotnet.gc.last_collection.heap.fragmentation.size (By)[gc.heap.generation=gen1],Metric,5928
06/08/2026 11:50:59,System.Runtime,dotnet.gc.last_collection.heap.fragmentation.size (By)[gc.heap.generation=gen2],Metric,800
06/08/2026 11:50:59,System.Runtime,dotnet.gc.last_collection.memory.committed_size (By),Metric,11382784
06/08/2026 11:50:59,Npgsql,db.client.operation.duration (s)[db.client.connection.pool.name=Host=127.0.0.1;Port=5432;Username=postgres;Database=myapp_load;Maximum Pool Size=500;db.system.name=postgresql;server.address=127.0.0.1;server.port=5432;Percentile=50],Metric,0.00664520263671875
06/08/2026 11:50:59,Npgsql,db.client.operation.duration (s)[db.client.connection.pool.name=Host=127.0.0.1;Port=5432;Username=postgres;Database=myapp_load;Maximum Pool Size=500;db.system.name=postgresql;server.address=127.0.0.1;server.port=5432;Percentile=95],Metric,0.01800537109375
06/08/2026 11:50:59,Npgsql,db.client.operation.duration (s)[db.client.connection.pool.name=Host=127.0.0.1;Port=5432;Username=postgres;Database=myapp_load;Maximum Pool Size=500;db.system.name=postgresql;server.address=127.0.0.1;server.port=5432;Percentile=99],Metric,0.0223388671875
06/08/2026 11:50:59,System.Runtime,dotnet.gc.heap.total_allocated (By / 1 sec),Rate,2171336
06/08/2026 11:50:59,System.Runtime,dotnet.thread_pool.thread.count ({thread} / 1 sec),Rate,0
06/08/2026 11:50:59,System.Runtime,dotnet.jit.compiled_methods ({method} / 1 sec),Rate,233
06/08/2026 11:50:59,Npgsql,db.client.operation.npgsql.bytes_written (By / 1 sec)[db.client.connection.pool.name=Host=127.0.0.1;Port=5432;Username=postgres;Database=myapp_load;Maximum Pool Size=500],Rate,19303
06/08/2026 11:50:59,System.Runtime,dotnet.gc.pause.time (s / 1 sec),Rate,0
06/08/2026 11:50:59,System.Runtime,dotnet.assembly.count ({assembly}),Metric,150
06/08/2026 11:50:59,System.Runtime,dotnet.timer.count ({timer}),Metric,5
06/08/2026 11:50:59,System.Runtime,dotnet.thread_pool.queue.length ({work_item} / 1 sec),Rate,0
06/08/2026 11:51:00,System.Runtime,dotnet.thread_pool.work_item.count ({work_item} / 1 sec),Rate,347
06/08/2026 11:51:00,Npgsql,db.client.operation.npgsql.bytes_read (By / 1 sec)[db.client.connection.pool.name=Host=127.0.0.1;Port=5432;Username=postgres;Database=myapp_load;Maximum Pool Size=500],Rate,6981
06/08/2026 11:51:00,System.Runtime,dotnet.process.cpu.time (s / 1 sec)[cpu.mode=system],Rate,0.171875
06/08/2026 11:51:00,System.Runtime,dotnet.process.cpu.time (s / 1 sec)[cpu.mode=user],Rate,0.359375
06/08/2026 11:51:00,System.Runtime,dotnet.jit.compilation.time (s / 1 sec),Rate,0.5150128
06/08/2026 11:51:00,Npgsql,db.client.operation.npgsql.prepared_ratio[db.client.connection.pool.name=Host=127.0.0.1;Port=5432;Username=postgres;Database=myapp_load;Maximum Pool Size=500],Metric,0
06/08/2026 11:51:00,System.Runtime,dotnet.process.memory.working_set (By),Metric,100077568
06/08/2026 11:51:00,System.Runtime,dotnet.exceptions ({exception} / 1 sec)[error.type=HttpRequestException],Rate,11
06/08/2026 11:51:00,System.Runtime,dotnet.exceptions ({exception} / 1 sec)[error.type=SocketException],Rate,2
06/08/2026 11:51:00,Microsoft.AspNetCore.Hosting,http.server.active_requests ({request})[http.request.method=POST;url.scheme=http],Metric,1
06/08/2026 11:51:00,System.Runtime,dotnet.jit.compiled_il.size (By / 1 sec),Rate,18189
06/08/2026 11:51:00,System.Runtime,dotnet.monitor.lock_contentions ({contention} / 1 sec),Rate,0
06/08/2026 11:51:00,System.Runtime,dotnet.gc.collections ({collection} / 1 sec)[gc.heap.generation=gen0],Rate,0
06/08/2026 11:51:00,System.Runtime,dotnet.gc.collections ({collection} / 1 sec)[gc.heap.generation=gen1],Rate,0
06/08/2026 11:51:00,System.Runtime,dotnet.gc.collections ({collection} / 1 sec)[gc.heap.generation=gen2],Rate,0
06/08/2026 11:51:00,Microsoft.AspNetCore.Hosting,http.server.request.duration (s)[http.request.method=POST;http.response.status_code=201;http.route=/orders;network.protocol.version=1.1;url.scheme=http;Percentile=50],Metric,0.010894775390625
06/08/2026 11:51:00,Microsoft.AspNetCore.Hosting,http.server.request.duration (s)[http.request.method=POST;http.response.status_code=201;http.route=/orders;network.protocol.version=1.1;url.scheme=http;Percentile=95],Metric,0.0264892578125
06/08/2026 11:51:00,Microsoft.AspNetCore.Hosting,http.server.request.duration (s)[http.request.method=POST;http.response.status_code=201;http.route=/orders;network.protocol.version=1.1;url.scheme=http;Percentile=99],Metric,0.0389404296875
06/08/2026 11:51:00,Npgsql,db.client.operation.npgsql.executing ({command})[db.client.connection.pool.name=Host=127.0.0.1;Port=5432;Username=postgres;Database=myapp_load;Maximum Pool Size=500],Metric,1
06/08/2026 11:51:00,System.Runtime,dotnet.gc.last_collection.heap.size (By)[gc.heap.generation=poh],Metric,78840
06/08/2026 11:51:00,System.Runtime,dotnet.gc.last_collection.heap.size (By)[gc.heap.generation=loh],Metric,4626696
06/08/2026 11:51:00,System.Runtime,dotnet.gc.last_collection.heap.size (By)[gc.heap.generation=gen0],Metric,834368
06/08/2026 11:51:00,System.Runtime,dotnet.gc.last_collection.heap.size (By)[gc.heap.generation=gen1],Metric,369856
06/08/2026 11:51:00,System.Runtime,dotnet.gc.last_collection.heap.size (By)[gc.heap.generation=gen2],Metric,2218560
06/08/2026 11:51:00,Npgsql,db.client.connection.max ({connection})[db.client.connection.pool.name=Host=127.0.0.1;Port=5432;Username=postgres;Database=myapp_load;Maximum Pool Size=500],Metric,500
06/08/2026 11:51:00,System.Runtime,dotnet.process.cpu.count ({cpu}),Metric,20
06/08/2026 11:51:00,Npgsql,db.client.connection.count ({connection})[db.client.connection.pool.name=Host=127.0.0.1;Port=5432;Username=postgres;Database=myapp_load;Maximum Pool Size=500;db.client.connection.state=used],Metric,1
06/08/2026 11:51:00,Npgsql,db.client.connection.count ({connection})[db.client.connection.pool.name=Host=127.0.0.1;Port=5432;Username=postgres;Database=myapp_load;Maximum Pool Size=500;db.client.connection.state=idle],Metric,0
06/08/2026 11:51:00,System.Runtime,dotnet.gc.last_collection.heap.fragmentation.size (By)[gc.heap.generation=poh],Metric,12360
06/08/2026 11:51:00,System.Runtime,dotnet.gc.last_collection.heap.fragmentation.size (By)[gc.heap.generation=loh],Metric,768
06/08/2026 11:51:00,System.Runtime,dotnet.gc.last_collection.heap.fragmentation.size (By)[gc.heap.generation=gen0],Metric,833984
06/08/2026 11:51:00,System.Runtime,dotnet.gc.last_collection.heap.fragmentation.size (By)[gc.heap.generation=gen1],Metric,5928
06/08/2026 11:51:00,System.Runtime,dotnet.gc.last_collection.heap.fragmentation.size (By)[gc.heap.generation=gen2],Metric,800
06/08/2026 11:51:00,System.Runtime,dotnet.gc.last_collection.memory.committed_size (By),Metric,11382784
06/08/2026 11:51:00,Npgsql,db.client.operation.duration (s)[db.client.connection.pool.name=Host=127.0.0.1;Port=5432;Username=postgres;Database=myapp_load;Maximum Pool Size=500;db.system.name=postgresql;server.address=127.0.0.1;server.port=5432;Percentile=50],Metric,0.009735107421875
06/08/2026 11:51:00,Npgsql,db.client.operation.duration (s)[db.client.connection.pool.name=Host=127.0.0.1;Port=5432;Username=postgres;Database=myapp_load;Maximum Pool Size=500;db.system.name=postgresql;server.address=127.0.0.1;server.port=5432;Percentile=95],Metric,0.025299072265625
06/08/2026 11:51:00,Npgsql,db.client.operation.duration (s)[db.client.connection.pool.name=Host=127.0.0.1;Port=5432;Username=postgres;Database=myapp_load;Maximum Pool Size=500;db.system.name=postgresql;server.address=127.0.0.1;server.port=5432;Percentile=99],Metric,0.03778076171875
06/08/2026 11:51:00,System.Runtime,dotnet.gc.heap.total_allocated (By / 1 sec),Rate,1634864
06/08/2026 11:51:00,System.Runtime,dotnet.thread_pool.thread.count ({thread} / 1 sec),Rate,0
06/08/2026 11:51:00,System.Runtime,dotnet.jit.compiled_methods ({method} / 1 sec),Rate,180
06/08/2026 11:51:00,Npgsql,db.client.operation.npgsql.bytes_written (By / 1 sec)[db.client.connection.pool.name=Host=127.0.0.1;Port=5432;Username=postgres;Database=myapp_load;Maximum Pool Size=500],Rate,14129
06/08/2026 11:51:00,System.Runtime,dotnet.gc.pause.time (s / 1 sec),Rate,0
06/08/2026 11:51:00,System.Runtime,dotnet.assembly.count ({assembly}),Metric,150
06/08/2026 11:51:00,System.Runtime,dotnet.timer.count ({timer}),Metric,5
06/08/2026 11:51:00,System.Runtime,dotnet.thread_pool.queue.length ({work_item} / 1 sec),Rate,0
06/08/2026 11:51:01,System.Runtime,dotnet.thread_pool.work_item.count ({work_item} / 1 sec),Rate,603
06/08/2026 11:51:01,Npgsql,db.client.operation.npgsql.bytes_read (By / 1 sec)[db.client.connection.pool.name=Host=127.0.0.1;Port=5432;Username=postgres;Database=myapp_load;Maximum Pool Size=500],Rate,11835
06/08/2026 11:51:01,System.Runtime,dotnet.process.cpu.time (s / 1 sec)[cpu.mode=system],Rate,0.421875
06/08/2026 11:51:01,System.Runtime,dotnet.process.cpu.time (s / 1 sec)[cpu.mode=user],Rate,0.390625
06/08/2026 11:51:01,System.Runtime,dotnet.jit.compilation.time (s / 1 sec),Rate,0.6366743000000001
06/08/2026 11:51:01,Npgsql,db.client.operation.npgsql.prepared_ratio[db.client.connection.pool.name=Host=127.0.0.1;Port=5432;Username=postgres;Database=myapp_load;Maximum Pool Size=500],Metric,0
06/08/2026 11:51:01,System.Runtime,dotnet.process.memory.working_set (By),Metric,103800832
06/08/2026 11:51:01,System.Runtime,dotnet.exceptions ({exception} / 1 sec)[error.type=HttpRequestException],Rate,0
06/08/2026 11:51:01,System.Runtime,dotnet.exceptions ({exception} / 1 sec)[error.type=SocketException],Rate,0
06/08/2026 11:51:01,Microsoft.AspNetCore.Hosting,http.server.active_requests ({request})[http.request.method=POST;url.scheme=http],Metric,1
06/08/2026 11:51:01,System.Runtime,dotnet.jit.compiled_il.size (By / 1 sec),Rate,60849
06/08/2026 11:51:01,System.Runtime,dotnet.monitor.lock_contentions ({contention} / 1 sec),Rate,0
06/08/2026 11:51:01,System.Runtime,dotnet.gc.collections ({collection} / 1 sec)[gc.heap.generation=gen0],Rate,0
06/08/2026 11:51:01,System.Runtime,dotnet.gc.collections ({collection} / 1 sec)[gc.heap.generation=gen1],Rate,0
06/08/2026 11:51:01,System.Runtime,dotnet.gc.collections ({collection} / 1 sec)[gc.heap.generation=gen2],Rate,0
06/08/2026 11:51:01,Microsoft.AspNetCore.Hosting,http.server.request.duration (s)[http.request.method=POST;http.response.status_code=201;http.route=/orders;network.protocol.version=1.1;url.scheme=http;Percentile=50],Metric,0.00725555419921875
06/08/2026 11:51:01,Microsoft.AspNetCore.Hosting,http.server.request.duration (s)[http.request.method=POST;http.response.status_code=201;http.route=/orders;network.protocol.version=1.1;url.scheme=http;Percentile=95],Metric,0.0095977783203125
06/08/2026 11:51:01,Microsoft.AspNetCore.Hosting,http.server.request.duration (s)[http.request.method=POST;http.response.status_code=201;http.route=/orders;network.protocol.version=1.1;url.scheme=http;Percentile=99],Metric,0.011199951171875
06/08/2026 11:51:01,Npgsql,db.client.operation.npgsql.executing ({command})[db.client.connection.pool.name=Host=127.0.0.1;Port=5432;Username=postgres;Database=myapp_load;Maximum Pool Size=500],Metric,0
06/08/2026 11:51:01,System.Runtime,dotnet.gc.last_collection.heap.size (By)[gc.heap.generation=poh],Metric,78840
06/08/2026 11:51:01,System.Runtime,dotnet.gc.last_collection.heap.size (By)[gc.heap.generation=loh],Metric,4626696
06/08/2026 11:51:01,System.Runtime,dotnet.gc.last_collection.heap.size (By)[gc.heap.generation=gen0],Metric,834368
06/08/2026 11:51:01,System.Runtime,dotnet.gc.last_collection.heap.size (By)[gc.heap.generation=gen1],Metric,369856
06/08/2026 11:51:01,System.Runtime,dotnet.gc.last_collection.heap.size (By)[gc.heap.generation=gen2],Metric,2218560
06/08/2026 11:51:01,Npgsql,db.client.connection.max ({connection})[db.client.connection.pool.name=Host=127.0.0.1;Port=5432;Username=postgres;Database=myapp_load;Maximum Pool Size=500],Metric,500
06/08/2026 11:51:01,System.Runtime,dotnet.process.cpu.count ({cpu}),Metric,20
06/08/2026 11:51:01,Npgsql,db.client.connection.count ({connection})[db.client.connection.pool.name=Host=127.0.0.1;Port=5432;Username=postgres;Database=myapp_load;Maximum Pool Size=500;db.client.connection.state=used],Metric,0
06/08/2026 11:51:01,Npgsql,db.client.connection.count ({connection})[db.client.connection.pool.name=Host=127.0.0.1;Port=5432;Username=postgres;Database=myapp_load;Maximum Pool Size=500;db.client.connection.state=idle],Metric,1
06/08/2026 11:51:01,System.Runtime,dotnet.gc.last_collection.heap.fragmentation.size (By)[gc.heap.generation=poh],Metric,12360
06/08/2026 11:51:01,System.Runtime,dotnet.gc.last_collection.heap.fragmentation.size (By)[gc.heap.generation=loh],Metric,768
06/08/2026 11:51:01,System.Runtime,dotnet.gc.last_collection.heap.fragmentation.size (By)[gc.heap.generation=gen0],Metric,833984
06/08/2026 11:51:01,System.Runtime,dotnet.gc.last_collection.heap.fragmentation.size (By)[gc.heap.generation=gen1],Metric,5928
06/08/2026 11:51:01,System.Runtime,dotnet.gc.last_collection.heap.fragmentation.size (By)[gc.heap.generation=gen2],Metric,800
06/08/2026 11:51:01,System.Runtime,dotnet.gc.last_collection.memory.committed_size (By),Metric,11382784
06/08/2026 11:51:01,Npgsql,db.client.operation.duration (s)[db.client.connection.pool.name=Host=127.0.0.1;Port=5432;Username=postgres;Database=myapp_load;Maximum Pool Size=500;db.system.name=postgresql;server.address=127.0.0.1;server.port=5432;Percentile=50],Metric,0.0061187744140625
06/08/2026 11:51:01,Npgsql,db.client.operation.duration (s)[db.client.connection.pool.name=Host=127.0.0.1;Port=5432;Username=postgres;Database=myapp_load;Maximum Pool Size=500;db.system.name=postgresql;server.address=127.0.0.1;server.port=5432;Percentile=95],Metric,0.0079193115234375
06/08/2026 11:51:01,Npgsql,db.client.operation.duration (s)[db.client.connection.pool.name=Host=127.0.0.1;Port=5432;Username=postgres;Database=myapp_load;Maximum Pool Size=500;db.system.name=postgresql;server.address=127.0.0.1;server.port=5432;Percentile=99],Metric,0.0100555419921875
06/08/2026 11:51:01,System.Runtime,dotnet.gc.heap.total_allocated (By / 1 sec),Rate,2608072
06/08/2026 11:51:01,System.Runtime,dotnet.thread_pool.thread.count ({thread} / 1 sec),Rate,0
06/08/2026 11:51:01,System.Runtime,dotnet.jit.compiled_methods ({method} / 1 sec),Rate,778
06/08/2026 11:51:01,Npgsql,db.client.operation.npgsql.bytes_written (By / 1 sec)[db.client.connection.pool.name=Host=127.0.0.1;Port=5432;Username=postgres;Database=myapp_load;Maximum Pool Size=500],Rate,23880
06/08/2026 11:51:01,System.Runtime,dotnet.gc.pause.time (s / 1 sec),Rate,0
06/08/2026 11:51:01,System.Runtime,dotnet.assembly.count ({assembly}),Metric,150
06/08/2026 11:51:01,System.Runtime,dotnet.timer.count ({timer}),Metric,4
06/08/2026 11:51:01,System.Runtime,dotnet.thread_pool.queue.length ({work_item} / 1 sec),Rate,0
06/08/2026 11:51:02,System.Runtime,dotnet.thread_pool.work_item.count ({work_item} / 1 sec),Rate,651
06/08/2026 11:51:02,Npgsql,db.client.operation.npgsql.bytes_read (By / 1 sec)[db.client.connection.pool.name=Host=127.0.0.1;Port=5432;Username=postgres;Database=myapp_load;Maximum Pool Size=500],Rate,12740
06/08/2026 11:51:02,System.Runtime,dotnet.process.cpu.time (s / 1 sec)[cpu.mode=system],Rate,0.265625
06/08/2026 11:51:02,System.Runtime,dotnet.process.cpu.time (s / 1 sec)[cpu.mode=user],Rate,0.421875
06/08/2026 11:51:02,System.Runtime,dotnet.jit.compilation.time (s / 1 sec),Rate,0.45265939999999993
06/08/2026 11:51:02,Npgsql,db.client.operation.npgsql.prepared_ratio[db.client.connection.pool.name=Host=127.0.0.1;Port=5432;Username=postgres;Database=myapp_load;Maximum Pool Size=500],Metric,0
06/08/2026 11:51:02,System.Runtime,dotnet.process.memory.working_set (By),Metric,107261952
06/08/2026 11:51:02,System.Runtime,dotnet.exceptions ({exception} / 1 sec)[error.type=HttpRequestException],Rate,0
06/08/2026 11:51:02,System.Runtime,dotnet.exceptions ({exception} / 1 sec)[error.type=SocketException],Rate,0
06/08/2026 11:51:02,Microsoft.AspNetCore.Hosting,http.server.active_requests ({request})[http.request.method=POST;url.scheme=http],Metric,1
06/08/2026 11:51:02,System.Runtime,dotnet.jit.compiled_il.size (By / 1 sec),Rate,47344
06/08/2026 11:51:02,System.Runtime,dotnet.monitor.lock_contentions ({contention} / 1 sec),Rate,0
06/08/2026 11:51:02,System.Runtime,dotnet.gc.collections ({collection} / 1 sec)[gc.heap.generation=gen0],Rate,0
06/08/2026 11:51:02,System.Runtime,dotnet.gc.collections ({collection} / 1 sec)[gc.heap.generation=gen1],Rate,0
06/08/2026 11:51:02,System.Runtime,dotnet.gc.collections ({collection} / 1 sec)[gc.heap.generation=gen2],Rate,0
06/08/2026 11:51:02,Microsoft.AspNetCore.Hosting,http.server.request.duration (s)[http.request.method=POST;http.response.status_code=201;http.route=/orders;network.protocol.version=1.1;url.scheme=http;Percentile=50],Metric,0.00687408447265625
06/08/2026 11:51:02,Microsoft.AspNetCore.Hosting,http.server.request.duration (s)[http.request.method=POST;http.response.status_code=201;http.route=/orders;network.protocol.version=1.1;url.scheme=http;Percentile=95],Metric,0.0081634521484375
06/08/2026 11:51:02,Microsoft.AspNetCore.Hosting,http.server.request.duration (s)[http.request.method=POST;http.response.status_code=201;http.route=/orders;network.protocol.version=1.1;url.scheme=http;Percentile=99],Metric,0.010223388671875
06/08/2026 11:51:02,Npgsql,db.client.operation.npgsql.executing ({command})[db.client.connection.pool.name=Host=127.0.0.1;Port=5432;Username=postgres;Database=myapp_load;Maximum Pool Size=500],Metric,1
06/08/2026 11:51:02,System.Runtime,dotnet.gc.last_collection.heap.size (By)[gc.heap.generation=poh],Metric,78840
06/08/2026 11:51:02,System.Runtime,dotnet.gc.last_collection.heap.size (By)[gc.heap.generation=loh],Metric,4626696
06/08/2026 11:51:02,System.Runtime,dotnet.gc.last_collection.heap.size (By)[gc.heap.generation=gen0],Metric,834368
06/08/2026 11:51:02,System.Runtime,dotnet.gc.last_collection.heap.size (By)[gc.heap.generation=gen1],Metric,369856
06/08/2026 11:51:02,System.Runtime,dotnet.gc.last_collection.heap.size (By)[gc.heap.generation=gen2],Metric,2218560
06/08/2026 11:51:02,Npgsql,db.client.connection.max ({connection})[db.client.connection.pool.name=Host=127.0.0.1;Port=5432;Username=postgres;Database=myapp_load;Maximum Pool Size=500],Metric,500
06/08/2026 11:51:02,System.Runtime,dotnet.process.cpu.count ({cpu}),Metric,20
06/08/2026 11:51:02,Npgsql,db.client.connection.count ({connection})[db.client.connection.pool.name=Host=127.0.0.1;Port=5432;Username=postgres;Database=myapp_load;Maximum Pool Size=500;db.client.connection.state=used],Metric,0
06/08/2026 11:51:02,Npgsql,db.client.connection.count ({connection})[db.client.connection.pool.name=Host=127.0.0.1;Port=5432;Username=postgres;Database=myapp_load;Maximum Pool Size=500;db.client.connection.state=idle],Metric,1
06/08/2026 11:51:02,System.Runtime,dotnet.gc.last_collection.heap.fragmentation.size (By)[gc.heap.generation=poh],Metric,12360
06/08/2026 11:51:02,System.Runtime,dotnet.gc.last_collection.heap.fragmentation.size (By)[gc.heap.generation=loh],Metric,768
06/08/2026 11:51:02,System.Runtime,dotnet.gc.last_collection.heap.fragmentation.size (By)[gc.heap.generation=gen0],Metric,833984
06/08/2026 11:51:02,System.Runtime,dotnet.gc.last_collection.heap.fragmentation.size (By)[gc.heap.generation=gen1],Metric,5928
06/08/2026 11:51:02,System.Runtime,dotnet.gc.last_collection.heap.fragmentation.size (By)[gc.heap.generation=gen2],Metric,800
06/08/2026 11:51:02,System.Runtime,dotnet.gc.last_collection.memory.committed_size (By),Metric,11382784
06/08/2026 11:51:02,Npgsql,db.client.operation.duration (s)[db.client.connection.pool.name=Host=127.0.0.1;Port=5432;Username=postgres;Database=myapp_load;Maximum Pool Size=500;db.system.name=postgresql;server.address=127.0.0.1;server.port=5432;Percentile=50],Metric,0.0059051513671875
06/08/2026 11:51:02,Npgsql,db.client.operation.duration (s)[db.client.connection.pool.name=Host=127.0.0.1;Port=5432;Username=postgres;Database=myapp_load;Maximum Pool Size=500;db.system.name=postgresql;server.address=127.0.0.1;server.port=5432;Percentile=95],Metric,0.00711822509765625
06/08/2026 11:51:02,Npgsql,db.client.operation.duration (s)[db.client.connection.pool.name=Host=127.0.0.1;Port=5432;Username=postgres;Database=myapp_load;Maximum Pool Size=500;db.system.name=postgresql;server.address=127.0.0.1;server.port=5432;Percentile=99],Metric,0.009307861328125
06/08/2026 11:51:02,System.Runtime,dotnet.gc.heap.total_allocated (By / 1 sec),Rate,2826064
06/08/2026 11:51:02,System.Runtime,dotnet.thread_pool.thread.count ({thread} / 1 sec),Rate,0
06/08/2026 11:51:02,System.Runtime,dotnet.jit.compiled_methods ({method} / 1 sec),Rate,490
06/08/2026 11:51:02,Npgsql,db.client.operation.npgsql.bytes_written (By / 1 sec)[db.client.connection.pool.name=Host=127.0.0.1;Port=5432;Username=postgres;Database=myapp_load;Maximum Pool Size=500],Rate,26069
06/08/2026 11:51:02,System.Runtime,dotnet.gc.pause.time (s / 1 sec),Rate,0
06/08/2026 11:51:02,System.Runtime,dotnet.assembly.count ({assembly}),Metric,150
06/08/2026 11:51:02,System.Runtime,dotnet.timer.count ({timer}),Metric,4
06/08/2026 11:51:02,System.Runtime,dotnet.thread_pool.queue.length ({work_item} / 1 sec),Rate,0
06/08/2026 11:51:03,System.Runtime,dotnet.thread_pool.work_item.count ({work_item} / 1 sec),Rate,644
06/08/2026 11:51:03,Npgsql,db.client.operation.npgsql.bytes_read (By / 1 sec)[db.client.connection.pool.name=Host=127.0.0.1;Port=5432;Username=postgres;Database=myapp_load;Maximum Pool Size=500],Rate,12665
06/08/2026 11:51:03,System.Runtime,dotnet.process.cpu.time (s / 1 sec)[cpu.mode=system],Rate,0.40625
06/08/2026 11:51:03,System.Runtime,dotnet.process.cpu.time (s / 1 sec)[cpu.mode=user],Rate,0.734375
06/08/2026 11:51:03,System.Runtime,dotnet.jit.compilation.time (s / 1 sec),Rate,0.8624230999999991
06/08/2026 11:51:03,Npgsql,db.client.operation.npgsql.prepared_ratio[db.client.connection.pool.name=Host=127.0.0.1;Port=5432;Username=postgres;Database=myapp_load;Maximum Pool Size=500],Metric,0
06/08/2026 11:51:03,System.Runtime,dotnet.process.memory.working_set (By),Metric,110944256
06/08/2026 11:51:03,System.Runtime,dotnet.exceptions ({exception} / 1 sec)[error.type=HttpRequestException],Rate,0
06/08/2026 11:51:03,System.Runtime,dotnet.exceptions ({exception} / 1 sec)[error.type=SocketException],Rate,0
06/08/2026 11:51:03,Microsoft.AspNetCore.Hosting,http.server.active_requests ({request})[http.request.method=POST;url.scheme=http],Metric,1
06/08/2026 11:51:03,System.Runtime,dotnet.jit.compiled_il.size (By / 1 sec),Rate,65371
06/08/2026 11:51:03,System.Runtime,dotnet.monitor.lock_contentions ({contention} / 1 sec),Rate,0
06/08/2026 11:51:03,System.Runtime,dotnet.gc.collections ({collection} / 1 sec)[gc.heap.generation=gen0],Rate,0
06/08/2026 11:51:03,System.Runtime,dotnet.gc.collections ({collection} / 1 sec)[gc.heap.generation=gen1],Rate,0
06/08/2026 11:51:03,System.Runtime,dotnet.gc.collections ({collection} / 1 sec)[gc.heap.generation=gen2],Rate,0
06/08/2026 11:51:03,Microsoft.AspNetCore.Hosting,http.server.request.duration (s)[http.request.method=POST;http.response.status_code=201;http.route=/orders;network.protocol.version=1.1;url.scheme=http;Percentile=50],Metric,0.0067291259765625
06/08/2026 11:51:03,Microsoft.AspNetCore.Hosting,http.server.request.duration (s)[http.request.method=POST;http.response.status_code=201;http.route=/orders;network.protocol.version=1.1;url.scheme=http;Percentile=95],Metric,0.0087890625
06/08/2026 11:51:03,Microsoft.AspNetCore.Hosting,http.server.request.duration (s)[http.request.method=POST;http.response.status_code=201;http.route=/orders;network.protocol.version=1.1;url.scheme=http;Percentile=99],Metric,0.0100250244140625
06/08/2026 11:51:03,Npgsql,db.client.operation.npgsql.executing ({command})[db.client.connection.pool.name=Host=127.0.0.1;Port=5432;Username=postgres;Database=myapp_load;Maximum Pool Size=500],Metric,1
06/08/2026 11:51:03,System.Runtime,dotnet.gc.last_collection.heap.size (By)[gc.heap.generation=poh],Metric,78840
06/08/2026 11:51:03,System.Runtime,dotnet.gc.last_collection.heap.size (By)[gc.heap.generation=loh],Metric,4626696
06/08/2026 11:51:03,System.Runtime,dotnet.gc.last_collection.heap.size (By)[gc.heap.generation=gen0],Metric,834368
06/08/2026 11:51:03,System.Runtime,dotnet.gc.last_collection.heap.size (By)[gc.heap.generation=gen1],Metric,369856
06/08/2026 11:51:03,System.Runtime,dotnet.gc.last_collection.heap.size (By)[gc.heap.generation=gen2],Metric,2218560
06/08/2026 11:51:03,Npgsql,db.client.connection.max ({connection})[db.client.connection.pool.name=Host=127.0.0.1;Port=5432;Username=postgres;Database=myapp_load;Maximum Pool Size=500],Metric,500
06/08/2026 11:51:03,System.Runtime,dotnet.process.cpu.count ({cpu}),Metric,20
06/08/2026 11:51:03,Npgsql,db.client.connection.count ({connection})[db.client.connection.pool.name=Host=127.0.0.1;Port=5432;Username=postgres;Database=myapp_load;Maximum Pool Size=500;db.client.connection.state=used],Metric,1
06/08/2026 11:51:03,Npgsql,db.client.connection.count ({connection})[db.client.connection.pool.name=Host=127.0.0.1;Port=5432;Username=postgres;Database=myapp_load;Maximum Pool Size=500;db.client.connection.state=idle],Metric,0
06/08/2026 11:51:03,System.Runtime,dotnet.gc.last_collection.heap.fragmentation.size (By)[gc.heap.generation=poh],Metric,12360
06/08/2026 11:51:03,System.Runtime,dotnet.gc.last_collection.heap.fragmentation.size (By)[gc.heap.generation=loh],Metric,768
06/08/2026 11:51:03,System.Runtime,dotnet.gc.last_collection.heap.fragmentation.size (By)[gc.heap.generation=gen0],Metric,833984
06/08/2026 11:51:03,System.Runtime,dotnet.gc.last_collection.heap.fragmentation.size (By)[gc.heap.generation=gen1],Metric,5928
06/08/2026 11:51:03,System.Runtime,dotnet.gc.last_collection.heap.fragmentation.size (By)[gc.heap.generation=gen2],Metric,800
06/08/2026 11:51:03,System.Runtime,dotnet.gc.last_collection.memory.committed_size (By),Metric,11382784
06/08/2026 11:51:03,Npgsql,db.client.operation.duration (s)[db.client.connection.pool.name=Host=127.0.0.1;Port=5432;Username=postgres;Database=myapp_load;Maximum Pool Size=500;db.system.name=postgresql;server.address=127.0.0.1;server.port=5432;Percentile=50],Metric,0.00579071044921875
06/08/2026 11:51:03,Npgsql,db.client.operation.duration (s)[db.client.connection.pool.name=Host=127.0.0.1;Port=5432;Username=postgres;Database=myapp_load;Maximum Pool Size=500;db.system.name=postgresql;server.address=127.0.0.1;server.port=5432;Percentile=95],Metric,0.00757598876953125
06/08/2026 11:51:03,Npgsql,db.client.operation.duration (s)[db.client.connection.pool.name=Host=127.0.0.1;Port=5432;Username=postgres;Database=myapp_load;Maximum Pool Size=500;db.system.name=postgresql;server.address=127.0.0.1;server.port=5432;Percentile=99],Metric,0.0086669921875
06/08/2026 11:51:03,System.Runtime,dotnet.gc.heap.total_allocated (By / 1 sec),Rate,2802032
06/08/2026 11:51:03,System.Runtime,dotnet.thread_pool.thread.count ({thread} / 1 sec),Rate,0
06/08/2026 11:51:03,System.Runtime,dotnet.jit.compiled_methods ({method} / 1 sec),Rate,735
06/08/2026 11:51:03,Npgsql,db.client.operation.npgsql.bytes_written (By / 1 sec)[db.client.connection.pool.name=Host=127.0.0.1;Port=5432;Username=postgres;Database=myapp_load;Maximum Pool Size=500],Rate,25671
06/08/2026 11:51:03,System.Runtime,dotnet.gc.pause.time (s / 1 sec),Rate,0
06/08/2026 11:51:03,System.Runtime,dotnet.assembly.count ({assembly}),Metric,150
06/08/2026 11:51:03,System.Runtime,dotnet.timer.count ({timer}),Metric,5
06/08/2026 11:51:03,System.Runtime,dotnet.thread_pool.queue.length ({work_item} / 1 sec),Rate,0
06/08/2026 11:51:04,System.Runtime,dotnet.thread_pool.work_item.count ({work_item} / 1 sec),Rate,407
06/08/2026 11:51:04,Npgsql,db.client.operation.npgsql.bytes_read (By / 1 sec)[db.client.connection.pool.name=Host=127.0.0.1;Port=5432;Username=postgres;Database=myapp_load;Maximum Pool Size=500],Rate,7915
06/08/2026 11:51:04,System.Runtime,dotnet.process.cpu.time (s / 1 sec)[cpu.mode=system],Rate,0.21875
06/08/2026 11:51:04,System.Runtime,dotnet.process.cpu.time (s / 1 sec)[cpu.mode=user],Rate,0.640625
06/08/2026 11:51:04,System.Runtime,dotnet.jit.compilation.time (s / 1 sec),Rate,0.6720144000000001
06/08/2026 11:51:04,Npgsql,db.client.operation.npgsql.prepared_ratio[db.client.connection.pool.name=Host=127.0.0.1;Port=5432;Username=postgres;Database=myapp_load;Maximum Pool Size=500],Metric,0
06/08/2026 11:51:04,System.Runtime,dotnet.process.memory.working_set (By),Metric,117227520
06/08/2026 11:51:04,System.Runtime,dotnet.exceptions ({exception} / 1 sec)[error.type=HttpRequestException],Rate,11
06/08/2026 11:51:04,System.Runtime,dotnet.exceptions ({exception} / 1 sec)[error.type=SocketException],Rate,2
06/08/2026 11:51:04,Microsoft.AspNetCore.Hosting,http.server.active_requests ({request})[http.request.method=POST;url.scheme=http],Metric,0
06/08/2026 11:51:04,System.Runtime,dotnet.jit.compiled_il.size (By / 1 sec),Rate,29481
06/08/2026 11:51:04,System.Runtime,dotnet.monitor.lock_contentions ({contention} / 1 sec),Rate,0
06/08/2026 11:51:04,System.Runtime,dotnet.gc.collections ({collection} / 1 sec)[gc.heap.generation=gen0],Rate,0
06/08/2026 11:51:04,System.Runtime,dotnet.gc.collections ({collection} / 1 sec)[gc.heap.generation=gen1],Rate,0
06/08/2026 11:51:04,System.Runtime,dotnet.gc.collections ({collection} / 1 sec)[gc.heap.generation=gen2],Rate,0
06/08/2026 11:51:04,Microsoft.AspNetCore.Hosting,http.server.request.duration (s)[http.request.method=POST;http.response.status_code=201;http.route=/orders;network.protocol.version=1.1;url.scheme=http;Percentile=50],Metric,0.00661468505859375
06/08/2026 11:51:04,Microsoft.AspNetCore.Hosting,http.server.request.duration (s)[http.request.method=POST;http.response.status_code=201;http.route=/orders;network.protocol.version=1.1;url.scheme=http;Percentile=95],Metric,0.0080108642578125
06/08/2026 11:51:04,Microsoft.AspNetCore.Hosting,http.server.request.duration (s)[http.request.method=POST;http.response.status_code=201;http.route=/orders;network.protocol.version=1.1;url.scheme=http;Percentile=99],Metric,0.0124359130859375
06/08/2026 11:51:04,Npgsql,db.client.operation.npgsql.executing ({command})[db.client.connection.pool.name=Host=127.0.0.1;Port=5432;Username=postgres;Database=myapp_load;Maximum Pool Size=500],Metric,0
06/08/2026 11:51:04,System.Runtime,dotnet.gc.last_collection.heap.size (By)[gc.heap.generation=poh],Metric,78840
06/08/2026 11:51:04,System.Runtime,dotnet.gc.last_collection.heap.size (By)[gc.heap.generation=loh],Metric,4626696
06/08/2026 11:51:04,System.Runtime,dotnet.gc.last_collection.heap.size (By)[gc.heap.generation=gen0],Metric,834368
06/08/2026 11:51:04,System.Runtime,dotnet.gc.last_collection.heap.size (By)[gc.heap.generation=gen1],Metric,369856
06/08/2026 11:51:04,System.Runtime,dotnet.gc.last_collection.heap.size (By)[gc.heap.generation=gen2],Metric,2218560
06/08/2026 11:51:04,Npgsql,db.client.connection.max ({connection})[db.client.connection.pool.name=Host=127.0.0.1;Port=5432;Username=postgres;Database=myapp_load;Maximum Pool Size=500],Metric,500
06/08/2026 11:51:04,System.Runtime,dotnet.process.cpu.count ({cpu}),Metric,20
06/08/2026 11:51:04,Npgsql,db.client.connection.count ({connection})[db.client.connection.pool.name=Host=127.0.0.1;Port=5432;Username=postgres;Database=myapp_load;Maximum Pool Size=500;db.client.connection.state=used],Metric,0
06/08/2026 11:51:04,Npgsql,db.client.connection.count ({connection})[db.client.connection.pool.name=Host=127.0.0.1;Port=5432;Username=postgres;Database=myapp_load;Maximum Pool Size=500;db.client.connection.state=idle],Metric,1
06/08/2026 11:51:04,System.Runtime,dotnet.gc.last_collection.heap.fragmentation.size (By)[gc.heap.generation=poh],Metric,12360
06/08/2026 11:51:04,System.Runtime,dotnet.gc.last_collection.heap.fragmentation.size (By)[gc.heap.generation=loh],Metric,768
06/08/2026 11:51:04,System.Runtime,dotnet.gc.last_collection.heap.fragmentation.size (By)[gc.heap.generation=gen0],Metric,833984
06/08/2026 11:51:04,System.Runtime,dotnet.gc.last_collection.heap.fragmentation.size (By)[gc.heap.generation=gen1],Metric,5928
06/08/2026 11:51:04,System.Runtime,dotnet.gc.last_collection.heap.fragmentation.size (By)[gc.heap.generation=gen2],Metric,800
06/08/2026 11:51:04,System.Runtime,dotnet.gc.last_collection.memory.committed_size (By),Metric,11382784
06/08/2026 11:51:04,Npgsql,db.client.operation.duration (s)[db.client.connection.pool.name=Host=127.0.0.1;Port=5432;Username=postgres;Database=myapp_load;Maximum Pool Size=500;db.system.name=postgresql;server.address=127.0.0.1;server.port=5432;Percentile=50],Metric,0.00572967529296875
06/08/2026 11:51:04,Npgsql,db.client.operation.duration (s)[db.client.connection.pool.name=Host=127.0.0.1;Port=5432;Username=postgres;Database=myapp_load;Maximum Pool Size=500;db.system.name=postgresql;server.address=127.0.0.1;server.port=5432;Percentile=95],Metric,0.00717926025390625
06/08/2026 11:51:04,Npgsql,db.client.operation.duration (s)[db.client.connection.pool.name=Host=127.0.0.1;Port=5432;Username=postgres;Database=myapp_load;Maximum Pool Size=500;db.system.name=postgresql;server.address=127.0.0.1;server.port=5432;Percentile=99],Metric,0.011627197265625
06/08/2026 11:51:04,System.Runtime,dotnet.gc.heap.total_allocated (By / 1 sec),Rate,1817120
06/08/2026 11:51:04,System.Runtime,dotnet.thread_pool.thread.count ({thread} / 1 sec),Rate,0
06/08/2026 11:51:04,System.Runtime,dotnet.jit.compiled_methods ({method} / 1 sec),Rate,391
06/08/2026 11:51:04,Npgsql,db.client.operation.npgsql.bytes_written (By / 1 sec)[db.client.connection.pool.name=Host=127.0.0.1;Port=5432;Username=postgres;Database=myapp_load;Maximum Pool Size=500],Rate,15920
06/08/2026 11:51:04,System.Runtime,dotnet.gc.pause.time (s / 1 sec),Rate,0
06/08/2026 11:51:04,System.Runtime,dotnet.assembly.count ({assembly}),Metric,150
06/08/2026 11:51:04,System.Runtime,dotnet.timer.count ({timer}),Metric,4
06/08/2026 11:51:04,System.Runtime,dotnet.thread_pool.queue.length ({work_item} / 1 sec),Rate,0
06/08/2026 11:51:05,System.Runtime,dotnet.thread_pool.work_item.count ({work_item} / 1 sec),Rate,852
06/08/2026 11:51:05,Npgsql,db.client.operation.npgsql.bytes_read (By / 1 sec)[db.client.connection.pool.name=Host=127.0.0.1;Port=5432;Username=postgres;Database=myapp_load;Maximum Pool Size=500],Rate,36744
06/08/2026 11:51:05,System.Runtime,dotnet.process.cpu.time (s / 1 sec)[cpu.mode=system],Rate,0.46875
06/08/2026 11:51:05,System.Runtime,dotnet.process.cpu.time (s / 1 sec)[cpu.mode=user],Rate,0.890625
06/08/2026 11:51:05,System.Runtime,dotnet.jit.compilation.time (s / 1 sec),Rate,0.8085423000000009
06/08/2026 11:51:05,Npgsql,db.client.operation.npgsql.prepared_ratio[db.client.connection.pool.name=Host=127.0.0.1;Port=5432;Username=postgres;Database=myapp_load;Maximum Pool Size=500],Metric,0
06/08/2026 11:51:05,System.Runtime,dotnet.process.memory.working_set (By),Metric,124182528
06/08/2026 11:51:05,System.Runtime,dotnet.exceptions ({exception} / 1 sec)[error.type=HttpRequestException],Rate,0
06/08/2026 11:51:05,System.Runtime,dotnet.exceptions ({exception} / 1 sec)[error.type=SocketException],Rate,0
06/08/2026 11:51:05,Npgsql,db.client.connection.npgsql.create_time (s)[db.client.connection.pool.name=Host=127.0.0.1;Port=5432;Username=postgres;Database=myapp_load;Maximum Pool Size=500;Percentile=50],Metric,0.08984375
06/08/2026 11:51:05,Npgsql,db.client.connection.npgsql.create_time (s)[db.client.connection.pool.name=Host=127.0.0.1;Port=5432;Username=postgres;Database=myapp_load;Maximum Pool Size=500;Percentile=95],Metric,0.177734375
06/08/2026 11:51:05,Npgsql,db.client.connection.npgsql.create_time (s)[db.client.connection.pool.name=Host=127.0.0.1;Port=5432;Username=postgres;Database=myapp_load;Maximum Pool Size=500;Percentile=99],Metric,0.183837890625
06/08/2026 11:51:05,Microsoft.AspNetCore.Hosting,http.server.active_requests ({request})[http.request.method=POST;url.scheme=http],Metric,0
06/08/2026 11:51:05,Microsoft.AspNetCore.Hosting,http.server.active_requests ({request})[http.request.method=GET;url.scheme=http],Metric,97
06/08/2026 11:51:05,System.Runtime,dotnet.jit.compiled_il.size (By / 1 sec),Rate,47182
06/08/2026 11:51:05,System.Runtime,dotnet.monitor.lock_contentions ({contention} / 1 sec),Rate,6
06/08/2026 11:51:05,System.Runtime,dotnet.gc.collections ({collection} / 1 sec)[gc.heap.generation=gen0],Rate,1
06/08/2026 11:51:05,System.Runtime,dotnet.gc.collections ({collection} / 1 sec)[gc.heap.generation=gen1],Rate,0
06/08/2026 11:51:05,System.Runtime,dotnet.gc.collections ({collection} / 1 sec)[gc.heap.generation=gen2],Rate,0
06/08/2026 11:51:05,Microsoft.AspNetCore.Hosting,http.server.request.duration (s)[http.request.method=GET;http.response.status_code=200;http.route=/orders/{id:int};network.protocol.version=1.1;url.scheme=http;Percentile=50],Metric,0.027923583984375
06/08/2026 11:51:05,Microsoft.AspNetCore.Hosting,http.server.request.duration (s)[http.request.method=GET;http.response.status_code=200;http.route=/orders/{id:int};network.protocol.version=1.1;url.scheme=http;Percentile=95],Metric,0.173583984375
06/08/2026 11:51:05,Microsoft.AspNetCore.Hosting,http.server.request.duration (s)[http.request.method=GET;http.response.status_code=200;http.route=/orders/{id:int};network.protocol.version=1.1;url.scheme=http;Percentile=99],Metric,0.202392578125
06/08/2026 11:51:05,Npgsql,db.client.operation.npgsql.executing ({command})[db.client.connection.pool.name=Host=127.0.0.1;Port=5432;Username=postgres;Database=myapp_load;Maximum Pool Size=500],Metric,17
06/08/2026 11:51:05,System.Runtime,dotnet.gc.last_collection.heap.size (By)[gc.heap.generation=poh],Metric,185960
06/08/2026 11:51:05,System.Runtime,dotnet.gc.last_collection.heap.size (By)[gc.heap.generation=loh],Metric,4626696
06/08/2026 11:51:05,System.Runtime,dotnet.gc.last_collection.heap.size (By)[gc.heap.generation=gen0],Metric,834368
06/08/2026 11:51:05,System.Runtime,dotnet.gc.last_collection.heap.size (By)[gc.heap.generation=gen1],Metric,7540784
06/08/2026 11:51:05,System.Runtime,dotnet.gc.last_collection.heap.size (By)[gc.heap.generation=gen2],Metric,2218560
06/08/2026 11:51:05,Npgsql,db.client.connection.max ({connection})[db.client.connection.pool.name=Host=127.0.0.1;Port=5432;Username=postgres;Database=myapp_load;Maximum Pool Size=500],Metric,500
06/08/2026 11:51:05,System.Runtime,dotnet.process.cpu.count ({cpu}),Metric,20
06/08/2026 11:51:05,Npgsql,db.client.connection.count ({connection})[db.client.connection.pool.name=Host=127.0.0.1;Port=5432;Username=postgres;Database=myapp_load;Maximum Pool Size=500;db.client.connection.state=used],Metric,98
06/08/2026 11:51:05,Npgsql,db.client.connection.count ({connection})[db.client.connection.pool.name=Host=127.0.0.1;Port=5432;Username=postgres;Database=myapp_load;Maximum Pool Size=500;db.client.connection.state=idle],Metric,18
06/08/2026 11:51:05,System.Runtime,dotnet.gc.last_collection.heap.fragmentation.size (By)[gc.heap.generation=poh],Metric,0
06/08/2026 11:51:05,System.Runtime,dotnet.gc.last_collection.heap.fragmentation.size (By)[gc.heap.generation=loh],Metric,768
06/08/2026 11:51:05,System.Runtime,dotnet.gc.last_collection.heap.fragmentation.size (By)[gc.heap.generation=gen0],Metric,833984
06/08/2026 11:51:05,System.Runtime,dotnet.gc.last_collection.heap.fragmentation.size (By)[gc.heap.generation=gen1],Metric,5056752
06/08/2026 11:51:05,System.Runtime,dotnet.gc.last_collection.heap.fragmentation.size (By)[gc.heap.generation=gen2],Metric,800
06/08/2026 11:51:05,System.Runtime,dotnet.gc.last_collection.memory.committed_size (By),Metric,27635712
06/08/2026 11:51:05,Npgsql,db.client.operation.duration (s)[db.client.connection.pool.name=Host=127.0.0.1;Port=5432;Username=postgres;Database=myapp_load;Maximum Pool Size=500;db.system.name=postgresql;server.address=127.0.0.1;server.port=5432;Percentile=50],Metric,0.01904296875
06/08/2026 11:51:05,Npgsql,db.client.operation.duration (s)[db.client.connection.pool.name=Host=127.0.0.1;Port=5432;Username=postgres;Database=myapp_load;Maximum Pool Size=500;db.system.name=postgresql;server.address=127.0.0.1;server.port=5432;Percentile=95],Metric,0.080322265625
06/08/2026 11:51:05,Npgsql,db.client.operation.duration (s)[db.client.connection.pool.name=Host=127.0.0.1;Port=5432;Username=postgres;Database=myapp_load;Maximum Pool Size=500;db.system.name=postgresql;server.address=127.0.0.1;server.port=5432;Percentile=99],Metric,0.0897216796875
06/08/2026 11:51:05,System.Runtime,dotnet.gc.heap.total_allocated (By / 1 sec),Rate,13535712
06/08/2026 11:51:05,System.Runtime,dotnet.thread_pool.thread.count ({thread} / 1 sec),Rate,17
06/08/2026 11:51:05,System.Runtime,dotnet.jit.compiled_methods ({method} / 1 sec),Rate,609
06/08/2026 11:51:05,Npgsql,db.client.operation.npgsql.bytes_written (By / 1 sec)[db.client.connection.pool.name=Host=127.0.0.1;Port=5432;Username=postgres;Database=myapp_load;Maximum Pool Size=500],Rate,26353
06/08/2026 11:51:05,System.Runtime,dotnet.gc.pause.time (s / 1 sec),Rate,0.007502999999999996
06/08/2026 11:51:05,System.Runtime,dotnet.assembly.count ({assembly}),Metric,150
06/08/2026 11:51:05,System.Runtime,dotnet.timer.count ({timer}),Metric,99
06/08/2026 11:51:05,System.Runtime,dotnet.thread_pool.queue.length ({work_item} / 1 sec),Rate,0
06/08/2026 11:51:06,System.Runtime,dotnet.thread_pool.work_item.count ({work_item} / 1 sec),Rate,4826
06/08/2026 11:51:06,Npgsql,db.client.operation.npgsql.bytes_read (By / 1 sec)[db.client.connection.pool.name=Host=127.0.0.1;Port=5432;Username=postgres;Database=myapp_load;Maximum Pool Size=500],Rate,244387
06/08/2026 11:51:06,System.Runtime,dotnet.process.cpu.time (s / 1 sec)[cpu.mode=system],Rate,1.078125
06/08/2026 11:51:06,System.Runtime,dotnet.process.cpu.time (s / 1 sec)[cpu.mode=user],Rate,1.296875
06/08/2026 11:51:06,System.Runtime,dotnet.jit.compilation.time (s / 1 sec),Rate,0.33553419999999967
06/08/2026 11:51:06,Npgsql,db.client.operation.npgsql.prepared_ratio[db.client.connection.pool.name=Host=127.0.0.1;Port=5432;Username=postgres;Database=myapp_load;Maximum Pool Size=500],Metric,0
06/08/2026 11:51:06,System.Runtime,dotnet.process.memory.working_set (By),Metric,166567936
06/08/2026 11:51:06,System.Runtime,dotnet.exceptions ({exception} / 1 sec)[error.type=HttpRequestException],Rate,0
06/08/2026 11:51:06,System.Runtime,dotnet.exceptions ({exception} / 1 sec)[error.type=SocketException],Rate,0
06/08/2026 11:51:06,Npgsql,db.client.connection.npgsql.create_time (s)[db.client.connection.pool.name=Host=127.0.0.1;Port=5432;Username=postgres;Database=myapp_load;Maximum Pool Size=500;Percentile=50],Metric,0.4482421875
06/08/2026 11:51:06,Npgsql,db.client.connection.npgsql.create_time (s)[db.client.connection.pool.name=Host=127.0.0.1;Port=5432;Username=postgres;Database=myapp_load;Maximum Pool Size=500;Percentile=95],Metric,0.73046875
06/08/2026 11:51:06,Npgsql,db.client.connection.npgsql.create_time (s)[db.client.connection.pool.name=Host=127.0.0.1;Port=5432;Username=postgres;Database=myapp_load;Maximum Pool Size=500;Percentile=99],Metric,0.896484375
06/08/2026 11:51:06,Microsoft.AspNetCore.Hosting,http.server.active_requests ({request})[http.request.method=POST;url.scheme=http],Metric,0
06/08/2026 11:51:06,Microsoft.AspNetCore.Hosting,http.server.active_requests ({request})[http.request.method=GET;url.scheme=http],Metric,273
06/08/2026 11:51:06,System.Runtime,dotnet.jit.compiled_il.size (By / 1 sec),Rate,3293
06/08/2026 11:51:06,System.Runtime,dotnet.monitor.lock_contentions ({contention} / 1 sec),Rate,0
06/08/2026 11:51:06,System.Runtime,dotnet.gc.collections ({collection} / 1 sec)[gc.heap.generation=gen0],Rate,2
06/08/2026 11:51:06,System.Runtime,dotnet.gc.collections ({collection} / 1 sec)[gc.heap.generation=gen1],Rate,1
06/08/2026 11:51:06,System.Runtime,dotnet.gc.collections ({collection} / 1 sec)[gc.heap.generation=gen2],Rate,1
06/08/2026 11:51:06,Microsoft.AspNetCore.Hosting,http.server.request.duration (s)[http.request.method=GET;http.response.status_code=200;http.route=/orders/{id:int};network.protocol.version=1.1;url.scheme=http;Percentile=50],Metric,0.05157470703125
06/08/2026 11:51:06,Microsoft.AspNetCore.Hosting,http.server.request.duration (s)[http.request.method=GET;http.response.status_code=200;http.route=/orders/{id:int};network.protocol.version=1.1;url.scheme=http;Percentile=95],Metric,0.494140625
06/08/2026 11:51:06,Microsoft.AspNetCore.Hosting,http.server.request.duration (s)[http.request.method=GET;http.response.status_code=200;http.route=/orders/{id:int};network.protocol.version=1.1;url.scheme=http;Percentile=99],Metric,0.634765625
06/08/2026 11:51:06,Npgsql,db.client.operation.npgsql.executing ({command})[db.client.connection.pool.name=Host=127.0.0.1;Port=5432;Username=postgres;Database=myapp_load;Maximum Pool Size=500],Metric,82
06/08/2026 11:51:06,System.Runtime,dotnet.gc.last_collection.heap.size (By)[gc.heap.generation=poh],Metric,602080
06/08/2026 11:51:06,System.Runtime,dotnet.gc.last_collection.heap.size (By)[gc.heap.generation=loh],Metric,4626696
06/08/2026 11:51:06,System.Runtime,dotnet.gc.last_collection.heap.size (By)[gc.heap.generation=gen0],Metric,717000
06/08/2026 11:51:06,System.Runtime,dotnet.gc.last_collection.heap.size (By)[gc.heap.generation=gen1],Metric,25615600
06/08/2026 11:51:06,System.Runtime,dotnet.gc.last_collection.heap.size (By)[gc.heap.generation=gen2],Metric,29647912
06/08/2026 11:51:06,Npgsql,db.client.connection.max ({connection})[db.client.connection.pool.name=Host=127.0.0.1;Port=5432;Username=postgres;Database=myapp_load;Maximum Pool Size=500],Metric,500
06/08/2026 11:51:06,System.Runtime,dotnet.process.cpu.count ({cpu}),Metric,20
06/08/2026 11:51:06,Npgsql,db.client.connection.count ({connection})[db.client.connection.pool.name=Host=127.0.0.1;Port=5432;Username=postgres;Database=myapp_load;Maximum Pool Size=500;db.client.connection.state=used],Metric,282
06/08/2026 11:51:06,Npgsql,db.client.connection.count ({connection})[db.client.connection.pool.name=Host=127.0.0.1;Port=5432;Username=postgres;Database=myapp_load;Maximum Pool Size=500;db.client.connection.state=idle],Metric,51
06/08/2026 11:51:06,System.Runtime,dotnet.gc.last_collection.heap.fragmentation.size (By)[gc.heap.generation=poh],Metric,0
06/08/2026 11:51:06,System.Runtime,dotnet.gc.last_collection.heap.fragmentation.size (By)[gc.heap.generation=loh],Metric,768
06/08/2026 11:51:06,System.Runtime,dotnet.gc.last_collection.heap.fragmentation.size (By)[gc.heap.generation=gen0],Metric,675784
06/08/2026 11:51:06,System.Runtime,dotnet.gc.last_collection.heap.fragmentation.size (By)[gc.heap.generation=gen1],Metric,18258528
06/08/2026 11:51:06,System.Runtime,dotnet.gc.last_collection.heap.fragmentation.size (By)[gc.heap.generation=gen2],Metric,17092688
06/08/2026 11:51:06,System.Runtime,dotnet.gc.last_collection.memory.committed_size (By),Metric,66912256
06/08/2026 11:51:06,Npgsql,db.client.operation.duration (s)[db.client.connection.pool.name=Host=127.0.0.1;Port=5432;Username=postgres;Database=myapp_load;Maximum Pool Size=500;db.system.name=postgresql;server.address=127.0.0.1;server.port=5432;Percentile=50],Metric,0.04644775390625
06/08/2026 11:51:06,Npgsql,db.client.operation.duration (s)[db.client.connection.pool.name=Host=127.0.0.1;Port=5432;Username=postgres;Database=myapp_load;Maximum Pool Size=500;db.system.name=postgresql;server.address=127.0.0.1;server.port=5432;Percentile=95],Metric,0.145751953125
06/08/2026 11:51:06,Npgsql,db.client.operation.duration (s)[db.client.connection.pool.name=Host=127.0.0.1;Port=5432;Username=postgres;Database=myapp_load;Maximum Pool Size=500;db.system.name=postgresql;server.address=127.0.0.1;server.port=5432;Percentile=99],Metric,0.2001953125
06/08/2026 11:51:06,System.Runtime,dotnet.gc.heap.total_allocated (By / 1 sec),Rate,41271616
06/08/2026 11:51:06,System.Runtime,dotnet.thread_pool.thread.count ({thread} / 1 sec),Rate,17
06/08/2026 11:51:06,System.Runtime,dotnet.jit.compiled_methods ({method} / 1 sec),Rate,27
06/08/2026 11:51:06,Npgsql,db.client.operation.npgsql.bytes_written (By / 1 sec)[db.client.connection.pool.name=Host=127.0.0.1;Port=5432;Username=postgres;Database=myapp_load;Maximum Pool Size=500],Rate,183990
06/08/2026 11:51:06,System.Runtime,dotnet.gc.pause.time (s / 1 sec),Rate,0.09469300000000001
06/08/2026 11:51:06,System.Runtime,dotnet.assembly.count ({assembly}),Metric,150
06/08/2026 11:51:06,System.Runtime,dotnet.timer.count ({timer}),Metric,267
06/08/2026 11:51:06,System.Runtime,dotnet.thread_pool.queue.length ({work_item} / 1 sec),Rate,76
06/08/2026 11:51:07,System.Runtime,dotnet.thread_pool.work_item.count ({work_item} / 1 sec),Rate,6529
06/08/2026 11:51:07,Npgsql,db.client.operation.npgsql.bytes_read (By / 1 sec)[db.client.connection.pool.name=Host=127.0.0.1;Port=5432;Username=postgres;Database=myapp_load;Maximum Pool Size=500],Rate,263385
06/08/2026 11:51:07,System.Runtime,dotnet.process.cpu.time (s / 1 sec)[cpu.mode=system],Rate,0.90625
06/08/2026 11:51:07,System.Runtime,dotnet.process.cpu.time (s / 1 sec)[cpu.mode=user],Rate,1.1875
06/08/2026 11:51:07,System.Runtime,dotnet.jit.compilation.time (s / 1 sec),Rate,0.4648217999999993
06/08/2026 11:51:07,Npgsql,db.client.operation.npgsql.prepared_ratio[db.client.connection.pool.name=Host=127.0.0.1;Port=5432;Username=postgres;Database=myapp_load;Maximum Pool Size=500],Metric,0
06/08/2026 11:51:07,System.Runtime,dotnet.process.memory.working_set (By),Metric,206008320
06/08/2026 11:51:07,System.Runtime,dotnet.exceptions ({exception} / 1 sec)[error.type=HttpRequestException],Rate,0
06/08/2026 11:51:07,System.Runtime,dotnet.exceptions ({exception} / 1 sec)[error.type=SocketException],Rate,0
06/08/2026 11:51:07,Npgsql,db.client.connection.npgsql.create_time (s)[db.client.connection.pool.name=Host=127.0.0.1;Port=5432;Username=postgres;Database=myapp_load;Maximum Pool Size=500;Percentile=50],Metric,1.17578125
06/08/2026 11:51:07,Npgsql,db.client.connection.npgsql.create_time (s)[db.client.connection.pool.name=Host=127.0.0.1;Port=5432;Username=postgres;Database=myapp_load;Maximum Pool Size=500;Percentile=95],Metric,1.51953125
06/08/2026 11:51:07,Npgsql,db.client.connection.npgsql.create_time (s)[db.client.connection.pool.name=Host=127.0.0.1;Port=5432;Username=postgres;Database=myapp_load;Maximum Pool Size=500;Percentile=99],Metric,1.521484375
06/08/2026 11:51:07,Microsoft.AspNetCore.Hosting,http.server.active_requests ({request})[http.request.method=POST;url.scheme=http],Metric,0
06/08/2026 11:51:07,Microsoft.AspNetCore.Hosting,http.server.active_requests ({request})[http.request.method=GET;url.scheme=http],Metric,675
06/08/2026 11:51:07,System.Runtime,dotnet.jit.compiled_il.size (By / 1 sec),Rate,1091
06/08/2026 11:51:07,System.Runtime,dotnet.monitor.lock_contentions ({contention} / 1 sec),Rate,46
06/08/2026 11:51:07,System.Runtime,dotnet.gc.collections ({collection} / 1 sec)[gc.heap.generation=gen0],Rate,2
06/08/2026 11:51:07,System.Runtime,dotnet.gc.collections ({collection} / 1 sec)[gc.heap.generation=gen1],Rate,0
06/08/2026 11:51:07,System.Runtime,dotnet.gc.collections ({collection} / 1 sec)[gc.heap.generation=gen2],Rate,0
06/08/2026 11:51:07,Npgsql,db.client.connection.npgsql.pending_requests ({request})[db.client.connection.pool.name=Host=127.0.0.1;Port=5432;Username=postgres;Database=myapp_load;Maximum Pool Size=500],Metric,175
06/08/2026 11:51:07,Microsoft.AspNetCore.Hosting,http.server.request.duration (s)[http.request.method=GET;http.response.status_code=200;http.route=/orders/{id:int};network.protocol.version=1.1;url.scheme=http;Percentile=50],Metric,0.1004638671875
06/08/2026 11:51:07,Microsoft.AspNetCore.Hosting,http.server.request.duration (s)[http.request.method=GET;http.response.status_code=200;http.route=/orders/{id:int};network.protocol.version=1.1;url.scheme=http;Percentile=95],Metric,0.2509765625
06/08/2026 11:51:07,Microsoft.AspNetCore.Hosting,http.server.request.duration (s)[http.request.method=GET;http.response.status_code=200;http.route=/orders/{id:int};network.protocol.version=1.1;url.scheme=http;Percentile=99],Metric,1.337890625
06/08/2026 11:51:07,Npgsql,db.client.operation.npgsql.executing ({command})[db.client.connection.pool.name=Host=127.0.0.1;Port=5432;Username=postgres;Database=myapp_load;Maximum Pool Size=500],Metric,209
06/08/2026 11:51:07,System.Runtime,dotnet.gc.last_collection.heap.size (By)[gc.heap.generation=poh],Metric,869880
06/08/2026 11:51:07,System.Runtime,dotnet.gc.last_collection.heap.size (By)[gc.heap.generation=loh],Metric,4626696
06/08/2026 11:51:07,System.Runtime,dotnet.gc.last_collection.heap.size (By)[gc.heap.generation=gen0],Metric,2411344
06/08/2026 11:51:07,System.Runtime,dotnet.gc.last_collection.heap.size (By)[gc.heap.generation=gen1],Metric,49761104
06/08/2026 11:51:07,System.Runtime,dotnet.gc.last_collection.heap.size (By)[gc.heap.generation=gen2],Metric,29647912
06/08/2026 11:51:07,Npgsql,db.client.connection.max ({connection})[db.client.connection.pool.name=Host=127.0.0.1;Port=5432;Username=postgres;Database=myapp_load;Maximum Pool Size=500],Metric,500
06/08/2026 11:51:07,System.Runtime,dotnet.process.cpu.count ({cpu}),Metric,20
06/08/2026 11:51:07,Npgsql,db.client.connection.count ({connection})[db.client.connection.pool.name=Host=127.0.0.1;Port=5432;Username=postgres;Database=myapp_load;Maximum Pool Size=500;db.client.connection.state=used],Metric,500
06/08/2026 11:51:07,Npgsql,db.client.connection.count ({connection})[db.client.connection.pool.name=Host=127.0.0.1;Port=5432;Username=postgres;Database=myapp_load;Maximum Pool Size=500;db.client.connection.state=idle],Metric,0
06/08/2026 11:51:07,System.Runtime,dotnet.gc.last_collection.heap.fragmentation.size (By)[gc.heap.generation=poh],Metric,0
06/08/2026 11:51:07,System.Runtime,dotnet.gc.last_collection.heap.fragmentation.size (By)[gc.heap.generation=loh],Metric,768
06/08/2026 11:51:07,System.Runtime,dotnet.gc.last_collection.heap.fragmentation.size (By)[gc.heap.generation=gen0],Metric,2378376
06/08/2026 11:51:07,System.Runtime,dotnet.gc.last_collection.heap.fragmentation.size (By)[gc.heap.generation=gen1],Metric,32377984
06/08/2026 11:51:07,System.Runtime,dotnet.gc.last_collection.heap.fragmentation.size (By)[gc.heap.generation=gen2],Metric,17388752
06/08/2026 11:51:07,System.Runtime,dotnet.gc.last_collection.memory.committed_size (By),Metric,99155968
06/08/2026 11:51:07,Npgsql,db.client.operation.duration (s)[db.client.connection.pool.name=Host=127.0.0.1;Port=5432;Username=postgres;Database=myapp_load;Maximum Pool Size=500;db.system.name=postgresql;server.address=127.0.0.1;server.port=5432;Percentile=50],Metric,0.0875244140625
06/08/2026 11:51:07,Npgsql,db.client.operation.duration (s)[db.client.connection.pool.name=Host=127.0.0.1;Port=5432;Username=postgres;Database=myapp_load;Maximum Pool Size=500;db.system.name=postgresql;server.address=127.0.0.1;server.port=5432;Percentile=95],Metric,0.203125
06/08/2026 11:51:07,Npgsql,db.client.operation.duration (s)[db.client.connection.pool.name=Host=127.0.0.1;Port=5432;Username=postgres;Database=myapp_load;Maximum Pool Size=500;db.system.name=postgresql;server.address=127.0.0.1;server.port=5432;Percentile=99],Metric,0.2646484375
06/08/2026 11:51:07,System.Runtime,dotnet.gc.heap.total_allocated (By / 1 sec),Rate,48327120
06/08/2026 11:51:07,System.Runtime,dotnet.thread_pool.thread.count ({thread} / 1 sec),Rate,1
06/08/2026 11:51:07,System.Runtime,dotnet.jit.compiled_methods ({method} / 1 sec),Rate,24
06/08/2026 11:51:07,Npgsql,db.client.operation.npgsql.bytes_written (By / 1 sec)[db.client.connection.pool.name=Host=127.0.0.1;Port=5432;Username=postgres;Database=myapp_load;Maximum Pool Size=500],Rate,224385
06/08/2026 11:51:07,System.Runtime,dotnet.gc.pause.time (s / 1 sec),Rate,0.095634
06/08/2026 11:51:07,System.Runtime,dotnet.assembly.count ({assembly}),Metric,150
06/08/2026 11:51:07,System.Runtime,dotnet.timer.count ({timer}),Metric,678
06/08/2026 11:51:07,System.Runtime,dotnet.thread_pool.queue.length ({work_item} / 1 sec),Rate,-76
06/08/2026 11:51:08,System.Runtime,dotnet.thread_pool.work_item.count ({work_item} / 1 sec),Rate,5876
06/08/2026 11:51:08,Npgsql,db.client.operation.npgsql.bytes_read (By / 1 sec)[db.client.connection.pool.name=Host=127.0.0.1;Port=5432;Username=postgres;Database=myapp_load;Maximum Pool Size=500],Rate,223647
06/08/2026 11:51:08,System.Runtime,dotnet.process.cpu.time (s / 1 sec)[cpu.mode=system],Rate,0.796875
06/08/2026 11:51:08,System.Runtime,dotnet.process.cpu.time (s / 1 sec)[cpu.mode=user],Rate,1.140625
06/08/2026 11:51:08,System.Runtime,dotnet.jit.compilation.time (s / 1 sec),Rate,0.3695472000000013
06/08/2026 11:51:08,Npgsql,db.client.operation.npgsql.prepared_ratio[db.client.connection.pool.name=Host=127.0.0.1;Port=5432;Username=postgres;Database=myapp_load;Maximum Pool Size=500],Metric,0
06/08/2026 11:51:08,System.Runtime,dotnet.process.memory.working_set (By),Metric,235503616
06/08/2026 11:51:08,System.Runtime,dotnet.exceptions ({exception} / 1 sec)[error.type=HttpRequestException],Rate,11
06/08/2026 11:51:08,System.Runtime,dotnet.exceptions ({exception} / 1 sec)[error.type=SocketException],Rate,2
06/08/2026 11:51:08,Npgsql,db.client.connection.npgsql.create_time (s)[db.client.connection.pool.name=Host=127.0.0.1;Port=5432;Username=postgres;Database=myapp_load;Maximum Pool Size=500;Percentile=50],Metric,1.791015625
06/08/2026 11:51:08,Npgsql,db.client.connection.npgsql.create_time (s)[db.client.connection.pool.name=Host=127.0.0.1;Port=5432;Username=postgres;Database=myapp_load;Maximum Pool Size=500;Percentile=95],Metric,1.919921875
06/08/2026 11:51:08,Npgsql,db.client.connection.npgsql.create_time (s)[db.client.connection.pool.name=Host=127.0.0.1;Port=5432;Username=postgres;Database=myapp_load;Maximum Pool Size=500;Percentile=99],Metric,2.06640625
06/08/2026 11:51:08,Microsoft.AspNetCore.Hosting,http.server.active_requests ({request})[http.request.method=POST;url.scheme=http],Metric,0
06/08/2026 11:51:08,Microsoft.AspNetCore.Hosting,http.server.active_requests ({request})[http.request.method=GET;url.scheme=http],Metric,684
06/08/2026 11:51:08,System.Runtime,dotnet.jit.compiled_il.size (By / 1 sec),Rate,2737
06/08/2026 11:51:08,System.Runtime,dotnet.monitor.lock_contentions ({contention} / 1 sec),Rate,177
06/08/2026 11:51:08,System.Runtime,dotnet.gc.collections ({collection} / 1 sec)[gc.heap.generation=gen0],Rate,0
06/08/2026 11:51:08,System.Runtime,dotnet.gc.collections ({collection} / 1 sec)[gc.heap.generation=gen1],Rate,0
06/08/2026 11:51:08,System.Runtime,dotnet.gc.collections ({collection} / 1 sec)[gc.heap.generation=gen2],Rate,0
06/08/2026 11:51:08,Npgsql,db.client.connection.npgsql.pending_requests ({request})[db.client.connection.pool.name=Host=127.0.0.1;Port=5432;Username=postgres;Database=myapp_load;Maximum Pool Size=500],Metric,212
06/08/2026 11:51:08,Microsoft.AspNetCore.Hosting,http.server.request.duration (s)[http.request.method=GET;http.response.status_code=200;http.route=/orders/{id:int};network.protocol.version=1.1;url.scheme=http;Percentile=50],Metric,0.34326171875
06/08/2026 11:51:08,Microsoft.AspNetCore.Hosting,http.server.request.duration (s)[http.request.method=GET;http.response.status_code=200;http.route=/orders/{id:int};network.protocol.version=1.1;url.scheme=http;Percentile=95],Metric,0.4609375
06/08/2026 11:51:08,Microsoft.AspNetCore.Hosting,http.server.request.duration (s)[http.request.method=GET;http.response.status_code=200;http.route=/orders/{id:int};network.protocol.version=1.1;url.scheme=http;Percentile=99],Metric,1.7890625
06/08/2026 11:51:08,Npgsql,db.client.operation.npgsql.executing ({command})[db.client.connection.pool.name=Host=127.0.0.1;Port=5432;Username=postgres;Database=myapp_load;Maximum Pool Size=500],Metric,184
06/08/2026 11:51:08,System.Runtime,dotnet.gc.last_collection.heap.size (By)[gc.heap.generation=poh],Metric,869880
06/08/2026 11:51:08,System.Runtime,dotnet.gc.last_collection.heap.size (By)[gc.heap.generation=loh],Metric,4626696
06/08/2026 11:51:08,System.Runtime,dotnet.gc.last_collection.heap.size (By)[gc.heap.generation=gen0],Metric,2411344
06/08/2026 11:51:08,System.Runtime,dotnet.gc.last_collection.heap.size (By)[gc.heap.generation=gen1],Metric,49761104
06/08/2026 11:51:08,System.Runtime,dotnet.gc.last_collection.heap.size (By)[gc.heap.generation=gen2],Metric,29647912
06/08/2026 11:51:08,Npgsql,db.client.connection.max ({connection})[db.client.connection.pool.name=Host=127.0.0.1;Port=5432;Username=postgres;Database=myapp_load;Maximum Pool Size=500],Metric,500
06/08/2026 11:51:08,System.Runtime,dotnet.process.cpu.count ({cpu}),Metric,20
06/08/2026 11:51:08,Npgsql,db.client.connection.count ({connection})[db.client.connection.pool.name=Host=127.0.0.1;Port=5432;Username=postgres;Database=myapp_load;Maximum Pool Size=500;db.client.connection.state=used],Metric,451
06/08/2026 11:51:08,Npgsql,db.client.connection.count ({connection})[db.client.connection.pool.name=Host=127.0.0.1;Port=5432;Username=postgres;Database=myapp_load;Maximum Pool Size=500;db.client.connection.state=idle],Metric,49
06/08/2026 11:51:08,System.Runtime,dotnet.gc.last_collection.heap.fragmentation.size (By)[gc.heap.generation=poh],Metric,0
06/08/2026 11:51:08,System.Runtime,dotnet.gc.last_collection.heap.fragmentation.size (By)[gc.heap.generation=loh],Metric,768
06/08/2026 11:51:08,System.Runtime,dotnet.gc.last_collection.heap.fragmentation.size (By)[gc.heap.generation=gen0],Metric,2378376
06/08/2026 11:51:08,System.Runtime,dotnet.gc.last_collection.heap.fragmentation.size (By)[gc.heap.generation=gen1],Metric,32377984
06/08/2026 11:51:08,System.Runtime,dotnet.gc.last_collection.heap.fragmentation.size (By)[gc.heap.generation=gen2],Metric,17388752
06/08/2026 11:51:08,System.Runtime,dotnet.gc.last_collection.memory.committed_size (By),Metric,99155968
06/08/2026 11:51:08,Npgsql,db.client.operation.duration (s)[db.client.connection.pool.name=Host=127.0.0.1;Port=5432;Username=postgres;Database=myapp_load;Maximum Pool Size=500;db.system.name=postgresql;server.address=127.0.0.1;server.port=5432;Percentile=50],Metric,0.13330078125
06/08/2026 11:51:08,Npgsql,db.client.operation.duration (s)[db.client.connection.pool.name=Host=127.0.0.1;Port=5432;Username=postgres;Database=myapp_load;Maximum Pool Size=500;db.system.name=postgresql;server.address=127.0.0.1;server.port=5432;Percentile=95],Metric,0.237060546875
06/08/2026 11:51:08,Npgsql,db.client.operation.duration (s)[db.client.connection.pool.name=Host=127.0.0.1;Port=5432;Username=postgres;Database=myapp_load;Maximum Pool Size=500;db.system.name=postgresql;server.address=127.0.0.1;server.port=5432;Percentile=99],Metric,0.357421875
06/08/2026 11:51:08,System.Runtime,dotnet.gc.heap.total_allocated (By / 1 sec),Rate,28769000
06/08/2026 11:51:08,System.Runtime,dotnet.thread_pool.thread.count ({thread} / 1 sec),Rate,0
06/08/2026 11:51:08,System.Runtime,dotnet.jit.compiled_methods ({method} / 1 sec),Rate,39
06/08/2026 11:51:08,Npgsql,db.client.operation.npgsql.bytes_written (By / 1 sec)[db.client.connection.pool.name=Host=127.0.0.1;Port=5432;Username=postgres;Database=myapp_load;Maximum Pool Size=500],Rate,177937
06/08/2026 11:51:08,System.Runtime,dotnet.gc.pause.time (s / 1 sec),Rate,0
06/08/2026 11:51:08,System.Runtime,dotnet.assembly.count ({assembly}),Metric,150
06/08/2026 11:51:08,System.Runtime,dotnet.timer.count ({timer}),Metric,667
06/08/2026 11:51:08,System.Runtime,dotnet.thread_pool.queue.length ({work_item} / 1 sec),Rate,420
06/08/2026 11:51:09,System.Runtime,dotnet.thread_pool.work_item.count ({work_item} / 1 sec),Rate,6868
06/08/2026 11:51:09,Npgsql,db.client.operation.npgsql.bytes_read (By / 1 sec)[db.client.connection.pool.name=Host=127.0.0.1;Port=5432;Username=postgres;Database=myapp_load;Maximum Pool Size=500],Rate,230498
06/08/2026 11:51:09,System.Runtime,dotnet.process.cpu.time (s / 1 sec)[cpu.mode=system],Rate,0.796875
06/08/2026 11:51:09,System.Runtime,dotnet.process.cpu.time (s / 1 sec)[cpu.mode=user],Rate,1.09375
06/08/2026 11:51:09,System.Runtime,dotnet.jit.compilation.time (s / 1 sec),Rate,1.1423687999999999
06/08/2026 11:51:09,Npgsql,db.client.operation.npgsql.prepared_ratio[db.client.connection.pool.name=Host=127.0.0.1;Port=5432;Username=postgres;Database=myapp_load;Maximum Pool Size=500],Metric,0
06/08/2026 11:51:09,System.Runtime,dotnet.process.memory.working_set (By),Metric,256802816
06/08/2026 11:51:09,System.Runtime,dotnet.exceptions ({exception} / 1 sec)[error.type=HttpRequestException],Rate,0
06/08/2026 11:51:09,System.Runtime,dotnet.exceptions ({exception} / 1 sec)[error.type=SocketException],Rate,0
06/08/2026 11:51:09,Npgsql,db.client.connection.npgsql.create_time (s)[db.client.connection.pool.name=Host=127.0.0.1;Port=5432;Username=postgres;Database=myapp_load;Maximum Pool Size=500;Percentile=50],Metric,3.01953125
06/08/2026 11:51:09,Npgsql,db.client.connection.npgsql.create_time (s)[db.client.connection.pool.name=Host=127.0.0.1;Port=5432;Username=postgres;Database=myapp_load;Maximum Pool Size=500;Percentile=95],Metric,3.07421875
06/08/2026 11:51:09,Npgsql,db.client.connection.npgsql.create_time (s)[db.client.connection.pool.name=Host=127.0.0.1;Port=5432;Username=postgres;Database=myapp_load;Maximum Pool Size=500;Percentile=99],Metric,3.07421875
06/08/2026 11:51:09,Microsoft.AspNetCore.Hosting,http.server.active_requests ({request})[http.request.method=POST;url.scheme=http],Metric,0
06/08/2026 11:51:09,Microsoft.AspNetCore.Hosting,http.server.active_requests ({request})[http.request.method=GET;url.scheme=http],Metric,1205
06/08/2026 11:51:09,System.Runtime,dotnet.jit.compiled_il.size (By / 1 sec),Rate,6100
06/08/2026 11:51:09,System.Runtime,dotnet.monitor.lock_contentions ({contention} / 1 sec),Rate,86
06/08/2026 11:51:09,System.Runtime,dotnet.gc.collections ({collection} / 1 sec)[gc.heap.generation=gen0],Rate,1
06/08/2026 11:51:09,System.Runtime,dotnet.gc.collections ({collection} / 1 sec)[gc.heap.generation=gen1],Rate,0
06/08/2026 11:51:09,System.Runtime,dotnet.gc.collections ({collection} / 1 sec)[gc.heap.generation=gen2],Rate,0
06/08/2026 11:51:09,Npgsql,db.client.connection.npgsql.pending_requests ({request})[db.client.connection.pool.name=Host=127.0.0.1;Port=5432;Username=postgres;Database=myapp_load;Maximum Pool Size=500],Metric,726
06/08/2026 11:51:09,Microsoft.AspNetCore.Hosting,http.server.request.duration (s)[http.request.method=GET;http.response.status_code=200;http.route=/orders/{id:int};network.protocol.version=1.1;url.scheme=http;Percentile=50],Metric,0.5419921875
06/08/2026 11:51:09,Microsoft.AspNetCore.Hosting,http.server.request.duration (s)[http.request.method=GET;http.response.status_code=200;http.route=/orders/{id:int};network.protocol.version=1.1;url.scheme=http;Percentile=95],Metric,0.740234375
06/08/2026 11:51:09,Microsoft.AspNetCore.Hosting,http.server.request.duration (s)[http.request.method=GET;http.response.status_code=200;http.route=/orders/{id:int};network.protocol.version=1.1;url.scheme=http;Percentile=99],Metric,2.21484375
06/08/2026 11:51:09,Npgsql,db.client.operation.npgsql.executing ({command})[db.client.connection.pool.name=Host=127.0.0.1;Port=5432;Username=postgres;Database=myapp_load;Maximum Pool Size=500],Metric,229
06/08/2026 11:51:09,System.Runtime,dotnet.gc.last_collection.heap.size (By)[gc.heap.generation=poh],Metric,1887520
06/08/2026 11:51:09,System.Runtime,dotnet.gc.last_collection.heap.size (By)[gc.heap.generation=loh],Metric,4626696
06/08/2026 11:51:09,System.Runtime,dotnet.gc.last_collection.heap.size (By)[gc.heap.generation=gen0],Metric,1348480
06/08/2026 11:51:09,System.Runtime,dotnet.gc.last_collection.heap.size (By)[gc.heap.generation=gen1],Metric,49761104
06/08/2026 11:51:09,System.Runtime,dotnet.gc.last_collection.heap.size (By)[gc.heap.generation=gen2],Metric,29647912
06/08/2026 11:51:09,Npgsql,db.client.connection.max ({connection})[db.client.connection.pool.name=Host=127.0.0.1;Port=5432;Username=postgres;Database=myapp_load;Maximum Pool Size=500],Metric,500
06/08/2026 11:51:09,System.Runtime,dotnet.process.cpu.count ({cpu}),Metric,20
06/08/2026 11:51:09,Npgsql,db.client.connection.count ({connection})[db.client.connection.pool.name=Host=127.0.0.1;Port=5432;Username=postgres;Database=myapp_load;Maximum Pool Size=500;db.client.connection.state=used],Metric,484
06/08/2026 11:51:09,Npgsql,db.client.connection.count ({connection})[db.client.connection.pool.name=Host=127.0.0.1;Port=5432;Username=postgres;Database=myapp_load;Maximum Pool Size=500;db.client.connection.state=idle],Metric,16
06/08/2026 11:51:09,System.Runtime,dotnet.gc.last_collection.heap.fragmentation.size (By)[gc.heap.generation=poh],Metric,0
06/08/2026 11:51:09,System.Runtime,dotnet.gc.last_collection.heap.fragmentation.size (By)[gc.heap.generation=loh],Metric,768
06/08/2026 11:51:09,System.Runtime,dotnet.gc.last_collection.heap.fragmentation.size (By)[gc.heap.generation=gen0],Metric,1314544
06/08/2026 11:51:09,System.Runtime,dotnet.gc.last_collection.heap.fragmentation.size (By)[gc.heap.generation=gen1],Metric,15004680
06/08/2026 11:51:09,System.Runtime,dotnet.gc.last_collection.heap.fragmentation.size (By)[gc.heap.generation=gen2],Metric,17388752
06/08/2026 11:51:09,System.Runtime,dotnet.gc.last_collection.memory.committed_size (By),Metric,154927104
06/08/2026 11:51:09,Npgsql,db.client.operation.duration (s)[db.client.connection.pool.name=Host=127.0.0.1;Port=5432;Username=postgres;Database=myapp_load;Maximum Pool Size=500;db.system.name=postgresql;server.address=127.0.0.1;server.port=5432;Percentile=50],Metric,0.1474609375
06/08/2026 11:51:09,Npgsql,db.client.operation.duration (s)[db.client.connection.pool.name=Host=127.0.0.1;Port=5432;Username=postgres;Database=myapp_load;Maximum Pool Size=500;db.system.name=postgresql;server.address=127.0.0.1;server.port=5432;Percentile=95],Metric,0.3369140625
06/08/2026 11:51:09,Npgsql,db.client.operation.duration (s)[db.client.connection.pool.name=Host=127.0.0.1;Port=5432;Username=postgres;Database=myapp_load;Maximum Pool Size=500;db.system.name=postgresql;server.address=127.0.0.1;server.port=5432;Percentile=99],Metric,0.4638671875
06/08/2026 11:51:09,System.Runtime,dotnet.gc.heap.total_allocated (By / 1 sec),Rate,36829864
06/08/2026 11:51:09,System.Runtime,dotnet.thread_pool.thread.count ({thread} / 1 sec),Rate,0
06/08/2026 11:51:09,System.Runtime,dotnet.jit.compiled_methods ({method} / 1 sec),Rate,30
06/08/2026 11:51:09,Npgsql,db.client.operation.npgsql.bytes_written (By / 1 sec)[db.client.connection.pool.name=Host=127.0.0.1;Port=5432;Username=postgres;Database=myapp_load;Maximum Pool Size=500],Rate,200237
06/08/2026 11:51:09,System.Runtime,dotnet.gc.pause.time (s / 1 sec),Rate,0.07380699999999998
06/08/2026 11:51:09,System.Runtime,dotnet.assembly.count ({assembly}),Metric,150
06/08/2026 11:51:09,System.Runtime,dotnet.timer.count ({timer}),Metric,1212
06/08/2026 11:51:09,System.Runtime,dotnet.thread_pool.queue.length ({work_item} / 1 sec),Rate,-389
06/08/2026 11:51:10,System.Runtime,dotnet.thread_pool.work_item.count ({work_item} / 1 sec),Rate,8294
06/08/2026 11:51:10,Npgsql,db.client.operation.npgsql.bytes_read (By / 1 sec)[db.client.connection.pool.name=Host=127.0.0.1;Port=5432;Username=postgres;Database=myapp_load;Maximum Pool Size=500],Rate,304957
06/08/2026 11:51:10,System.Runtime,dotnet.process.cpu.time (s / 1 sec)[cpu.mode=system],Rate,0.6875
06/08/2026 11:51:10,System.Runtime,dotnet.process.cpu.time (s / 1 sec)[cpu.mode=user],Rate,1.203125
06/08/2026 11:51:10,System.Runtime,dotnet.jit.compilation.time (s / 1 sec),Rate,0.849909499999999
06/08/2026 11:51:10,Npgsql,db.client.operation.npgsql.prepared_ratio[db.client.connection.pool.name=Host=127.0.0.1;Port=5432;Username=postgres;Database=myapp_load;Maximum Pool Size=500],Metric,0
06/08/2026 11:51:10,System.Runtime,dotnet.process.memory.working_set (By),Metric,257273856
06/08/2026 11:51:10,System.Runtime,dotnet.exceptions ({exception} / 1 sec)[error.type=HttpRequestException],Rate,0
06/08/2026 11:51:10,System.Runtime,dotnet.exceptions ({exception} / 1 sec)[error.type=SocketException],Rate,0
06/08/2026 11:51:10,Npgsql,db.client.connection.npgsql.create_time (s)[db.client.connection.pool.name=Host=127.0.0.1;Port=5432;Username=postgres;Database=myapp_load;Maximum Pool Size=500;Percentile=50],Metric,3.53515625
06/08/2026 11:51:10,Npgsql,db.client.connection.npgsql.create_time (s)[db.client.connection.pool.name=Host=127.0.0.1;Port=5432;Username=postgres;Database=myapp_load;Maximum Pool Size=500;Percentile=95],Metric,3.96875
06/08/2026 11:51:10,Npgsql,db.client.connection.npgsql.create_time (s)[db.client.connection.pool.name=Host=127.0.0.1;Port=5432;Username=postgres;Database=myapp_load;Maximum Pool Size=500;Percentile=99],Metric,4.0390625
06/08/2026 11:51:10,Microsoft.AspNetCore.Hosting,http.server.active_requests ({request})[http.request.method=POST;url.scheme=http],Metric,0
06/08/2026 11:51:10,Microsoft.AspNetCore.Hosting,http.server.active_requests ({request})[http.request.method=GET;url.scheme=http],Metric,1616
06/08/2026 11:51:10,System.Runtime,dotnet.jit.compiled_il.size (By / 1 sec),Rate,6724
06/08/2026 11:51:10,System.Runtime,dotnet.monitor.lock_contentions ({contention} / 1 sec),Rate,87
06/08/2026 11:51:10,System.Runtime,dotnet.gc.collections ({collection} / 1 sec)[gc.heap.generation=gen0],Rate,0
06/08/2026 11:51:10,System.Runtime,dotnet.gc.collections ({collection} / 1 sec)[gc.heap.generation=gen1],Rate,0
06/08/2026 11:51:10,System.Runtime,dotnet.gc.collections ({collection} / 1 sec)[gc.heap.generation=gen2],Rate,0
06/08/2026 11:51:10,Npgsql,db.client.connection.npgsql.pending_requests ({request})[db.client.connection.pool.name=Host=127.0.0.1;Port=5432;Username=postgres;Database=myapp_load;Maximum Pool Size=500],Metric,1241
06/08/2026 11:51:10,Microsoft.AspNetCore.Hosting,http.server.request.duration (s)[http.request.method=GET;http.response.status_code=200;http.route=/orders/{id:int};network.protocol.version=1.1;url.scheme=http;Percentile=50],Metric,0.6337890625
06/08/2026 11:51:10,Microsoft.AspNetCore.Hosting,http.server.request.duration (s)[http.request.method=GET;http.response.status_code=200;http.route=/orders/{id:int};network.protocol.version=1.1;url.scheme=http;Percentile=95],Metric,0.853515625
06/08/2026 11:51:10,Microsoft.AspNetCore.Hosting,http.server.request.duration (s)[http.request.method=GET;http.response.status_code=200;http.route=/orders/{id:int};network.protocol.version=1.1;url.scheme=http;Percentile=99],Metric,3.62109375
06/08/2026 11:51:10,Npgsql,db.client.operation.npgsql.executing ({command})[db.client.connection.pool.name=Host=127.0.0.1;Port=5432;Username=postgres;Database=myapp_load;Maximum Pool Size=500],Metric,165
06/08/2026 11:51:10,System.Runtime,dotnet.gc.last_collection.heap.size (By)[gc.heap.generation=poh],Metric,1887520
06/08/2026 11:51:10,System.Runtime,dotnet.gc.last_collection.heap.size (By)[gc.heap.generation=loh],Metric,4626696
06/08/2026 11:51:10,System.Runtime,dotnet.gc.last_collection.heap.size (By)[gc.heap.generation=gen0],Metric,1348480
06/08/2026 11:51:10,System.Runtime,dotnet.gc.last_collection.heap.size (By)[gc.heap.generation=gen1],Metric,49761104
06/08/2026 11:51:10,System.Runtime,dotnet.gc.last_collection.heap.size (By)[gc.heap.generation=gen2],Metric,29647912
06/08/2026 11:51:10,Npgsql,db.client.connection.max ({connection})[db.client.connection.pool.name=Host=127.0.0.1;Port=5432;Username=postgres;Database=myapp_load;Maximum Pool Size=500],Metric,500
06/08/2026 11:51:10,System.Runtime,dotnet.process.cpu.count ({cpu}),Metric,20
06/08/2026 11:51:10,Npgsql,db.client.connection.count ({connection})[db.client.connection.pool.name=Host=127.0.0.1;Port=5432;Username=postgres;Database=myapp_load;Maximum Pool Size=500;db.client.connection.state=used],Metric,367
06/08/2026 11:51:10,Npgsql,db.client.connection.count ({connection})[db.client.connection.pool.name=Host=127.0.0.1;Port=5432;Username=postgres;Database=myapp_load;Maximum Pool Size=500;db.client.connection.state=idle],Metric,133
06/08/2026 11:51:10,System.Runtime,dotnet.gc.last_collection.heap.fragmentation.size (By)[gc.heap.generation=poh],Metric,0
06/08/2026 11:51:10,System.Runtime,dotnet.gc.last_collection.heap.fragmentation.size (By)[gc.heap.generation=loh],Metric,768
06/08/2026 11:51:10,System.Runtime,dotnet.gc.last_collection.heap.fragmentation.size (By)[gc.heap.generation=gen0],Metric,1314544
06/08/2026 11:51:10,System.Runtime,dotnet.gc.last_collection.heap.fragmentation.size (By)[gc.heap.generation=gen1],Metric,15004680
06/08/2026 11:51:10,System.Runtime,dotnet.gc.last_collection.heap.fragmentation.size (By)[gc.heap.generation=gen2],Metric,17388752
06/08/2026 11:51:10,System.Runtime,dotnet.gc.last_collection.memory.committed_size (By),Metric,154927104
06/08/2026 11:51:10,Npgsql,db.client.operation.duration (s)[db.client.connection.pool.name=Host=127.0.0.1;Port=5432;Username=postgres;Database=myapp_load;Maximum Pool Size=500;db.system.name=postgresql;server.address=127.0.0.1;server.port=5432;Percentile=50],Metric,0.1072998046875
06/08/2026 11:51:10,Npgsql,db.client.operation.duration (s)[db.client.connection.pool.name=Host=127.0.0.1;Port=5432;Username=postgres;Database=myapp_load;Maximum Pool Size=500;db.system.name=postgresql;server.address=127.0.0.1;server.port=5432;Percentile=95],Metric,0.2939453125
06/08/2026 11:51:10,Npgsql,db.client.operation.duration (s)[db.client.connection.pool.name=Host=127.0.0.1;Port=5432;Username=postgres;Database=myapp_load;Maximum Pool Size=500;db.system.name=postgresql;server.address=127.0.0.1;server.port=5432;Percentile=99],Metric,0.46875
06/08/2026 11:51:10,System.Runtime,dotnet.gc.heap.total_allocated (By / 1 sec),Rate,43313424
06/08/2026 11:51:10,System.Runtime,dotnet.thread_pool.thread.count ({thread} / 1 sec),Rate,0
06/08/2026 11:51:10,System.Runtime,dotnet.jit.compiled_methods ({method} / 1 sec),Rate,47
06/08/2026 11:51:10,Npgsql,db.client.operation.npgsql.bytes_written (By / 1 sec)[db.client.connection.pool.name=Host=127.0.0.1;Port=5432;Username=postgres;Database=myapp_load;Maximum Pool Size=500],Rate,233064
06/08/2026 11:51:10,System.Runtime,dotnet.gc.pause.time (s / 1 sec),Rate,0
06/08/2026 11:51:10,System.Runtime,dotnet.assembly.count ({assembly}),Metric,150
06/08/2026 11:51:10,System.Runtime,dotnet.timer.count ({timer}),Metric,1609
06/08/2026 11:51:10,System.Runtime,dotnet.thread_pool.queue.length ({work_item} / 1 sec),Rate,132
06/08/2026 11:51:11,System.Runtime,dotnet.thread_pool.work_item.count ({work_item} / 1 sec),Rate,5685
06/08/2026 11:51:11,Npgsql,db.client.operation.npgsql.bytes_read (By / 1 sec)[db.client.connection.pool.name=Host=127.0.0.1;Port=5432;Username=postgres;Database=myapp_load;Maximum Pool Size=500],Rate,190706
06/08/2026 11:51:11,System.Runtime,dotnet.process.cpu.time (s / 1 sec)[cpu.mode=system],Rate,0.4375
06/08/2026 11:51:11,System.Runtime,dotnet.process.cpu.time (s / 1 sec)[cpu.mode=user],Rate,0.84375
06/08/2026 11:51:11,System.Runtime,dotnet.jit.compilation.time (s / 1 sec),Rate,0.7393045000000011
06/08/2026 11:51:11,Npgsql,db.client.operation.npgsql.prepared_ratio[db.client.connection.pool.name=Host=127.0.0.1;Port=5432;Username=postgres;Database=myapp_load;Maximum Pool Size=500],Metric,0
06/08/2026 11:51:11,System.Runtime,dotnet.process.memory.working_set (By),Metric,265547776
06/08/2026 11:51:11,System.Runtime,dotnet.exceptions ({exception} / 1 sec)[error.type=HttpRequestException],Rate,0
06/08/2026 11:51:11,System.Runtime,dotnet.exceptions ({exception} / 1 sec)[error.type=SocketException],Rate,0
06/08/2026 11:51:11,Npgsql,db.client.connection.npgsql.create_time (s)[db.client.connection.pool.name=Host=127.0.0.1;Port=5432;Username=postgres;Database=myapp_load;Maximum Pool Size=500;Percentile=50],Metric,4.1171875
06/08/2026 11:51:11,Npgsql,db.client.connection.npgsql.create_time (s)[db.client.connection.pool.name=Host=127.0.0.1;Port=5432;Username=postgres;Database=myapp_load;Maximum Pool Size=500;Percentile=95],Metric,4.9453125
06/08/2026 11:51:11,Npgsql,db.client.connection.npgsql.create_time (s)[db.client.connection.pool.name=Host=127.0.0.1;Port=5432;Username=postgres;Database=myapp_load;Maximum Pool Size=500;Percentile=99],Metric,4.9453125
06/08/2026 11:51:11,Microsoft.AspNetCore.Hosting,http.server.active_requests ({request})[http.request.method=POST;url.scheme=http],Metric,0
06/08/2026 11:51:11,Microsoft.AspNetCore.Hosting,http.server.active_requests ({request})[http.request.method=GET;url.scheme=http],Metric,2080
06/08/2026 11:51:11,System.Runtime,dotnet.jit.compiled_il.size (By / 1 sec),Rate,1412
06/08/2026 11:51:11,System.Runtime,dotnet.monitor.lock_contentions ({contention} / 1 sec),Rate,95
06/08/2026 11:51:11,System.Runtime,dotnet.gc.collections ({collection} / 1 sec)[gc.heap.generation=gen0],Rate,1
06/08/2026 11:51:11,System.Runtime,dotnet.gc.collections ({collection} / 1 sec)[gc.heap.generation=gen1],Rate,0
06/08/2026 11:51:11,System.Runtime,dotnet.gc.collections ({collection} / 1 sec)[gc.heap.generation=gen2],Rate,0
06/08/2026 11:51:11,Npgsql,db.client.connection.npgsql.pending_requests ({request})[db.client.connection.pool.name=Host=127.0.0.1;Port=5432;Username=postgres;Database=myapp_load;Maximum Pool Size=500],Metric,1573
06/08/2026 11:51:11,Microsoft.AspNetCore.Hosting,http.server.request.duration (s)[http.request.method=GET;http.response.status_code=200;http.route=/orders/{id:int};network.protocol.version=1.1;url.scheme=http;Percentile=50],Metric,1.07421875
06/08/2026 11:51:11,Microsoft.AspNetCore.Hosting,http.server.request.duration (s)[http.request.method=GET;http.response.status_code=200;http.route=/orders/{id:int};network.protocol.version=1.1;url.scheme=http;Percentile=95],Metric,1.380859375
06/08/2026 11:51:11,Microsoft.AspNetCore.Hosting,http.server.request.duration (s)[http.request.method=GET;http.response.status_code=200;http.route=/orders/{id:int};network.protocol.version=1.1;url.scheme=http;Percentile=99],Metric,4.359375
06/08/2026 11:51:11,Npgsql,db.client.operation.npgsql.executing ({command})[db.client.connection.pool.name=Host=127.0.0.1;Port=5432;Username=postgres;Database=myapp_load;Maximum Pool Size=500],Metric,328
06/08/2026 11:51:11,System.Runtime,dotnet.gc.last_collection.heap.size (By)[gc.heap.generation=poh],Metric,2657960
06/08/2026 11:51:11,System.Runtime,dotnet.gc.last_collection.heap.size (By)[gc.heap.generation=loh],Metric,4626696
06/08/2026 11:51:11,System.Runtime,dotnet.gc.last_collection.heap.size (By)[gc.heap.generation=gen0],Metric,3906256
06/08/2026 11:51:11,System.Runtime,dotnet.gc.last_collection.heap.size (By)[gc.heap.generation=gen1],Metric,60058600
06/08/2026 11:51:11,System.Runtime,dotnet.gc.last_collection.heap.size (By)[gc.heap.generation=gen2],Metric,29647912
06/08/2026 11:51:11,Npgsql,db.client.connection.max ({connection})[db.client.connection.pool.name=Host=127.0.0.1;Port=5432;Username=postgres;Database=myapp_load;Maximum Pool Size=500],Metric,500
06/08/2026 11:51:11,System.Runtime,dotnet.process.cpu.count ({cpu}),Metric,20
06/08/2026 11:51:11,Npgsql,db.client.connection.count ({connection})[db.client.connection.pool.name=Host=127.0.0.1;Port=5432;Username=postgres;Database=myapp_load;Maximum Pool Size=500;db.client.connection.state=used],Metric,500
06/08/2026 11:51:11,Npgsql,db.client.connection.count ({connection})[db.client.connection.pool.name=Host=127.0.0.1;Port=5432;Username=postgres;Database=myapp_load;Maximum Pool Size=500;db.client.connection.state=idle],Metric,0
06/08/2026 11:51:11,System.Runtime,dotnet.gc.last_collection.heap.fragmentation.size (By)[gc.heap.generation=poh],Metric,0
06/08/2026 11:51:11,System.Runtime,dotnet.gc.last_collection.heap.fragmentation.size (By)[gc.heap.generation=loh],Metric,768
06/08/2026 11:51:11,System.Runtime,dotnet.gc.last_collection.heap.fragmentation.size (By)[gc.heap.generation=gen0],Metric,3905888
06/08/2026 11:51:11,System.Runtime,dotnet.gc.last_collection.heap.fragmentation.size (By)[gc.heap.generation=gen1],Metric,1862608
06/08/2026 11:51:11,System.Runtime,dotnet.gc.last_collection.heap.fragmentation.size (By)[gc.heap.generation=gen2],Metric,17388752
06/08/2026 11:51:11,System.Runtime,dotnet.gc.last_collection.memory.committed_size (By),Metric,161210368
06/08/2026 11:51:11,Npgsql,db.client.operation.duration (s)[db.client.connection.pool.name=Host=127.0.0.1;Port=5432;Username=postgres;Database=myapp_load;Maximum Pool Size=500;db.system.name=postgresql;server.address=127.0.0.1;server.port=5432;Percentile=50],Metric,0.212158203125
06/08/2026 11:51:11,Npgsql,db.client.operation.duration (s)[db.client.connection.pool.name=Host=127.0.0.1;Port=5432;Username=postgres;Database=myapp_load;Maximum Pool Size=500;db.system.name=postgresql;server.address=127.0.0.1;server.port=5432;Percentile=95],Metric,0.4453125
06/08/2026 11:51:11,Npgsql,db.client.operation.duration (s)[db.client.connection.pool.name=Host=127.0.0.1;Port=5432;Username=postgres;Database=myapp_load;Maximum Pool Size=500;db.system.name=postgresql;server.address=127.0.0.1;server.port=5432;Percentile=99],Metric,0.7666015625
06/08/2026 11:51:11,System.Runtime,dotnet.gc.heap.total_allocated (By / 1 sec),Rate,29904744
06/08/2026 11:51:11,System.Runtime,dotnet.thread_pool.thread.count ({thread} / 1 sec),Rate,0
06/08/2026 11:51:11,System.Runtime,dotnet.jit.compiled_methods ({method} / 1 sec),Rate,27
06/08/2026 11:51:11,Npgsql,db.client.operation.npgsql.bytes_written (By / 1 sec)[db.client.connection.pool.name=Host=127.0.0.1;Port=5432;Username=postgres;Database=myapp_load;Maximum Pool Size=500],Rate,178938
06/08/2026 11:51:11,System.Runtime,dotnet.gc.pause.time (s / 1 sec),Rate,0.10600199999999999
06/08/2026 11:51:11,System.Runtime,dotnet.assembly.count ({assembly}),Metric,150
06/08/2026 11:51:11,System.Runtime,dotnet.timer.count ({timer}),Metric,2075
06/08/2026 11:51:11,System.Runtime,dotnet.thread_pool.queue.length ({work_item} / 1 sec),Rate,-162
06/08/2026 11:51:12,System.Runtime,dotnet.thread_pool.work_item.count ({work_item} / 1 sec),Rate,6192
06/08/2026 11:51:12,Npgsql,db.client.operation.npgsql.bytes_read (By / 1 sec)[db.client.connection.pool.name=Host=127.0.0.1;Port=5432;Username=postgres;Database=myapp_load;Maximum Pool Size=500],Rate,262784
06/08/2026 11:51:12,System.Runtime,dotnet.process.cpu.time (s / 1 sec)[cpu.mode=system],Rate,0.5625
06/08/2026 11:51:12,System.Runtime,dotnet.process.cpu.time (s / 1 sec)[cpu.mode=user],Rate,1.21875
06/08/2026 11:51:12,System.Runtime,dotnet.jit.compilation.time (s / 1 sec),Rate,0.8558024
06/08/2026 11:51:12,Npgsql,db.client.operation.npgsql.prepared_ratio[db.client.connection.pool.name=Host=127.0.0.1;Port=5432;Username=postgres;Database=myapp_load;Maximum Pool Size=500],Metric,0
06/08/2026 11:51:12,System.Runtime,dotnet.process.memory.working_set (By),Metric,266948608
06/08/2026 11:51:12,System.Runtime,dotnet.exceptions ({exception} / 1 sec)[error.type=HttpRequestException],Rate,11
06/08/2026 11:51:12,System.Runtime,dotnet.exceptions ({exception} / 1 sec)[error.type=SocketException],Rate,2
06/08/2026 11:51:12,Npgsql,db.client.connection.npgsql.create_time (s)[db.client.connection.pool.name=Host=127.0.0.1;Port=5432;Username=postgres;Database=myapp_load;Maximum Pool Size=500;Percentile=50],Metric,5.140625
06/08/2026 11:51:12,Npgsql,db.client.connection.npgsql.create_time (s)[db.client.connection.pool.name=Host=127.0.0.1;Port=5432;Username=postgres;Database=myapp_load;Maximum Pool Size=500;Percentile=95],Metric,5.7734375
06/08/2026 11:51:12,Npgsql,db.client.connection.npgsql.create_time (s)[db.client.connection.pool.name=Host=127.0.0.1;Port=5432;Username=postgres;Database=myapp_load;Maximum Pool Size=500;Percentile=99],Metric,5.78125
06/08/2026 11:51:12,Microsoft.AspNetCore.Hosting,http.server.active_requests ({request})[http.request.method=POST;url.scheme=http],Metric,0
06/08/2026 11:51:12,Microsoft.AspNetCore.Hosting,http.server.active_requests ({request})[http.request.method=GET;url.scheme=http],Metric,1771
06/08/2026 11:51:12,System.Runtime,dotnet.jit.compiled_il.size (By / 1 sec),Rate,7333
06/08/2026 11:51:12,System.Runtime,dotnet.monitor.lock_contentions ({contention} / 1 sec),Rate,89
06/08/2026 11:51:12,System.Runtime,dotnet.gc.collections ({collection} / 1 sec)[gc.heap.generation=gen0],Rate,0
06/08/2026 11:51:12,System.Runtime,dotnet.gc.collections ({collection} / 1 sec)[gc.heap.generation=gen1],Rate,0
06/08/2026 11:51:12,System.Runtime,dotnet.gc.collections ({collection} / 1 sec)[gc.heap.generation=gen2],Rate,0
06/08/2026 11:51:12,Npgsql,db.client.connection.npgsql.pending_requests ({request})[db.client.connection.pool.name=Host=127.0.0.1;Port=5432;Username=postgres;Database=myapp_load;Maximum Pool Size=500],Metric,1271
06/08/2026 11:51:12,Microsoft.AspNetCore.Hosting,http.server.request.duration (s)[http.request.method=GET;http.response.status_code=200;http.route=/orders/{id:int};network.protocol.version=1.1;url.scheme=http;Percentile=50],Metric,1.400390625
06/08/2026 11:51:12,Microsoft.AspNetCore.Hosting,http.server.request.duration (s)[http.request.method=GET;http.response.status_code=200;http.route=/orders/{id:int};network.protocol.version=1.1;url.scheme=http;Percentile=95],Metric,1.587890625
06/08/2026 11:51:12,Microsoft.AspNetCore.Hosting,http.server.request.duration (s)[http.request.method=GET;http.response.status_code=200;http.route=/orders/{id:int};network.protocol.version=1.1;url.scheme=http;Percentile=99],Metric,5.296875
06/08/2026 11:51:12,Npgsql,db.client.operation.npgsql.executing ({command})[db.client.connection.pool.name=Host=127.0.0.1;Port=5432;Username=postgres;Database=myapp_load;Maximum Pool Size=500],Metric,381
06/08/2026 11:51:12,System.Runtime,dotnet.gc.last_collection.heap.size (By)[gc.heap.generation=poh],Metric,2657960
06/08/2026 11:51:12,System.Runtime,dotnet.gc.last_collection.heap.size (By)[gc.heap.generation=loh],Metric,4626696
06/08/2026 11:51:12,System.Runtime,dotnet.gc.last_collection.heap.size (By)[gc.heap.generation=gen0],Metric,3906256
06/08/2026 11:51:12,System.Runtime,dotnet.gc.last_collection.heap.size (By)[gc.heap.generation=gen1],Metric,60058600
06/08/2026 11:51:12,System.Runtime,dotnet.gc.last_collection.heap.size (By)[gc.heap.generation=gen2],Metric,29647912
06/08/2026 11:51:12,Npgsql,db.client.connection.max ({connection})[db.client.connection.pool.name=Host=127.0.0.1;Port=5432;Username=postgres;Database=myapp_load;Maximum Pool Size=500],Metric,500
06/08/2026 11:51:12,System.Runtime,dotnet.process.cpu.count ({cpu}),Metric,20
06/08/2026 11:51:12,Npgsql,db.client.connection.count ({connection})[db.client.connection.pool.name=Host=127.0.0.1;Port=5432;Username=postgres;Database=myapp_load;Maximum Pool Size=500;db.client.connection.state=used],Metric,500
06/08/2026 11:51:12,Npgsql,db.client.connection.count ({connection})[db.client.connection.pool.name=Host=127.0.0.1;Port=5432;Username=postgres;Database=myapp_load;Maximum Pool Size=500;db.client.connection.state=idle],Metric,0
06/08/2026 11:51:12,System.Runtime,dotnet.gc.last_collection.heap.fragmentation.size (By)[gc.heap.generation=poh],Metric,0
06/08/2026 11:51:12,System.Runtime,dotnet.gc.last_collection.heap.fragmentation.size (By)[gc.heap.generation=loh],Metric,768
06/08/2026 11:51:12,System.Runtime,dotnet.gc.last_collection.heap.fragmentation.size (By)[gc.heap.generation=gen0],Metric,3905888
06/08/2026 11:51:12,System.Runtime,dotnet.gc.last_collection.heap.fragmentation.size (By)[gc.heap.generation=gen1],Metric,1862608
06/08/2026 11:51:12,System.Runtime,dotnet.gc.last_collection.heap.fragmentation.size (By)[gc.heap.generation=gen2],Metric,17388752
06/08/2026 11:51:12,System.Runtime,dotnet.gc.last_collection.memory.committed_size (By),Metric,161210368
06/08/2026 11:51:12,Npgsql,db.client.operation.duration (s)[db.client.connection.pool.name=Host=127.0.0.1;Port=5432;Username=postgres;Database=myapp_load;Maximum Pool Size=500;db.system.name=postgresql;server.address=127.0.0.1;server.port=5432;Percentile=50],Metric,0.198974609375
06/08/2026 11:51:12,Npgsql,db.client.operation.duration (s)[db.client.connection.pool.name=Host=127.0.0.1;Port=5432;Username=postgres;Database=myapp_load;Maximum Pool Size=500;db.system.name=postgresql;server.address=127.0.0.1;server.port=5432;Percentile=95],Metric,0.41162109375
06/08/2026 11:51:12,Npgsql,db.client.operation.duration (s)[db.client.connection.pool.name=Host=127.0.0.1;Port=5432;Username=postgres;Database=myapp_load;Maximum Pool Size=500;db.system.name=postgresql;server.address=127.0.0.1;server.port=5432;Percentile=99],Metric,0.45947265625
06/08/2026 11:51:12,System.Runtime,dotnet.gc.heap.total_allocated (By / 1 sec),Rate,26194776
06/08/2026 11:51:12,System.Runtime,dotnet.thread_pool.thread.count ({thread} / 1 sec),Rate,0
06/08/2026 11:51:12,System.Runtime,dotnet.jit.compiled_methods ({method} / 1 sec),Rate,133
06/08/2026 11:51:12,Npgsql,db.client.operation.npgsql.bytes_written (By / 1 sec)[db.client.connection.pool.name=Host=127.0.0.1;Port=5432;Username=postgres;Database=myapp_load;Maximum Pool Size=500],Rate,217326
06/08/2026 11:51:12,System.Runtime,dotnet.gc.pause.time (s / 1 sec),Rate,0
06/08/2026 11:51:12,System.Runtime,dotnet.assembly.count ({assembly}),Metric,150
06/08/2026 11:51:12,System.Runtime,dotnet.timer.count ({timer}),Metric,1773
06/08/2026 11:51:12,System.Runtime,dotnet.thread_pool.queue.length ({work_item} / 1 sec),Rate,0
06/08/2026 11:51:13,System.Runtime,dotnet.thread_pool.work_item.count ({work_item} / 1 sec),Rate,7878
06/08/2026 11:51:13,Npgsql,db.client.operation.npgsql.bytes_read (By / 1 sec)[db.client.connection.pool.name=Host=127.0.0.1;Port=5432;Username=postgres;Database=myapp_load;Maximum Pool Size=500],Rate,311030
06/08/2026 11:51:13,System.Runtime,dotnet.process.cpu.time (s / 1 sec)[cpu.mode=system],Rate,0.5625
06/08/2026 11:51:13,System.Runtime,dotnet.process.cpu.time (s / 1 sec)[cpu.mode=user],Rate,1.390625
06/08/2026 11:51:13,System.Runtime,dotnet.jit.compilation.time (s / 1 sec),Rate,0.5544171999999996
06/08/2026 11:51:13,Npgsql,db.client.operation.npgsql.prepared_ratio[db.client.connection.pool.name=Host=127.0.0.1;Port=5432;Username=postgres;Database=myapp_load;Maximum Pool Size=500],Metric,0
06/08/2026 11:51:13,System.Runtime,dotnet.process.memory.working_set (By),Metric,275632128
06/08/2026 11:51:13,System.Runtime,dotnet.exceptions ({exception} / 1 sec)[error.type=HttpRequestException],Rate,0
06/08/2026 11:51:13,System.Runtime,dotnet.exceptions ({exception} / 1 sec)[error.type=SocketException],Rate,0
06/08/2026 11:51:13,Npgsql,db.client.connection.npgsql.create_time (s)[db.client.connection.pool.name=Host=127.0.0.1;Port=5432;Username=postgres;Database=myapp_load;Maximum Pool Size=500;Percentile=50],Metric,6.3203125
06/08/2026 11:51:13,Npgsql,db.client.connection.npgsql.create_time (s)[db.client.connection.pool.name=Host=127.0.0.1;Port=5432;Username=postgres;Database=myapp_load;Maximum Pool Size=500;Percentile=95],Metric,6.4453125
06/08/2026 11:51:13,Npgsql,db.client.connection.npgsql.create_time (s)[db.client.connection.pool.name=Host=127.0.0.1;Port=5432;Username=postgres;Database=myapp_load;Maximum Pool Size=500;Percentile=99],Metric,6.796875
06/08/2026 11:51:13,Microsoft.AspNetCore.Hosting,http.server.active_requests ({request})[http.request.method=POST;url.scheme=http],Metric,0
06/08/2026 11:51:13,Microsoft.AspNetCore.Hosting,http.server.active_requests ({request})[http.request.method=GET;url.scheme=http],Metric,2352
06/08/2026 11:51:13,System.Runtime,dotnet.jit.compiled_il.size (By / 1 sec),Rate,1611
06/08/2026 11:51:13,System.Runtime,dotnet.monitor.lock_contentions ({contention} / 1 sec),Rate,194
06/08/2026 11:51:13,System.Runtime,dotnet.gc.collections ({collection} / 1 sec)[gc.heap.generation=gen0],Rate,1
06/08/2026 11:51:13,System.Runtime,dotnet.gc.collections ({collection} / 1 sec)[gc.heap.generation=gen1],Rate,0
06/08/2026 11:51:13,System.Runtime,dotnet.gc.collections ({collection} / 1 sec)[gc.heap.generation=gen2],Rate,0
06/08/2026 11:51:13,Npgsql,db.client.connection.npgsql.pending_requests ({request})[db.client.connection.pool.name=Host=127.0.0.1;Port=5432;Username=postgres;Database=myapp_load;Maximum Pool Size=500],Metric,2166
06/08/2026 11:51:13,Microsoft.AspNetCore.Hosting,http.server.request.duration (s)[http.request.method=GET;http.response.status_code=200;http.route=/orders/{id:int};network.protocol.version=1.1;url.scheme=http;Percentile=50],Metric,1.310546875
06/08/2026 11:51:13,Microsoft.AspNetCore.Hosting,http.server.request.duration (s)[http.request.method=GET;http.response.status_code=200;http.route=/orders/{id:int};network.protocol.version=1.1;url.scheme=http;Percentile=95],Metric,6.0703125
06/08/2026 11:51:13,Microsoft.AspNetCore.Hosting,http.server.request.duration (s)[http.request.method=GET;http.response.status_code=200;http.route=/orders/{id:int};network.protocol.version=1.1;url.scheme=http;Percentile=99],Metric,6.3984375
06/08/2026 11:51:13,Npgsql,db.client.operation.npgsql.executing ({command})[db.client.connection.pool.name=Host=127.0.0.1;Port=5432;Username=postgres;Database=myapp_load;Maximum Pool Size=500],Metric,133
06/08/2026 11:51:13,System.Runtime,dotnet.gc.last_collection.heap.size (By)[gc.heap.generation=poh],Metric,3968120
06/08/2026 11:51:13,System.Runtime,dotnet.gc.last_collection.heap.size (By)[gc.heap.generation=loh],Metric,4626696
06/08/2026 11:51:13,System.Runtime,dotnet.gc.last_collection.heap.size (By)[gc.heap.generation=gen0],Metric,386768
06/08/2026 11:51:13,System.Runtime,dotnet.gc.last_collection.heap.size (By)[gc.heap.generation=gen1],Metric,87866000
06/08/2026 11:51:13,System.Runtime,dotnet.gc.last_collection.heap.size (By)[gc.heap.generation=gen2],Metric,29647912
06/08/2026 11:51:13,Npgsql,db.client.connection.max ({connection})[db.client.connection.pool.name=Host=127.0.0.1;Port=5432;Username=postgres;Database=myapp_load;Maximum Pool Size=500],Metric,500
06/08/2026 11:51:13,System.Runtime,dotnet.process.cpu.count ({cpu}),Metric,20
06/08/2026 11:51:13,Npgsql,db.client.connection.count ({connection})[db.client.connection.pool.name=Host=127.0.0.1;Port=5432;Username=postgres;Database=myapp_load;Maximum Pool Size=500;db.client.connection.state=used],Metric,182
06/08/2026 11:51:13,Npgsql,db.client.connection.count ({connection})[db.client.connection.pool.name=Host=127.0.0.1;Port=5432;Username=postgres;Database=myapp_load;Maximum Pool Size=500;db.client.connection.state=idle],Metric,318
06/08/2026 11:51:13,System.Runtime,dotnet.gc.last_collection.heap.fragmentation.size (By)[gc.heap.generation=poh],Metric,0
06/08/2026 11:51:13,System.Runtime,dotnet.gc.last_collection.heap.fragmentation.size (By)[gc.heap.generation=loh],Metric,768
06/08/2026 11:51:13,System.Runtime,dotnet.gc.last_collection.heap.fragmentation.size (By)[gc.heap.generation=gen0],Metric,386584
06/08/2026 11:51:13,System.Runtime,dotnet.gc.last_collection.heap.fragmentation.size (By)[gc.heap.generation=gen1],Metric,1915144
06/08/2026 11:51:13,System.Runtime,dotnet.gc.last_collection.heap.fragmentation.size (By)[gc.heap.generation=gen2],Metric,17388752
06/08/2026 11:51:13,System.Runtime,dotnet.gc.last_collection.memory.committed_size (By),Metric,166649856
06/08/2026 11:51:13,Npgsql,db.client.operation.duration (s)[db.client.connection.pool.name=Host=127.0.0.1;Port=5432;Username=postgres;Database=myapp_load;Maximum Pool Size=500;db.system.name=postgresql;server.address=127.0.0.1;server.port=5432;Percentile=50],Metric,0.115234375
06/08/2026 11:51:13,Npgsql,db.client.operation.duration (s)[db.client.connection.pool.name=Host=127.0.0.1;Port=5432;Username=postgres;Database=myapp_load;Maximum Pool Size=500;db.system.name=postgresql;server.address=127.0.0.1;server.port=5432;Percentile=95],Metric,0.517578125
06/08/2026 11:51:13,Npgsql,db.client.operation.duration (s)[db.client.connection.pool.name=Host=127.0.0.1;Port=5432;Username=postgres;Database=myapp_load;Maximum Pool Size=500;db.system.name=postgresql;server.address=127.0.0.1;server.port=5432;Percentile=99],Metric,0.994140625
06/08/2026 11:51:13,System.Runtime,dotnet.gc.heap.total_allocated (By / 1 sec),Rate,41441584
06/08/2026 11:51:13,System.Runtime,dotnet.thread_pool.thread.count ({thread} / 1 sec),Rate,0
06/08/2026 11:51:13,System.Runtime,dotnet.jit.compiled_methods ({method} / 1 sec),Rate,15
06/08/2026 11:51:13,Npgsql,db.client.operation.npgsql.bytes_written (By / 1 sec)[db.client.connection.pool.name=Host=127.0.0.1;Port=5432;Username=postgres;Database=myapp_load;Maximum Pool Size=500],Rate,201359
06/08/2026 11:51:13,System.Runtime,dotnet.gc.pause.time (s / 1 sec),Rate,0.13316
06/08/2026 11:51:13,System.Runtime,dotnet.assembly.count ({assembly}),Metric,150
06/08/2026 11:51:13,System.Runtime,dotnet.timer.count ({timer}),Metric,2345
06/08/2026 11:51:13,System.Runtime,dotnet.thread_pool.queue.length ({work_item} / 1 sec),Rate,526
06/08/2026 11:51:14,System.Runtime,dotnet.thread_pool.work_item.count ({work_item} / 1 sec),Rate,8568
06/08/2026 11:51:14,Npgsql,db.client.operation.npgsql.bytes_read (By / 1 sec)[db.client.connection.pool.name=Host=127.0.0.1;Port=5432;Username=postgres;Database=myapp_load;Maximum Pool Size=500],Rate,476065
06/08/2026 11:51:14,System.Runtime,dotnet.process.cpu.time (s / 1 sec)[cpu.mode=system],Rate,1.03125
06/08/2026 11:51:14,System.Runtime,dotnet.process.cpu.time (s / 1 sec)[cpu.mode=user],Rate,1.671875
06/08/2026 11:51:14,System.Runtime,dotnet.jit.compilation.time (s / 1 sec),Rate,0.9189394999999987
06/08/2026 11:51:14,Npgsql,db.client.operation.npgsql.prepared_ratio[db.client.connection.pool.name=Host=127.0.0.1;Port=5432;Username=postgres;Database=myapp_load;Maximum Pool Size=500],Metric,0
06/08/2026 11:51:14,System.Runtime,dotnet.process.memory.working_set (By),Metric,289988608
06/08/2026 11:51:14,System.Runtime,dotnet.exceptions ({exception} / 1 sec)[error.type=HttpRequestException],Rate,0
06/08/2026 11:51:14,System.Runtime,dotnet.exceptions ({exception} / 1 sec)[error.type=SocketException],Rate,0
06/08/2026 11:51:14,Npgsql,db.client.connection.npgsql.create_time (s)[db.client.connection.pool.name=Host=127.0.0.1;Port=5432;Username=postgres;Database=myapp_load;Maximum Pool Size=500;Percentile=50],Metric,6.828125
06/08/2026 11:51:14,Npgsql,db.client.connection.npgsql.create_time (s)[db.client.connection.pool.name=Host=127.0.0.1;Port=5432;Username=postgres;Database=myapp_load;Maximum Pool Size=500;Percentile=95],Metric,7.03125
06/08/2026 11:51:14,Npgsql,db.client.connection.npgsql.create_time (s)[db.client.connection.pool.name=Host=127.0.0.1;Port=5432;Username=postgres;Database=myapp_load;Maximum Pool Size=500;Percentile=99],Metric,7.046875
06/08/2026 11:51:14,Microsoft.AspNetCore.Hosting,http.server.active_requests ({request})[http.request.method=POST;url.scheme=http],Metric,0
06/08/2026 11:51:14,Microsoft.AspNetCore.Hosting,http.server.active_requests ({request})[http.request.method=GET;url.scheme=http],Metric,574
06/08/2026 11:51:14,System.Runtime,dotnet.jit.compiled_il.size (By / 1 sec),Rate,6203
06/08/2026 11:51:14,System.Runtime,dotnet.monitor.lock_contentions ({contention} / 1 sec),Rate,205
06/08/2026 11:51:14,System.Runtime,dotnet.gc.collections ({collection} / 1 sec)[gc.heap.generation=gen0],Rate,0
06/08/2026 11:51:14,System.Runtime,dotnet.gc.collections ({collection} / 1 sec)[gc.heap.generation=gen1],Rate,0
06/08/2026 11:51:14,System.Runtime,dotnet.gc.collections ({collection} / 1 sec)[gc.heap.generation=gen2],Rate,1
06/08/2026 11:51:14,Npgsql,db.client.connection.npgsql.pending_requests ({request})[db.client.connection.pool.name=Host=127.0.0.1;Port=5432;Username=postgres;Database=myapp_load;Maximum Pool Size=500],Metric,456
06/08/2026 11:51:14,Microsoft.AspNetCore.Hosting,http.server.request.duration (s)[http.request.method=GET;http.response.status_code=200;http.route=/orders/{id:int};network.protocol.version=1.1;url.scheme=http;Percentile=50],Metric,0.8271484375
06/08/2026 11:51:14,Microsoft.AspNetCore.Hosting,http.server.request.duration (s)[http.request.method=GET;http.response.status_code=200;http.route=/orders/{id:int};network.protocol.version=1.1;url.scheme=http;Percentile=95],Metric,1.263671875
06/08/2026 11:51:14,Microsoft.AspNetCore.Hosting,http.server.request.duration (s)[http.request.method=GET;http.response.status_code=200;http.route=/orders/{id:int};network.protocol.version=1.1;url.scheme=http;Percentile=99],Metric,6.9296875
06/08/2026 11:51:14,Npgsql,db.client.operation.npgsql.executing ({command})[db.client.connection.pool.name=Host=127.0.0.1;Port=5432;Username=postgres;Database=myapp_load;Maximum Pool Size=500],Metric,94
06/08/2026 11:51:14,System.Runtime,dotnet.gc.last_collection.heap.size (By)[gc.heap.generation=poh],Metric,4260640
06/08/2026 11:51:14,System.Runtime,dotnet.gc.last_collection.heap.size (By)[gc.heap.generation=loh],Metric,4626696
06/08/2026 11:51:14,System.Runtime,dotnet.gc.last_collection.heap.size (By)[gc.heap.generation=gen0],Metric,19387592
06/08/2026 11:51:14,System.Runtime,dotnet.gc.last_collection.heap.size (By)[gc.heap.generation=gen1],Metric,12455168
06/08/2026 11:51:14,System.Runtime,dotnet.gc.last_collection.heap.size (By)[gc.heap.generation=gen2],Metric,49511632
06/08/2026 11:51:14,Npgsql,db.client.connection.max ({connection})[db.client.connection.pool.name=Host=127.0.0.1;Port=5432;Username=postgres;Database=myapp_load;Maximum Pool Size=500],Metric,500
06/08/2026 11:51:14,System.Runtime,dotnet.process.cpu.count ({cpu}),Metric,20
06/08/2026 11:51:14,Npgsql,db.client.connection.count ({connection})[db.client.connection.pool.name=Host=127.0.0.1;Port=5432;Username=postgres;Database=myapp_load;Maximum Pool Size=500;db.client.connection.state=used],Metric,109
06/08/2026 11:51:14,Npgsql,db.client.connection.count ({connection})[db.client.connection.pool.name=Host=127.0.0.1;Port=5432;Username=postgres;Database=myapp_load;Maximum Pool Size=500;db.client.connection.state=idle],Metric,391
06/08/2026 11:51:14,System.Runtime,dotnet.gc.last_collection.heap.fragmentation.size (By)[gc.heap.generation=poh],Metric,0
06/08/2026 11:51:14,System.Runtime,dotnet.gc.last_collection.heap.fragmentation.size (By)[gc.heap.generation=loh],Metric,768
06/08/2026 11:51:14,System.Runtime,dotnet.gc.last_collection.heap.fragmentation.size (By)[gc.heap.generation=gen0],Metric,19222720
06/08/2026 11:51:14,System.Runtime,dotnet.gc.last_collection.heap.fragmentation.size (By)[gc.heap.generation=gen1],Metric,363104
06/08/2026 11:51:14,System.Runtime,dotnet.gc.last_collection.heap.fragmentation.size (By)[gc.heap.generation=gen2],Metric,9573912
06/08/2026 11:51:14,System.Runtime,dotnet.gc.last_collection.memory.committed_size (By),Metric,186478592
06/08/2026 11:51:14,Npgsql,db.client.operation.duration (s)[db.client.connection.pool.name=Host=127.0.0.1;Port=5432;Username=postgres;Database=myapp_load;Maximum Pool Size=500;db.system.name=postgresql;server.address=127.0.0.1;server.port=5432;Percentile=50],Metric,0.1119384765625
06/08/2026 11:51:14,Npgsql,db.client.operation.duration (s)[db.client.connection.pool.name=Host=127.0.0.1;Port=5432;Username=postgres;Database=myapp_load;Maximum Pool Size=500;db.system.name=postgresql;server.address=127.0.0.1;server.port=5432;Percentile=95],Metric,0.28662109375
06/08/2026 11:51:14,Npgsql,db.client.operation.duration (s)[db.client.connection.pool.name=Host=127.0.0.1;Port=5432;Username=postgres;Database=myapp_load;Maximum Pool Size=500;db.system.name=postgresql;server.address=127.0.0.1;server.port=5432;Percentile=99],Metric,0.44677734375
06/08/2026 11:51:14,System.Runtime,dotnet.gc.heap.total_allocated (By / 1 sec),Rate,27411392
06/08/2026 11:51:14,System.Runtime,dotnet.thread_pool.thread.count ({thread} / 1 sec),Rate,0
06/08/2026 11:51:14,System.Runtime,dotnet.jit.compiled_methods ({method} / 1 sec),Rate,41
06/08/2026 11:51:14,Npgsql,db.client.operation.npgsql.bytes_written (By / 1 sec)[db.client.connection.pool.name=Host=127.0.0.1;Port=5432;Username=postgres;Database=myapp_load;Maximum Pool Size=500],Rate,380125
06/08/2026 11:51:14,System.Runtime,dotnet.gc.pause.time (s / 1 sec),Rate,0.15470300000000003
06/08/2026 11:51:14,System.Runtime,dotnet.assembly.count ({assembly}),Metric,150
06/08/2026 11:51:14,System.Runtime,dotnet.timer.count ({timer}),Metric,559
06/08/2026 11:51:14,System.Runtime,dotnet.thread_pool.queue.length ({work_item} / 1 sec),Rate,531
06/08/2026 11:51:15,System.Runtime,dotnet.thread_pool.work_item.count ({work_item} / 1 sec),Rate,11440
06/08/2026 11:51:15,Npgsql,db.client.operation.npgsql.bytes_read (By / 1 sec)[db.client.connection.pool.name=Host=127.0.0.1;Port=5432;Username=postgres;Database=myapp_load;Maximum Pool Size=500],Rate,351754
06/08/2026 11:51:15,System.Runtime,dotnet.process.cpu.time (s / 1 sec)[cpu.mode=system],Rate,0.953125
06/08/2026 11:51:15,System.Runtime,dotnet.process.cpu.time (s / 1 sec)[cpu.mode=user],Rate,1.578125
06/08/2026 11:51:15,System.Runtime,dotnet.jit.compilation.time (s / 1 sec),Rate,0.8669259999999994
06/08/2026 11:51:15,Npgsql,db.client.operation.npgsql.prepared_ratio[db.client.connection.pool.name=Host=127.0.0.1;Port=5432;Username=postgres;Database=myapp_load;Maximum Pool Size=500],Metric,0
06/08/2026 11:51:15,System.Runtime,dotnet.process.memory.working_set (By),Metric,295116800
06/08/2026 11:51:15,System.Runtime,dotnet.exceptions ({exception} / 1 sec)[error.type=HttpRequestException],Rate,0
06/08/2026 11:51:15,System.Runtime,dotnet.exceptions ({exception} / 1 sec)[error.type=SocketException],Rate,0
06/08/2026 11:51:15,Microsoft.AspNetCore.Hosting,http.server.active_requests ({request})[http.request.method=POST;url.scheme=http],Metric,0
06/08/2026 11:51:15,Microsoft.AspNetCore.Hosting,http.server.active_requests ({request})[http.request.method=GET;url.scheme=http],Metric,1767
06/08/2026 11:51:15,System.Runtime,dotnet.jit.compiled_il.size (By / 1 sec),Rate,7333
06/08/2026 11:51:15,System.Runtime,dotnet.monitor.lock_contentions ({contention} / 1 sec),Rate,226
06/08/2026 11:51:15,System.Runtime,dotnet.gc.collections ({collection} / 1 sec)[gc.heap.generation=gen0],Rate,0
06/08/2026 11:51:15,System.Runtime,dotnet.gc.collections ({collection} / 1 sec)[gc.heap.generation=gen1],Rate,0
06/08/2026 11:51:15,System.Runtime,dotnet.gc.collections ({collection} / 1 sec)[gc.heap.generation=gen2],Rate,0
06/08/2026 11:51:15,Npgsql,db.client.connection.npgsql.pending_requests ({request})[db.client.connection.pool.name=Host=127.0.0.1;Port=5432;Username=postgres;Database=myapp_load;Maximum Pool Size=500],Metric,1263
06/08/2026 11:51:15,Microsoft.AspNetCore.Hosting,http.server.request.duration (s)[http.request.method=GET;http.response.status_code=200;http.route=/orders/{id:int};network.protocol.version=1.1;url.scheme=http;Percentile=50],Metric,0.466796875
06/08/2026 11:51:15,Microsoft.AspNetCore.Hosting,http.server.request.duration (s)[http.request.method=GET;http.response.status_code=200;http.route=/orders/{id:int};network.protocol.version=1.1;url.scheme=http;Percentile=95],Metric,0.9287109375
06/08/2026 11:51:15,Microsoft.AspNetCore.Hosting,http.server.request.duration (s)[http.request.method=GET;http.response.status_code=200;http.route=/orders/{id:int};network.protocol.version=1.1;url.scheme=http;Percentile=99],Metric,1.140625
06/08/2026 11:51:15,Npgsql,db.client.operation.npgsql.executing ({command})[db.client.connection.pool.name=Host=127.0.0.1;Port=5432;Username=postgres;Database=myapp_load;Maximum Pool Size=500],Metric,499
06/08/2026 11:51:15,System.Runtime,dotnet.gc.last_collection.heap.size (By)[gc.heap.generation=poh],Metric,4260640
06/08/2026 11:51:15,System.Runtime,dotnet.gc.last_collection.heap.size (By)[gc.heap.generation=loh],Metric,4626696
06/08/2026 11:51:15,System.Runtime,dotnet.gc.last_collection.heap.size (By)[gc.heap.generation=gen0],Metric,19387592
06/08/2026 11:51:15,System.Runtime,dotnet.gc.last_collection.heap.size (By)[gc.heap.generation=gen1],Metric,12455168
06/08/2026 11:51:15,System.Runtime,dotnet.gc.last_collection.heap.size (By)[gc.heap.generation=gen2],Metric,49511632
06/08/2026 11:51:15,Npgsql,db.client.connection.max ({connection})[db.client.connection.pool.name=Host=127.0.0.1;Port=5432;Username=postgres;Database=myapp_load;Maximum Pool Size=500],Metric,500
06/08/2026 11:51:15,System.Runtime,dotnet.process.cpu.count ({cpu}),Metric,20
06/08/2026 11:51:15,Npgsql,db.client.connection.count ({connection})[db.client.connection.pool.name=Host=127.0.0.1;Port=5432;Username=postgres;Database=myapp_load;Maximum Pool Size=500;db.client.connection.state=used],Metric,500
06/08/2026 11:51:15,Npgsql,db.client.connection.count ({connection})[db.client.connection.pool.name=Host=127.0.0.1;Port=5432;Username=postgres;Database=myapp_load;Maximum Pool Size=500;db.client.connection.state=idle],Metric,0
06/08/2026 11:51:15,System.Runtime,dotnet.gc.last_collection.heap.fragmentation.size (By)[gc.heap.generation=poh],Metric,0
06/08/2026 11:51:15,System.Runtime,dotnet.gc.last_collection.heap.fragmentation.size (By)[gc.heap.generation=loh],Metric,768
06/08/2026 11:51:15,System.Runtime,dotnet.gc.last_collection.heap.fragmentation.size (By)[gc.heap.generation=gen0],Metric,19222720
06/08/2026 11:51:15,System.Runtime,dotnet.gc.last_collection.heap.fragmentation.size (By)[gc.heap.generation=gen1],Metric,363104
06/08/2026 11:51:15,System.Runtime,dotnet.gc.last_collection.heap.fragmentation.size (By)[gc.heap.generation=gen2],Metric,9573912
06/08/2026 11:51:15,System.Runtime,dotnet.gc.last_collection.memory.committed_size (By),Metric,186478592
06/08/2026 11:51:15,Npgsql,db.client.operation.duration (s)[db.client.connection.pool.name=Host=127.0.0.1;Port=5432;Username=postgres;Database=myapp_load;Maximum Pool Size=500;db.system.name=postgresql;server.address=127.0.0.1;server.port=5432;Percentile=50],Metric,0.115234375
06/08/2026 11:51:15,Npgsql,db.client.operation.duration (s)[db.client.connection.pool.name=Host=127.0.0.1;Port=5432;Username=postgres;Database=myapp_load;Maximum Pool Size=500;db.system.name=postgresql;server.address=127.0.0.1;server.port=5432;Percentile=95],Metric,0.2431640625
06/08/2026 11:51:15,Npgsql,db.client.operation.duration (s)[db.client.connection.pool.name=Host=127.0.0.1;Port=5432;Username=postgres;Database=myapp_load;Maximum Pool Size=500;db.system.name=postgresql;server.address=127.0.0.1;server.port=5432;Percentile=99],Metric,0.392578125
06/08/2026 11:51:15,System.Runtime,dotnet.gc.heap.total_allocated (By / 1 sec),Rate,67555928
06/08/2026 11:51:15,System.Runtime,dotnet.thread_pool.thread.count ({thread} / 1 sec),Rate,0
06/08/2026 11:51:15,System.Runtime,dotnet.jit.compiled_methods ({method} / 1 sec),Rate,109
06/08/2026 11:51:15,Npgsql,db.client.operation.npgsql.bytes_written (By / 1 sec)[db.client.connection.pool.name=Host=127.0.0.1;Port=5432;Username=postgres;Database=myapp_load;Maximum Pool Size=500],Rate,352641
06/08/2026 11:51:15,System.Runtime,dotnet.gc.pause.time (s / 1 sec),Rate,0
06/08/2026 11:51:15,System.Runtime,dotnet.assembly.count ({assembly}),Metric,150
06/08/2026 11:51:15,System.Runtime,dotnet.timer.count ({timer}),Metric,1764
06/08/2026 11:51:15,System.Runtime,dotnet.thread_pool.queue.length ({work_item} / 1 sec),Rate,-1058
06/08/2026 11:51:16,System.Runtime,dotnet.thread_pool.work_item.count ({work_item} / 1 sec),Rate,14053
06/08/2026 11:51:16,Npgsql,db.client.operation.npgsql.bytes_read (By / 1 sec)[db.client.connection.pool.name=Host=127.0.0.1;Port=5432;Username=postgres;Database=myapp_load;Maximum Pool Size=500],Rate,428004
06/08/2026 11:51:16,System.Runtime,dotnet.process.cpu.time (s / 1 sec)[cpu.mode=system],Rate,1.4375
06/08/2026 11:51:16,System.Runtime,dotnet.process.cpu.time (s / 1 sec)[cpu.mode=user],Rate,2.15625
06/08/2026 11:51:16,System.Runtime,dotnet.jit.compilation.time (s / 1 sec),Rate,0.7783823000000005
06/08/2026 11:51:16,Npgsql,db.client.operation.npgsql.prepared_ratio[db.client.connection.pool.name=Host=127.0.0.1;Port=5432;Username=postgres;Database=myapp_load;Maximum Pool Size=500],Metric,0
06/08/2026 11:51:16,System.Runtime,dotnet.process.memory.working_set (By),Metric,334454784
06/08/2026 11:51:16,System.Runtime,dotnet.exceptions ({exception} / 1 sec)[error.type=HttpRequestException],Rate,0
06/08/2026 11:51:16,System.Runtime,dotnet.exceptions ({exception} / 1 sec)[error.type=SocketException],Rate,0
06/08/2026 11:51:16,Microsoft.AspNetCore.Hosting,http.server.active_requests ({request})[http.request.method=POST;url.scheme=http],Metric,0
06/08/2026 11:51:16,Microsoft.AspNetCore.Hosting,http.server.active_requests ({request})[http.request.method=GET;url.scheme=http],Metric,3439
06/08/2026 11:51:16,System.Runtime,dotnet.jit.compiled_il.size (By / 1 sec),Rate,7424
06/08/2026 11:51:16,System.Runtime,dotnet.monitor.lock_contentions ({contention} / 1 sec),Rate,283
06/08/2026 11:51:16,System.Runtime,dotnet.gc.collections ({collection} / 1 sec)[gc.heap.generation=gen0],Rate,2
06/08/2026 11:51:16,System.Runtime,dotnet.gc.collections ({collection} / 1 sec)[gc.heap.generation=gen1],Rate,0
06/08/2026 11:51:16,System.Runtime,dotnet.gc.collections ({collection} / 1 sec)[gc.heap.generation=gen2],Rate,1
06/08/2026 11:51:16,Npgsql,db.client.connection.npgsql.pending_requests ({request})[db.client.connection.pool.name=Host=127.0.0.1;Port=5432;Username=postgres;Database=myapp_load;Maximum Pool Size=500],Metric,2916
06/08/2026 11:51:16,Microsoft.AspNetCore.Hosting,http.server.request.duration (s)[http.request.method=GET;http.response.status_code=200;http.route=/orders/{id:int};network.protocol.version=1.1;url.scheme=http;Percentile=50],Metric,0.6923828125
06/08/2026 11:51:16,Microsoft.AspNetCore.Hosting,http.server.request.duration (s)[http.request.method=GET;http.response.status_code=200;http.route=/orders/{id:int};network.protocol.version=1.1;url.scheme=http;Percentile=95],Metric,0.8857421875
06/08/2026 11:51:16,Microsoft.AspNetCore.Hosting,http.server.request.duration (s)[http.request.method=GET;http.response.status_code=200;http.route=/orders/{id:int};network.protocol.version=1.1;url.scheme=http;Percentile=99],Metric,1.09375
06/08/2026 11:51:16,Npgsql,db.client.operation.npgsql.executing ({command})[db.client.connection.pool.name=Host=127.0.0.1;Port=5432;Username=postgres;Database=myapp_load;Maximum Pool Size=500],Metric,500
06/08/2026 11:51:16,System.Runtime,dotnet.gc.last_collection.heap.size (By)[gc.heap.generation=poh],Metric,9348840
06/08/2026 11:51:16,System.Runtime,dotnet.gc.last_collection.heap.size (By)[gc.heap.generation=loh],Metric,4626696
06/08/2026 11:51:16,System.Runtime,dotnet.gc.last_collection.heap.size (By)[gc.heap.generation=gen0],Metric,0
06/08/2026 11:51:16,System.Runtime,dotnet.gc.last_collection.heap.size (By)[gc.heap.generation=gen1],Metric,103297968
06/08/2026 11:51:16,System.Runtime,dotnet.gc.last_collection.heap.size (By)[gc.heap.generation=gen2],Metric,49511632
06/08/2026 11:51:16,Npgsql,db.client.connection.max ({connection})[db.client.connection.pool.name=Host=127.0.0.1;Port=5432;Username=postgres;Database=myapp_load;Maximum Pool Size=500],Metric,500
06/08/2026 11:51:16,System.Runtime,dotnet.process.cpu.count ({cpu}),Metric,20
06/08/2026 11:51:16,Npgsql,db.client.connection.count ({connection})[db.client.connection.pool.name=Host=127.0.0.1;Port=5432;Username=postgres;Database=myapp_load;Maximum Pool Size=500;db.client.connection.state=used],Metric,500
06/08/2026 11:51:16,Npgsql,db.client.connection.count ({connection})[db.client.connection.pool.name=Host=127.0.0.1;Port=5432;Username=postgres;Database=myapp_load;Maximum Pool Size=500;db.client.connection.state=idle],Metric,0
06/08/2026 11:51:16,System.Runtime,dotnet.gc.last_collection.heap.fragmentation.size (By)[gc.heap.generation=poh],Metric,0
06/08/2026 11:51:16,System.Runtime,dotnet.gc.last_collection.heap.fragmentation.size (By)[gc.heap.generation=loh],Metric,0
06/08/2026 11:51:16,System.Runtime,dotnet.gc.last_collection.heap.fragmentation.size (By)[gc.heap.generation=gen0],Metric,0
06/08/2026 11:51:16,System.Runtime,dotnet.gc.last_collection.heap.fragmentation.size (By)[gc.heap.generation=gen1],Metric,28781176
06/08/2026 11:51:16,System.Runtime,dotnet.gc.last_collection.heap.fragmentation.size (By)[gc.heap.generation=gen2],Metric,9573912
06/08/2026 11:51:16,System.Runtime,dotnet.gc.last_collection.memory.committed_size (By),Metric,228634624
06/08/2026 11:51:16,Npgsql,db.client.operation.duration (s)[db.client.connection.pool.name=Host=127.0.0.1;Port=5432;Username=postgres;Database=myapp_load;Maximum Pool Size=500;db.system.name=postgresql;server.address=127.0.0.1;server.port=5432;Percentile=50],Metric,0.1065673828125
06/08/2026 11:51:16,Npgsql,db.client.operation.duration (s)[db.client.connection.pool.name=Host=127.0.0.1;Port=5432;Username=postgres;Database=myapp_load;Maximum Pool Size=500;db.system.name=postgresql;server.address=127.0.0.1;server.port=5432;Percentile=95],Metric,0.302734375
06/08/2026 11:51:16,Npgsql,db.client.operation.duration (s)[db.client.connection.pool.name=Host=127.0.0.1;Port=5432;Username=postgres;Database=myapp_load;Maximum Pool Size=500;db.system.name=postgresql;server.address=127.0.0.1;server.port=5432;Percentile=99],Metric,0.37353515625
06/08/2026 11:51:16,System.Runtime,dotnet.gc.heap.total_allocated (By / 1 sec),Rate,74624440
06/08/2026 11:51:16,System.Runtime,dotnet.thread_pool.thread.count ({thread} / 1 sec),Rate,0
06/08/2026 11:51:16,System.Runtime,dotnet.jit.compiled_methods ({method} / 1 sec),Rate,124
06/08/2026 11:51:16,Npgsql,db.client.operation.npgsql.bytes_written (By / 1 sec)[db.client.connection.pool.name=Host=127.0.0.1;Port=5432;Username=postgres;Database=myapp_load;Maximum Pool Size=500],Rate,362652
06/08/2026 11:51:16,System.Runtime,dotnet.gc.pause.time (s / 1 sec),Rate,0.14547500000000002
06/08/2026 11:51:16,System.Runtime,dotnet.assembly.count ({assembly}),Metric,150
06/08/2026 11:51:16,System.Runtime,dotnet.timer.count ({timer}),Metric,3357
06/08/2026 11:51:16,System.Runtime,dotnet.thread_pool.queue.length ({work_item} / 1 sec),Rate,1
06/08/2026 11:51:17,System.Runtime,dotnet.thread_pool.work_item.count ({work_item} / 1 sec),Rate,12331
06/08/2026 11:51:17,Npgsql,db.client.operation.npgsql.bytes_read (By / 1 sec)[db.client.connection.pool.name=Host=127.0.0.1;Port=5432;Username=postgres;Database=myapp_load;Maximum Pool Size=500],Rate,489707
06/08/2026 11:51:17,System.Runtime,dotnet.process.cpu.time (s / 1 sec)[cpu.mode=system],Rate,0.765625
06/08/2026 11:51:17,System.Runtime,dotnet.process.cpu.time (s / 1 sec)[cpu.mode=user],Rate,1.390625
06/08/2026 11:51:17,System.Runtime,dotnet.jit.compilation.time (s / 1 sec),Rate,0.9236028000000012
06/08/2026 11:51:17,Npgsql,db.client.operation.npgsql.prepared_ratio[db.client.connection.pool.name=Host=127.0.0.1;Port=5432;Username=postgres;Database=myapp_load;Maximum Pool Size=500],Metric,0
06/08/2026 11:51:17,System.Runtime,dotnet.process.memory.working_set (By),Metric,340885504
06/08/2026 11:51:17,System.Runtime,dotnet.exceptions ({exception} / 1 sec)[error.type=HttpRequestException],Rate,11
06/08/2026 11:51:17,System.Runtime,dotnet.exceptions ({exception} / 1 sec)[error.type=SocketException],Rate,2
06/08/2026 11:51:17,Microsoft.AspNetCore.Hosting,http.server.active_requests ({request})[http.request.method=POST;url.scheme=http],Metric,0
06/08/2026 11:51:17,Microsoft.AspNetCore.Hosting,http.server.active_requests ({request})[http.request.method=GET;url.scheme=http],Metric,3051
06/08/2026 11:51:17,System.Runtime,dotnet.jit.compiled_il.size (By / 1 sec),Rate,7937
06/08/2026 11:51:17,System.Runtime,dotnet.monitor.lock_contentions ({contention} / 1 sec),Rate,69
06/08/2026 11:51:17,System.Runtime,dotnet.gc.collections ({collection} / 1 sec)[gc.heap.generation=gen0],Rate,0
06/08/2026 11:51:17,System.Runtime,dotnet.gc.collections ({collection} / 1 sec)[gc.heap.generation=gen1],Rate,0
06/08/2026 11:51:17,System.Runtime,dotnet.gc.collections ({collection} / 1 sec)[gc.heap.generation=gen2],Rate,0
06/08/2026 11:51:17,Npgsql,db.client.connection.npgsql.pending_requests ({request})[db.client.connection.pool.name=Host=127.0.0.1;Port=5432;Username=postgres;Database=myapp_load;Maximum Pool Size=500],Metric,2551
06/08/2026 11:51:17,Microsoft.AspNetCore.Hosting,http.server.request.duration (s)[http.request.method=GET;http.response.status_code=200;http.route=/orders/{id:int};network.protocol.version=1.1;url.scheme=http;Percentile=50],Metric,0.8115234375
06/08/2026 11:51:17,Microsoft.AspNetCore.Hosting,http.server.request.duration (s)[http.request.method=GET;http.response.status_code=200;http.route=/orders/{id:int};network.protocol.version=1.1;url.scheme=http;Percentile=95],Metric,1.01953125
06/08/2026 11:51:17,Microsoft.AspNetCore.Hosting,http.server.request.duration (s)[http.request.method=GET;http.response.status_code=200;http.route=/orders/{id:int};network.protocol.version=1.1;url.scheme=http;Percentile=99],Metric,1.056640625
06/08/2026 11:51:17,Npgsql,db.client.operation.npgsql.executing ({command})[db.client.connection.pool.name=Host=127.0.0.1;Port=5432;Username=postgres;Database=myapp_load;Maximum Pool Size=500],Metric,500
06/08/2026 11:51:17,System.Runtime,dotnet.gc.last_collection.heap.size (By)[gc.heap.generation=poh],Metric,9348840
06/08/2026 11:51:17,System.Runtime,dotnet.gc.last_collection.heap.size (By)[gc.heap.generation=loh],Metric,4626696
06/08/2026 11:51:17,System.Runtime,dotnet.gc.last_collection.heap.size (By)[gc.heap.generation=gen0],Metric,23841080
06/08/2026 11:51:17,System.Runtime,dotnet.gc.last_collection.heap.size (By)[gc.heap.generation=gen1],Metric,103297968
06/08/2026 11:51:17,System.Runtime,dotnet.gc.last_collection.heap.size (By)[gc.heap.generation=gen2],Metric,49510968
06/08/2026 11:51:17,Npgsql,db.client.connection.max ({connection})[db.client.connection.pool.name=Host=127.0.0.1;Port=5432;Username=postgres;Database=myapp_load;Maximum Pool Size=500],Metric,500
06/08/2026 11:51:17,System.Runtime,dotnet.process.cpu.count ({cpu}),Metric,20
06/08/2026 11:51:17,Npgsql,db.client.connection.count ({connection})[db.client.connection.pool.name=Host=127.0.0.1;Port=5432;Username=postgres;Database=myapp_load;Maximum Pool Size=500;db.client.connection.state=used],Metric,500
06/08/2026 11:51:17,Npgsql,db.client.connection.count ({connection})[db.client.connection.pool.name=Host=127.0.0.1;Port=5432;Username=postgres;Database=myapp_load;Maximum Pool Size=500;db.client.connection.state=idle],Metric,0
06/08/2026 11:51:17,System.Runtime,dotnet.gc.last_collection.heap.fragmentation.size (By)[gc.heap.generation=poh],Metric,0
06/08/2026 11:51:17,System.Runtime,dotnet.gc.last_collection.heap.fragmentation.size (By)[gc.heap.generation=loh],Metric,768
06/08/2026 11:51:17,System.Runtime,dotnet.gc.last_collection.heap.fragmentation.size (By)[gc.heap.generation=gen0],Metric,5037800
06/08/2026 11:51:17,System.Runtime,dotnet.gc.last_collection.heap.fragmentation.size (By)[gc.heap.generation=gen1],Metric,60566696
06/08/2026 11:51:17,System.Runtime,dotnet.gc.last_collection.heap.fragmentation.size (By)[gc.heap.generation=gen2],Metric,10141056
06/08/2026 11:51:17,System.Runtime,dotnet.gc.last_collection.memory.committed_size (By),Metric,236662784
06/08/2026 11:51:17,Npgsql,db.client.operation.duration (s)[db.client.connection.pool.name=Host=127.0.0.1;Port=5432;Username=postgres;Database=myapp_load;Maximum Pool Size=500;db.system.name=postgresql;server.address=127.0.0.1;server.port=5432;Percentile=50],Metric,0.12060546875
06/08/2026 11:51:17,Npgsql,db.client.operation.duration (s)[db.client.connection.pool.name=Host=127.0.0.1;Port=5432;Username=postgres;Database=myapp_load;Maximum Pool Size=500;db.system.name=postgresql;server.address=127.0.0.1;server.port=5432;Percentile=95],Metric,0.3623046875
06/08/2026 11:51:17,Npgsql,db.client.operation.duration (s)[db.client.connection.pool.name=Host=127.0.0.1;Port=5432;Username=postgres;Database=myapp_load;Maximum Pool Size=500;db.system.name=postgresql;server.address=127.0.0.1;server.port=5432;Percentile=99],Metric,0.44091796875
06/08/2026 11:51:17,System.Runtime,dotnet.gc.heap.total_allocated (By / 1 sec),Rate,55132344
06/08/2026 11:51:17,System.Runtime,dotnet.thread_pool.thread.count ({thread} / 1 sec),Rate,0
06/08/2026 11:51:17,System.Runtime,dotnet.jit.compiled_methods ({method} / 1 sec),Rate,116
06/08/2026 11:51:17,Npgsql,db.client.operation.npgsql.bytes_written (By / 1 sec)[db.client.connection.pool.name=Host=127.0.0.1;Port=5432;Username=postgres;Database=myapp_load;Maximum Pool Size=500],Rate,413130
06/08/2026 11:51:17,System.Runtime,dotnet.gc.pause.time (s / 1 sec),Rate,0.06297900000000001
06/08/2026 11:51:17,System.Runtime,dotnet.assembly.count ({assembly}),Metric,150
06/08/2026 11:51:17,System.Runtime,dotnet.timer.count ({timer}),Metric,3055
06/08/2026 11:51:17,System.Runtime,dotnet.thread_pool.queue.length ({work_item} / 1 sec),Rate,0
06/08/2026 11:51:18,System.Runtime,dotnet.thread_pool.work_item.count ({work_item} / 1 sec),Rate,12205
06/08/2026 11:51:18,Npgsql,db.client.operation.npgsql.bytes_read (By / 1 sec)[db.client.connection.pool.name=Host=127.0.0.1;Port=5432;Username=postgres;Database=myapp_load;Maximum Pool Size=500],Rate,498668
06/08/2026 11:51:18,System.Runtime,dotnet.process.cpu.time (s / 1 sec)[cpu.mode=system],Rate,0.84375
06/08/2026 11:51:18,System.Runtime,dotnet.process.cpu.time (s / 1 sec)[cpu.mode=user],Rate,1.46875
06/08/2026 11:51:18,System.Runtime,dotnet.jit.compilation.time (s / 1 sec),Rate,0.7479274999999994
06/08/2026 11:51:18,Npgsql,db.client.operation.npgsql.prepared_ratio[db.client.connection.pool.name=Host=127.0.0.1;Port=5432;Username=postgres;Database=myapp_load;Maximum Pool Size=500],Metric,0
06/08/2026 11:51:18,System.Runtime,dotnet.process.memory.working_set (By),Metric,368300032
06/08/2026 11:51:18,System.Runtime,dotnet.exceptions ({exception} / 1 sec)[error.type=HttpRequestException],Rate,0
06/08/2026 11:51:18,System.Runtime,dotnet.exceptions ({exception} / 1 sec)[error.type=SocketException],Rate,0
06/08/2026 11:51:18,Microsoft.AspNetCore.Hosting,http.server.active_requests ({request})[http.request.method=POST;url.scheme=http],Metric,0
06/08/2026 11:51:18,Microsoft.AspNetCore.Hosting,http.server.active_requests ({request})[http.request.method=GET;url.scheme=http],Metric,2009
06/08/2026 11:51:18,System.Runtime,dotnet.jit.compiled_il.size (By / 1 sec),Rate,14287
06/08/2026 11:51:18,System.Runtime,dotnet.monitor.lock_contentions ({contention} / 1 sec),Rate,51
06/08/2026 11:51:18,System.Runtime,dotnet.gc.collections ({collection} / 1 sec)[gc.heap.generation=gen0],Rate,0
06/08/2026 11:51:18,System.Runtime,dotnet.gc.collections ({collection} / 1 sec)[gc.heap.generation=gen1],Rate,0
06/08/2026 11:51:18,System.Runtime,dotnet.gc.collections ({collection} / 1 sec)[gc.heap.generation=gen2],Rate,0
06/08/2026 11:51:18,Npgsql,db.client.connection.npgsql.pending_requests ({request})[db.client.connection.pool.name=Host=127.0.0.1;Port=5432;Username=postgres;Database=myapp_load;Maximum Pool Size=500],Metric,1981
06/08/2026 11:51:18,Microsoft.AspNetCore.Hosting,http.server.request.duration (s)[http.request.method=GET;http.response.status_code=200;http.route=/orders/{id:int};network.protocol.version=1.1;url.scheme=http;Percentile=50],Metric,1.013671875
06/08/2026 11:51:18,Microsoft.AspNetCore.Hosting,http.server.request.duration (s)[http.request.method=GET;http.response.status_code=200;http.route=/orders/{id:int};network.protocol.version=1.1;url.scheme=http;Percentile=95],Metric,1.28515625
06/08/2026 11:51:18,Microsoft.AspNetCore.Hosting,http.server.request.duration (s)[http.request.method=GET;http.response.status_code=200;http.route=/orders/{id:int};network.protocol.version=1.1;url.scheme=http;Percentile=99],Metric,1.4296875
06/08/2026 11:51:18,Npgsql,db.client.operation.npgsql.executing ({command})[db.client.connection.pool.name=Host=127.0.0.1;Port=5432;Username=postgres;Database=myapp_load;Maximum Pool Size=500],Metric,14
06/08/2026 11:51:18,System.Runtime,dotnet.gc.last_collection.heap.size (By)[gc.heap.generation=poh],Metric,9348840
06/08/2026 11:51:18,System.Runtime,dotnet.gc.last_collection.heap.size (By)[gc.heap.generation=loh],Metric,4626696
06/08/2026 11:51:18,System.Runtime,dotnet.gc.last_collection.heap.size (By)[gc.heap.generation=gen0],Metric,23841080
06/08/2026 11:51:18,System.Runtime,dotnet.gc.last_collection.heap.size (By)[gc.heap.generation=gen1],Metric,103297968
06/08/2026 11:51:18,System.Runtime,dotnet.gc.last_collection.heap.size (By)[gc.heap.generation=gen2],Metric,49510968
06/08/2026 11:51:18,Npgsql,db.client.connection.max ({connection})[db.client.connection.pool.name=Host=127.0.0.1;Port=5432;Username=postgres;Database=myapp_load;Maximum Pool Size=500],Metric,500
06/08/2026 11:51:18,System.Runtime,dotnet.process.cpu.count ({cpu}),Metric,20
06/08/2026 11:51:18,Npgsql,db.client.connection.count ({connection})[db.client.connection.pool.name=Host=127.0.0.1;Port=5432;Username=postgres;Database=myapp_load;Maximum Pool Size=500;db.client.connection.state=used],Metric,14
06/08/2026 11:51:18,Npgsql,db.client.connection.count ({connection})[db.client.connection.pool.name=Host=127.0.0.1;Port=5432;Username=postgres;Database=myapp_load;Maximum Pool Size=500;db.client.connection.state=idle],Metric,486
06/08/2026 11:51:18,System.Runtime,dotnet.gc.last_collection.heap.fragmentation.size (By)[gc.heap.generation=poh],Metric,0
06/08/2026 11:51:18,System.Runtime,dotnet.gc.last_collection.heap.fragmentation.size (By)[gc.heap.generation=loh],Metric,768
06/08/2026 11:51:18,System.Runtime,dotnet.gc.last_collection.heap.fragmentation.size (By)[gc.heap.generation=gen0],Metric,5037800
06/08/2026 11:51:18,System.Runtime,dotnet.gc.last_collection.heap.fragmentation.size (By)[gc.heap.generation=gen1],Metric,60566696
06/08/2026 11:51:18,System.Runtime,dotnet.gc.last_collection.heap.fragmentation.size (By)[gc.heap.generation=gen2],Metric,10141056
06/08/2026 11:51:18,System.Runtime,dotnet.gc.last_collection.memory.committed_size (By),Metric,236662784
06/08/2026 11:51:18,Npgsql,db.client.operation.duration (s)[db.client.connection.pool.name=Host=127.0.0.1;Port=5432;Username=postgres;Database=myapp_load;Maximum Pool Size=500;db.system.name=postgresql;server.address=127.0.0.1;server.port=5432;Percentile=50],Metric,0.1197509765625
06/08/2026 11:51:18,Npgsql,db.client.operation.duration (s)[db.client.connection.pool.name=Host=127.0.0.1;Port=5432;Username=postgres;Database=myapp_load;Maximum Pool Size=500;db.system.name=postgresql;server.address=127.0.0.1;server.port=5432;Percentile=95],Metric,0.4267578125
06/08/2026 11:51:18,Npgsql,db.client.operation.duration (s)[db.client.connection.pool.name=Host=127.0.0.1;Port=5432;Username=postgres;Database=myapp_load;Maximum Pool Size=500;db.system.name=postgresql;server.address=127.0.0.1;server.port=5432;Percentile=99],Metric,0.544921875
06/08/2026 11:51:18,System.Runtime,dotnet.gc.heap.total_allocated (By / 1 sec),Rate,39042408
06/08/2026 11:51:18,System.Runtime,dotnet.thread_pool.thread.count ({thread} / 1 sec),Rate,0
06/08/2026 11:51:18,System.Runtime,dotnet.jit.compiled_methods ({method} / 1 sec),Rate,162
06/08/2026 11:51:18,Npgsql,db.client.operation.npgsql.bytes_written (By / 1 sec)[db.client.connection.pool.name=Host=127.0.0.1;Port=5432;Username=postgres;Database=myapp_load;Maximum Pool Size=500],Rate,352359
06/08/2026 11:51:18,System.Runtime,dotnet.gc.pause.time (s / 1 sec),Rate,0
06/08/2026 11:51:18,System.Runtime,dotnet.assembly.count ({assembly}),Metric,150
06/08/2026 11:51:18,System.Runtime,dotnet.timer.count ({timer}),Metric,1995
06/08/2026 11:51:18,System.Runtime,dotnet.thread_pool.queue.length ({work_item} / 1 sec),Rate,2271
06/08/2026 11:51:19,System.Runtime,dotnet.thread_pool.work_item.count ({work_item} / 1 sec),Rate,8912
06/08/2026 11:51:19,Npgsql,db.client.operation.npgsql.bytes_read (By / 1 sec)[db.client.connection.pool.name=Host=127.0.0.1;Port=5432;Username=postgres;Database=myapp_load;Maximum Pool Size=500],Rate,276170
06/08/2026 11:51:19,System.Runtime,dotnet.process.cpu.time (s / 1 sec)[cpu.mode=system],Rate,0.65625
06/08/2026 11:51:19,System.Runtime,dotnet.process.cpu.time (s / 1 sec)[cpu.mode=user],Rate,1.578125
06/08/2026 11:51:19,System.Runtime,dotnet.jit.compilation.time (s / 1 sec),Rate,0.9960646000000004
06/08/2026 11:51:19,Npgsql,db.client.operation.npgsql.prepared_ratio[db.client.connection.pool.name=Host=127.0.0.1;Port=5432;Username=postgres;Database=myapp_load;Maximum Pool Size=500],Metric,0
06/08/2026 11:51:19,System.Runtime,dotnet.process.memory.working_set (By),Metric,390217728
06/08/2026 11:51:19,System.Runtime,dotnet.exceptions ({exception} / 1 sec)[error.type=HttpRequestException],Rate,0
06/08/2026 11:51:19,System.Runtime,dotnet.exceptions ({exception} / 1 sec)[error.type=SocketException],Rate,0
06/08/2026 11:51:19,Microsoft.AspNetCore.Hosting,http.server.active_requests ({request})[http.request.method=POST;url.scheme=http],Metric,0
06/08/2026 11:51:19,Microsoft.AspNetCore.Hosting,http.server.active_requests ({request})[http.request.method=GET;url.scheme=http],Metric,3554
06/08/2026 11:51:19,System.Runtime,dotnet.jit.compiled_il.size (By / 1 sec),Rate,4393
06/08/2026 11:51:19,System.Runtime,dotnet.monitor.lock_contentions ({contention} / 1 sec),Rate,114
06/08/2026 11:51:19,System.Runtime,dotnet.gc.collections ({collection} / 1 sec)[gc.heap.generation=gen0],Rate,1
06/08/2026 11:51:19,System.Runtime,dotnet.gc.collections ({collection} / 1 sec)[gc.heap.generation=gen1],Rate,0
06/08/2026 11:51:19,System.Runtime,dotnet.gc.collections ({collection} / 1 sec)[gc.heap.generation=gen2],Rate,0
06/08/2026 11:51:19,Npgsql,db.client.connection.npgsql.pending_requests ({request})[db.client.connection.pool.name=Host=127.0.0.1;Port=5432;Username=postgres;Database=myapp_load;Maximum Pool Size=500],Metric,3392
06/08/2026 11:51:19,Microsoft.AspNetCore.Hosting,http.server.request.duration (s)[http.request.method=GET;http.response.status_code=200;http.route=/orders/{id:int};network.protocol.version=1.1;url.scheme=http;Percentile=50],Metric,1.265625
06/08/2026 11:51:19,Microsoft.AspNetCore.Hosting,http.server.request.duration (s)[http.request.method=GET;http.response.status_code=200;http.route=/orders/{id:int};network.protocol.version=1.1;url.scheme=http;Percentile=95],Metric,1.544921875
06/08/2026 11:51:19,Microsoft.AspNetCore.Hosting,http.server.request.duration (s)[http.request.method=GET;http.response.status_code=200;http.route=/orders/{id:int};network.protocol.version=1.1;url.scheme=http;Percentile=99],Metric,1.57421875
06/08/2026 11:51:19,Npgsql,db.client.operation.npgsql.executing ({command})[db.client.connection.pool.name=Host=127.0.0.1;Port=5432;Username=postgres;Database=myapp_load;Maximum Pool Size=500],Metric,148
06/08/2026 11:51:19,System.Runtime,dotnet.gc.last_collection.heap.size (By)[gc.heap.generation=poh],Metric,9472440
06/08/2026 11:51:19,System.Runtime,dotnet.gc.last_collection.heap.size (By)[gc.heap.generation=loh],Metric,4626696
06/08/2026 11:51:19,System.Runtime,dotnet.gc.last_collection.heap.size (By)[gc.heap.generation=gen0],Metric,3228504
06/08/2026 11:51:19,System.Runtime,dotnet.gc.last_collection.heap.size (By)[gc.heap.generation=gen1],Metric,105527216
06/08/2026 11:51:19,System.Runtime,dotnet.gc.last_collection.heap.size (By)[gc.heap.generation=gen2],Metric,49510968
06/08/2026 11:51:19,Npgsql,db.client.connection.max ({connection})[db.client.connection.pool.name=Host=127.0.0.1;Port=5432;Username=postgres;Database=myapp_load;Maximum Pool Size=500],Metric,500
06/08/2026 11:51:19,System.Runtime,dotnet.process.cpu.count ({cpu}),Metric,20
06/08/2026 11:51:19,Npgsql,db.client.connection.count ({connection})[db.client.connection.pool.name=Host=127.0.0.1;Port=5432;Username=postgres;Database=myapp_load;Maximum Pool Size=500;db.client.connection.state=used],Metric,148
06/08/2026 11:51:19,Npgsql,db.client.connection.count ({connection})[db.client.connection.pool.name=Host=127.0.0.1;Port=5432;Username=postgres;Database=myapp_load;Maximum Pool Size=500;db.client.connection.state=idle],Metric,352
06/08/2026 11:51:19,System.Runtime,dotnet.gc.last_collection.heap.fragmentation.size (By)[gc.heap.generation=poh],Metric,0
06/08/2026 11:51:19,System.Runtime,dotnet.gc.last_collection.heap.fragmentation.size (By)[gc.heap.generation=loh],Metric,768
06/08/2026 11:51:19,System.Runtime,dotnet.gc.last_collection.heap.fragmentation.size (By)[gc.heap.generation=gen0],Metric,3228320
06/08/2026 11:51:19,System.Runtime,dotnet.gc.last_collection.heap.fragmentation.size (By)[gc.heap.generation=gen1],Metric,26494440
06/08/2026 11:51:19,System.Runtime,dotnet.gc.last_collection.heap.fragmentation.size (By)[gc.heap.generation=gen2],Metric,10141056
06/08/2026 11:51:19,System.Runtime,dotnet.gc.last_collection.memory.committed_size (By),Metric,281743360
06/08/2026 11:51:19,Npgsql,db.client.operation.duration (s)[db.client.connection.pool.name=Host=127.0.0.1;Port=5432;Username=postgres;Database=myapp_load;Maximum Pool Size=500;db.system.name=postgresql;server.address=127.0.0.1;server.port=5432;Percentile=50],Metric,0.14697265625
06/08/2026 11:51:19,Npgsql,db.client.operation.duration (s)[db.client.connection.pool.name=Host=127.0.0.1;Port=5432;Username=postgres;Database=myapp_load;Maximum Pool Size=500;db.system.name=postgresql;server.address=127.0.0.1;server.port=5432;Percentile=95],Metric,0.34375
06/08/2026 11:51:19,Npgsql,db.client.operation.duration (s)[db.client.connection.pool.name=Host=127.0.0.1;Port=5432;Username=postgres;Database=myapp_load;Maximum Pool Size=500;db.system.name=postgresql;server.address=127.0.0.1;server.port=5432;Percentile=99],Metric,0.3916015625
06/08/2026 11:51:19,System.Runtime,dotnet.gc.heap.total_allocated (By / 1 sec),Rate,54880176
06/08/2026 11:51:19,System.Runtime,dotnet.thread_pool.thread.count ({thread} / 1 sec),Rate,0
06/08/2026 11:51:19,System.Runtime,dotnet.jit.compiled_methods ({method} / 1 sec),Rate,38
06/08/2026 11:51:19,Npgsql,db.client.operation.npgsql.bytes_written (By / 1 sec)[db.client.connection.pool.name=Host=127.0.0.1;Port=5432;Username=postgres;Database=myapp_load;Maximum Pool Size=500],Rate,251403
06/08/2026 11:51:19,System.Runtime,dotnet.gc.pause.time (s / 1 sec),Rate,0.07342199999999999
06/08/2026 11:51:19,System.Runtime,dotnet.assembly.count ({assembly}),Metric,150
06/08/2026 11:51:19,System.Runtime,dotnet.timer.count ({timer}),Metric,3540
06/08/2026 11:51:19,System.Runtime,dotnet.thread_pool.queue.length ({work_item} / 1 sec),Rate,-1713
06/08/2026 11:51:20,System.Runtime,dotnet.thread_pool.work_item.count ({work_item} / 1 sec),Rate,10859
06/08/2026 11:51:20,Npgsql,db.client.operation.npgsql.bytes_read (By / 1 sec)[db.client.connection.pool.name=Host=127.0.0.1;Port=5432;Username=postgres;Database=myapp_load;Maximum Pool Size=500],Rate,398161
06/08/2026 11:51:20,System.Runtime,dotnet.process.cpu.time (s / 1 sec)[cpu.mode=system],Rate,0.78125
06/08/2026 11:51:20,System.Runtime,dotnet.process.cpu.time (s / 1 sec)[cpu.mode=user],Rate,1.1875
06/08/2026 11:51:20,System.Runtime,dotnet.jit.compilation.time (s / 1 sec),Rate,1.0289959000000017
06/08/2026 11:51:20,Npgsql,db.client.operation.npgsql.prepared_ratio[db.client.connection.pool.name=Host=127.0.0.1;Port=5432;Username=postgres;Database=myapp_load;Maximum Pool Size=500],Metric,0
06/08/2026 11:51:20,System.Runtime,dotnet.process.memory.working_set (By),Metric,392392704
06/08/2026 11:51:20,System.Runtime,dotnet.exceptions ({exception} / 1 sec)[error.type=HttpRequestException],Rate,0
06/08/2026 11:51:20,System.Runtime,dotnet.exceptions ({exception} / 1 sec)[error.type=SocketException],Rate,0
06/08/2026 11:51:20,Microsoft.AspNetCore.Hosting,http.server.active_requests ({request})[http.request.method=POST;url.scheme=http],Metric,0
06/08/2026 11:51:20,Microsoft.AspNetCore.Hosting,http.server.active_requests ({request})[http.request.method=GET;url.scheme=http],Metric,3406
06/08/2026 11:51:20,System.Runtime,dotnet.jit.compiled_il.size (By / 1 sec),Rate,8136
06/08/2026 11:51:20,System.Runtime,dotnet.monitor.lock_contentions ({contention} / 1 sec),Rate,28
06/08/2026 11:51:20,System.Runtime,dotnet.gc.collections ({collection} / 1 sec)[gc.heap.generation=gen0],Rate,0
06/08/2026 11:51:20,System.Runtime,dotnet.gc.collections ({collection} / 1 sec)[gc.heap.generation=gen1],Rate,0
06/08/2026 11:51:20,System.Runtime,dotnet.gc.collections ({collection} / 1 sec)[gc.heap.generation=gen2],Rate,0
06/08/2026 11:51:20,Npgsql,db.client.connection.npgsql.pending_requests ({request})[db.client.connection.pool.name=Host=127.0.0.1;Port=5432;Username=postgres;Database=myapp_load;Maximum Pool Size=500],Metric,2923
06/08/2026 11:51:20,Microsoft.AspNetCore.Hosting,http.server.request.duration (s)[http.request.method=GET;http.response.status_code=200;http.route=/orders/{id:int};network.protocol.version=1.1;url.scheme=http;Percentile=50],Metric,1.474609375
06/08/2026 11:51:20,Microsoft.AspNetCore.Hosting,http.server.request.duration (s)[http.request.method=GET;http.response.status_code=200;http.route=/orders/{id:int};network.protocol.version=1.1;url.scheme=http;Percentile=95],Metric,1.765625
06/08/2026 11:51:20,Microsoft.AspNetCore.Hosting,http.server.request.duration (s)[http.request.method=GET;http.response.status_code=200;http.route=/orders/{id:int};network.protocol.version=1.1;url.scheme=http;Percentile=99],Metric,1.83203125
06/08/2026 11:51:20,Npgsql,db.client.operation.npgsql.executing ({command})[db.client.connection.pool.name=Host=127.0.0.1;Port=5432;Username=postgres;Database=myapp_load;Maximum Pool Size=500],Metric,481
06/08/2026 11:51:20,System.Runtime,dotnet.gc.last_collection.heap.size (By)[gc.heap.generation=poh],Metric,9472440
06/08/2026 11:51:20,System.Runtime,dotnet.gc.last_collection.heap.size (By)[gc.heap.generation=loh],Metric,4626696
06/08/2026 11:51:20,System.Runtime,dotnet.gc.last_collection.heap.size (By)[gc.heap.generation=gen0],Metric,3228504
06/08/2026 11:51:20,System.Runtime,dotnet.gc.last_collection.heap.size (By)[gc.heap.generation=gen1],Metric,105527216
06/08/2026 11:51:20,System.Runtime,dotnet.gc.last_collection.heap.size (By)[gc.heap.generation=gen2],Metric,49510968
06/08/2026 11:51:20,Npgsql,db.client.connection.max ({connection})[db.client.connection.pool.name=Host=127.0.0.1;Port=5432;Username=postgres;Database=myapp_load;Maximum Pool Size=500],Metric,500
06/08/2026 11:51:20,System.Runtime,dotnet.process.cpu.count ({cpu}),Metric,20
06/08/2026 11:51:20,Npgsql,db.client.connection.count ({connection})[db.client.connection.pool.name=Host=127.0.0.1;Port=5432;Username=postgres;Database=myapp_load;Maximum Pool Size=500;db.client.connection.state=used],Metric,479
06/08/2026 11:51:20,Npgsql,db.client.connection.count ({connection})[db.client.connection.pool.name=Host=127.0.0.1;Port=5432;Username=postgres;Database=myapp_load;Maximum Pool Size=500;db.client.connection.state=idle],Metric,21
06/08/2026 11:51:20,System.Runtime,dotnet.gc.last_collection.heap.fragmentation.size (By)[gc.heap.generation=poh],Metric,0
06/08/2026 11:51:20,System.Runtime,dotnet.gc.last_collection.heap.fragmentation.size (By)[gc.heap.generation=loh],Metric,768
06/08/2026 11:51:20,System.Runtime,dotnet.gc.last_collection.heap.fragmentation.size (By)[gc.heap.generation=gen0],Metric,3228320
06/08/2026 11:51:20,System.Runtime,dotnet.gc.last_collection.heap.fragmentation.size (By)[gc.heap.generation=gen1],Metric,26494440
06/08/2026 11:51:20,System.Runtime,dotnet.gc.last_collection.heap.fragmentation.size (By)[gc.heap.generation=gen2],Metric,10141056
06/08/2026 11:51:20,System.Runtime,dotnet.gc.last_collection.memory.committed_size (By),Metric,281743360
06/08/2026 11:51:20,Npgsql,db.client.operation.duration (s)[db.client.connection.pool.name=Host=127.0.0.1;Port=5432;Username=postgres;Database=myapp_load;Maximum Pool Size=500;db.system.name=postgresql;server.address=127.0.0.1;server.port=5432;Percentile=50],Metric,0.15478515625
06/08/2026 11:51:20,Npgsql,db.client.operation.duration (s)[db.client.connection.pool.name=Host=127.0.0.1;Port=5432;Username=postgres;Database=myapp_load;Maximum Pool Size=500;db.system.name=postgresql;server.address=127.0.0.1;server.port=5432;Percentile=95],Metric,0.525390625
06/08/2026 11:51:20,Npgsql,db.client.operation.duration (s)[db.client.connection.pool.name=Host=127.0.0.1;Port=5432;Username=postgres;Database=myapp_load;Maximum Pool Size=500;db.system.name=postgresql;server.address=127.0.0.1;server.port=5432;Percentile=99],Metric,0.794921875
06/08/2026 11:51:20,System.Runtime,dotnet.gc.heap.total_allocated (By / 1 sec),Rate,43060576
06/08/2026 11:51:20,System.Runtime,dotnet.thread_pool.thread.count ({thread} / 1 sec),Rate,0
06/08/2026 11:51:20,System.Runtime,dotnet.jit.compiled_methods ({method} / 1 sec),Rate,95
06/08/2026 11:51:20,Npgsql,db.client.operation.npgsql.bytes_written (By / 1 sec)[db.client.connection.pool.name=Host=127.0.0.1;Port=5432;Username=postgres;Database=myapp_load;Maximum Pool Size=500],Rate,382251
06/08/2026 11:51:20,System.Runtime,dotnet.gc.pause.time (s / 1 sec),Rate,0
06/08/2026 11:51:20,System.Runtime,dotnet.assembly.count ({assembly}),Metric,150
06/08/2026 11:51:20,System.Runtime,dotnet.timer.count ({timer}),Metric,3408
06/08/2026 11:51:20,System.Runtime,dotnet.thread_pool.queue.length ({work_item} / 1 sec),Rate,-531
06/08/2026 11:51:21,System.Runtime,dotnet.thread_pool.work_item.count ({work_item} / 1 sec),Rate,9823
06/08/2026 11:51:21,Npgsql,db.client.operation.npgsql.bytes_read (By / 1 sec)[db.client.connection.pool.name=Host=127.0.0.1;Port=5432;Username=postgres;Database=myapp_load;Maximum Pool Size=500],Rate,323291
06/08/2026 11:51:21,System.Runtime,dotnet.process.cpu.time (s / 1 sec)[cpu.mode=system],Rate,0.625
06/08/2026 11:51:21,System.Runtime,dotnet.process.cpu.time (s / 1 sec)[cpu.mode=user],Rate,1.53125
06/08/2026 11:51:21,System.Runtime,dotnet.jit.compilation.time (s / 1 sec),Rate,0.8715777999999972
06/08/2026 11:51:21,Npgsql,db.client.operation.npgsql.prepared_ratio[db.client.connection.pool.name=Host=127.0.0.1;Port=5432;Username=postgres;Database=myapp_load;Maximum Pool Size=500],Metric,0
06/08/2026 11:51:21,System.Runtime,dotnet.process.memory.working_set (By),Metric,397746176
06/08/2026 11:51:21,System.Runtime,dotnet.exceptions ({exception} / 1 sec)[error.type=HttpRequestException],Rate,11
06/08/2026 11:51:21,System.Runtime,dotnet.exceptions ({exception} / 1 sec)[error.type=SocketException],Rate,2
06/08/2026 11:51:21,Microsoft.AspNetCore.Hosting,http.server.active_requests ({request})[http.request.method=POST;url.scheme=http],Metric,0
06/08/2026 11:51:21,Microsoft.AspNetCore.Hosting,http.server.active_requests ({request})[http.request.method=GET;url.scheme=http],Metric,3874
06/08/2026 11:51:21,System.Runtime,dotnet.jit.compiled_il.size (By / 1 sec),Rate,7642
06/08/2026 11:51:21,System.Runtime,dotnet.monitor.lock_contentions ({contention} / 1 sec),Rate,110
06/08/2026 11:51:21,System.Runtime,dotnet.gc.collections ({collection} / 1 sec)[gc.heap.generation=gen0],Rate,1
06/08/2026 11:51:21,System.Runtime,dotnet.gc.collections ({collection} / 1 sec)[gc.heap.generation=gen1],Rate,0
06/08/2026 11:51:21,System.Runtime,dotnet.gc.collections ({collection} / 1 sec)[gc.heap.generation=gen2],Rate,0
06/08/2026 11:51:21,Npgsql,db.client.connection.npgsql.pending_requests ({request})[db.client.connection.pool.name=Host=127.0.0.1;Port=5432;Username=postgres;Database=myapp_load;Maximum Pool Size=500],Metric,3374
06/08/2026 11:51:21,Microsoft.AspNetCore.Hosting,http.server.request.duration (s)[http.request.method=GET;http.response.status_code=200;http.route=/orders/{id:int};network.protocol.version=1.1;url.scheme=http;Percentile=50],Metric,1.521484375
06/08/2026 11:51:21,Microsoft.AspNetCore.Hosting,http.server.request.duration (s)[http.request.method=GET;http.response.status_code=200;http.route=/orders/{id:int};network.protocol.version=1.1;url.scheme=http;Percentile=95],Metric,1.7578125
06/08/2026 11:51:21,Microsoft.AspNetCore.Hosting,http.server.request.duration (s)[http.request.method=GET;http.response.status_code=200;http.route=/orders/{id:int};network.protocol.version=1.1;url.scheme=http;Percentile=99],Metric,1.966796875
06/08/2026 11:51:21,Npgsql,db.client.operation.npgsql.executing ({command})[db.client.connection.pool.name=Host=127.0.0.1;Port=5432;Username=postgres;Database=myapp_load;Maximum Pool Size=500],Metric,500
06/08/2026 11:51:21,System.Runtime,dotnet.gc.last_collection.heap.size (By)[gc.heap.generation=poh],Metric,9472440
06/08/2026 11:51:21,System.Runtime,dotnet.gc.last_collection.heap.size (By)[gc.heap.generation=loh],Metric,4626696
06/08/2026 11:51:21,System.Runtime,dotnet.gc.last_collection.heap.size (By)[gc.heap.generation=gen0],Metric,0
06/08/2026 11:51:21,System.Runtime,dotnet.gc.last_collection.heap.size (By)[gc.heap.generation=gen1],Metric,149971592
06/08/2026 11:51:21,System.Runtime,dotnet.gc.last_collection.heap.size (By)[gc.heap.generation=gen2],Metric,49510968
06/08/2026 11:51:21,Npgsql,db.client.connection.max ({connection})[db.client.connection.pool.name=Host=127.0.0.1;Port=5432;Username=postgres;Database=myapp_load;Maximum Pool Size=500],Metric,500
06/08/2026 11:51:21,System.Runtime,dotnet.process.cpu.count ({cpu}),Metric,20
06/08/2026 11:51:21,Npgsql,db.client.connection.count ({connection})[db.client.connection.pool.name=Host=127.0.0.1;Port=5432;Username=postgres;Database=myapp_load;Maximum Pool Size=500;db.client.connection.state=used],Metric,500
06/08/2026 11:51:21,Npgsql,db.client.connection.count ({connection})[db.client.connection.pool.name=Host=127.0.0.1;Port=5432;Username=postgres;Database=myapp_load;Maximum Pool Size=500;db.client.connection.state=idle],Metric,0
06/08/2026 11:51:21,System.Runtime,dotnet.gc.last_collection.heap.fragmentation.size (By)[gc.heap.generation=poh],Metric,0
06/08/2026 11:51:21,System.Runtime,dotnet.gc.last_collection.heap.fragmentation.size (By)[gc.heap.generation=loh],Metric,768
06/08/2026 11:51:21,System.Runtime,dotnet.gc.last_collection.heap.fragmentation.size (By)[gc.heap.generation=gen0],Metric,0
06/08/2026 11:51:21,System.Runtime,dotnet.gc.last_collection.heap.fragmentation.size (By)[gc.heap.generation=gen1],Metric,23993744
06/08/2026 11:51:21,System.Runtime,dotnet.gc.last_collection.heap.fragmentation.size (By)[gc.heap.generation=gen2],Metric,10141056
06/08/2026 11:51:21,System.Runtime,dotnet.gc.last_collection.memory.committed_size (By),Metric,288616448
06/08/2026 11:51:21,Npgsql,db.client.operation.duration (s)[db.client.connection.pool.name=Host=127.0.0.1;Port=5432;Username=postgres;Database=myapp_load;Maximum Pool Size=500;db.system.name=postgresql;server.address=127.0.0.1;server.port=5432;Percentile=50],Metric,0.173095703125
06/08/2026 11:51:21,Npgsql,db.client.operation.duration (s)[db.client.connection.pool.name=Host=127.0.0.1;Port=5432;Username=postgres;Database=myapp_load;Maximum Pool Size=500;db.system.name=postgresql;server.address=127.0.0.1;server.port=5432;Percentile=95],Metric,0.44091796875
06/08/2026 11:51:21,Npgsql,db.client.operation.duration (s)[db.client.connection.pool.name=Host=127.0.0.1;Port=5432;Username=postgres;Database=myapp_load;Maximum Pool Size=500;db.system.name=postgresql;server.address=127.0.0.1;server.port=5432;Percentile=99],Metric,0.638671875
06/08/2026 11:51:21,System.Runtime,dotnet.gc.heap.total_allocated (By / 1 sec),Rate,43033824
06/08/2026 11:51:21,System.Runtime,dotnet.thread_pool.thread.count ({thread} / 1 sec),Rate,0
06/08/2026 11:51:21,System.Runtime,dotnet.jit.compiled_methods ({method} / 1 sec),Rate,96
06/08/2026 11:51:21,Npgsql,db.client.operation.npgsql.bytes_written (By / 1 sec)[db.client.connection.pool.name=Host=127.0.0.1;Port=5432;Username=postgres;Database=myapp_load;Maximum Pool Size=500],Rate,276783
06/08/2026 11:51:21,System.Runtime,dotnet.gc.pause.time (s / 1 sec),Rate,0.09389799999999993
06/08/2026 11:51:21,System.Runtime,dotnet.assembly.count ({assembly}),Metric,150
06/08/2026 11:51:21,System.Runtime,dotnet.timer.count ({timer}),Metric,3878
06/08/2026 11:51:21,System.Runtime,dotnet.thread_pool.queue.length ({work_item} / 1 sec),Rate,-28
06/08/2026 11:51:22,System.Runtime,dotnet.thread_pool.work_item.count ({work_item} / 1 sec),Rate,9301
06/08/2026 11:51:22,Npgsql,db.client.operation.npgsql.bytes_read (By / 1 sec)[db.client.connection.pool.name=Host=127.0.0.1;Port=5432;Username=postgres;Database=myapp_load;Maximum Pool Size=500],Rate,323984
06/08/2026 11:51:22,System.Runtime,dotnet.process.cpu.time (s / 1 sec)[cpu.mode=system],Rate,0.546875
06/08/2026 11:51:22,System.Runtime,dotnet.process.cpu.time (s / 1 sec)[cpu.mode=user],Rate,0.890625
06/08/2026 11:51:22,System.Runtime,dotnet.jit.compilation.time (s / 1 sec),Rate,0.9520701000000003
06/08/2026 11:51:22,Npgsql,db.client.operation.npgsql.prepared_ratio[db.client.connection.pool.name=Host=127.0.0.1;Port=5432;Username=postgres;Database=myapp_load;Maximum Pool Size=500],Metric,0
06/08/2026 11:51:22,System.Runtime,dotnet.process.memory.working_set (By),Metric,397791232
06/08/2026 11:51:22,System.Runtime,dotnet.exceptions ({exception} / 1 sec)[error.type=HttpRequestException],Rate,0
06/08/2026 11:51:22,System.Runtime,dotnet.exceptions ({exception} / 1 sec)[error.type=SocketException],Rate,0
06/08/2026 11:51:22,Microsoft.AspNetCore.Hosting,http.server.active_requests ({request})[http.request.method=POST;url.scheme=http],Metric,0
06/08/2026 11:51:22,Microsoft.AspNetCore.Hosting,http.server.active_requests ({request})[http.request.method=GET;url.scheme=http],Metric,4079
06/08/2026 11:51:22,System.Runtime,dotnet.jit.compiled_il.size (By / 1 sec),Rate,11881
06/08/2026 11:51:22,System.Runtime,dotnet.monitor.lock_contentions ({contention} / 1 sec),Rate,38
06/08/2026 11:51:22,System.Runtime,dotnet.gc.collections ({collection} / 1 sec)[gc.heap.generation=gen0],Rate,0
06/08/2026 11:51:22,System.Runtime,dotnet.gc.collections ({collection} / 1 sec)[gc.heap.generation=gen1],Rate,0
06/08/2026 11:51:22,System.Runtime,dotnet.gc.collections ({collection} / 1 sec)[gc.heap.generation=gen2],Rate,0
06/08/2026 11:51:22,Npgsql,db.client.connection.npgsql.pending_requests ({request})[db.client.connection.pool.name=Host=127.0.0.1;Port=5432;Username=postgres;Database=myapp_load;Maximum Pool Size=500],Metric,3579
06/08/2026 11:51:22,Microsoft.AspNetCore.Hosting,http.server.request.duration (s)[http.request.method=GET;http.response.status_code=200;http.route=/orders/{id:int};network.protocol.version=1.1;url.scheme=http;Percentile=50],Metric,1.556640625
06/08/2026 11:51:22,Microsoft.AspNetCore.Hosting,http.server.request.duration (s)[http.request.method=GET;http.response.status_code=200;http.route=/orders/{id:int};network.protocol.version=1.1;url.scheme=http;Percentile=95],Metric,2
06/08/2026 11:51:22,Microsoft.AspNetCore.Hosting,http.server.request.duration (s)[http.request.method=GET;http.response.status_code=200;http.route=/orders/{id:int};network.protocol.version=1.1;url.scheme=http;Percentile=99],Metric,2.28515625
06/08/2026 11:51:22,Npgsql,db.client.operation.npgsql.executing ({command})[db.client.connection.pool.name=Host=127.0.0.1;Port=5432;Username=postgres;Database=myapp_load;Maximum Pool Size=500],Metric,500
06/08/2026 11:51:22,System.Runtime,dotnet.gc.last_collection.heap.size (By)[gc.heap.generation=poh],Metric,9472440
06/08/2026 11:51:22,System.Runtime,dotnet.gc.last_collection.heap.size (By)[gc.heap.generation=loh],Metric,4626696
06/08/2026 11:51:22,System.Runtime,dotnet.gc.last_collection.heap.size (By)[gc.heap.generation=gen0],Metric,0
06/08/2026 11:51:22,System.Runtime,dotnet.gc.last_collection.heap.size (By)[gc.heap.generation=gen1],Metric,149971592
06/08/2026 11:51:22,System.Runtime,dotnet.gc.last_collection.heap.size (By)[gc.heap.generation=gen2],Metric,49510968
06/08/2026 11:51:22,Npgsql,db.client.connection.max ({connection})[db.client.connection.pool.name=Host=127.0.0.1;Port=5432;Username=postgres;Database=myapp_load;Maximum Pool Size=500],Metric,500
06/08/2026 11:51:22,System.Runtime,dotnet.process.cpu.count ({cpu}),Metric,20
06/08/2026 11:51:22,Npgsql,db.client.connection.count ({connection})[db.client.connection.pool.name=Host=127.0.0.1;Port=5432;Username=postgres;Database=myapp_load;Maximum Pool Size=500;db.client.connection.state=used],Metric,500
06/08/2026 11:51:22,Npgsql,db.client.connection.count ({connection})[db.client.connection.pool.name=Host=127.0.0.1;Port=5432;Username=postgres;Database=myapp_load;Maximum Pool Size=500;db.client.connection.state=idle],Metric,0
06/08/2026 11:51:22,System.Runtime,dotnet.gc.last_collection.heap.fragmentation.size (By)[gc.heap.generation=poh],Metric,0
06/08/2026 11:51:22,System.Runtime,dotnet.gc.last_collection.heap.fragmentation.size (By)[gc.heap.generation=loh],Metric,768
06/08/2026 11:51:22,System.Runtime,dotnet.gc.last_collection.heap.fragmentation.size (By)[gc.heap.generation=gen0],Metric,0
06/08/2026 11:51:22,System.Runtime,dotnet.gc.last_collection.heap.fragmentation.size (By)[gc.heap.generation=gen1],Metric,23993744
06/08/2026 11:51:22,System.Runtime,dotnet.gc.last_collection.heap.fragmentation.size (By)[gc.heap.generation=gen2],Metric,10141056
06/08/2026 11:51:22,System.Runtime,dotnet.gc.last_collection.memory.committed_size (By),Metric,288616448
06/08/2026 11:51:22,Npgsql,db.client.operation.duration (s)[db.client.connection.pool.name=Host=127.0.0.1;Port=5432;Username=postgres;Database=myapp_load;Maximum Pool Size=500;db.system.name=postgresql;server.address=127.0.0.1;server.port=5432;Percentile=50],Metric,0.0994873046875
06/08/2026 11:51:22,Npgsql,db.client.operation.duration (s)[db.client.connection.pool.name=Host=127.0.0.1;Port=5432;Username=postgres;Database=myapp_load;Maximum Pool Size=500;db.system.name=postgresql;server.address=127.0.0.1;server.port=5432;Percentile=95],Metric,0.6171875
06/08/2026 11:51:22,Npgsql,db.client.operation.duration (s)[db.client.connection.pool.name=Host=127.0.0.1;Port=5432;Username=postgres;Database=myapp_load;Maximum Pool Size=500;db.system.name=postgresql;server.address=127.0.0.1;server.port=5432;Percentile=99],Metric,0.8896484375
06/08/2026 11:51:22,System.Runtime,dotnet.gc.heap.total_allocated (By / 1 sec),Rate,38846496
06/08/2026 11:51:22,System.Runtime,dotnet.thread_pool.thread.count ({thread} / 1 sec),Rate,0
06/08/2026 11:51:22,System.Runtime,dotnet.jit.compiled_methods ({method} / 1 sec),Rate,81
06/08/2026 11:51:22,Npgsql,db.client.operation.npgsql.bytes_written (By / 1 sec)[db.client.connection.pool.name=Host=127.0.0.1;Port=5432;Username=postgres;Database=myapp_load;Maximum Pool Size=500],Rate,272553
06/08/2026 11:51:22,System.Runtime,dotnet.gc.pause.time (s / 1 sec),Rate,0
06/08/2026 11:51:22,System.Runtime,dotnet.assembly.count ({assembly}),Metric,150
06/08/2026 11:51:22,System.Runtime,dotnet.timer.count ({timer}),Metric,4083
06/08/2026 11:51:22,System.Runtime,dotnet.thread_pool.queue.length ({work_item} / 1 sec),Rate,2
06/08/2026 11:51:23,System.Runtime,dotnet.thread_pool.work_item.count ({work_item} / 1 sec),Rate,9988
06/08/2026 11:51:23,Npgsql,db.client.operation.npgsql.bytes_read (By / 1 sec)[db.client.connection.pool.name=Host=127.0.0.1;Port=5432;Username=postgres;Database=myapp_load;Maximum Pool Size=500],Rate,393445
06/08/2026 11:51:23,System.Runtime,dotnet.process.cpu.time (s / 1 sec)[cpu.mode=system],Rate,0.9375
06/08/2026 11:51:23,System.Runtime,dotnet.process.cpu.time (s / 1 sec)[cpu.mode=user],Rate,0.890625
06/08/2026 11:51:23,System.Runtime,dotnet.jit.compilation.time (s / 1 sec),Rate,0.7562749000000011
06/08/2026 11:51:23,Npgsql,db.client.operation.npgsql.prepared_ratio[db.client.connection.pool.name=Host=127.0.0.1;Port=5432;Username=postgres;Database=myapp_load;Maximum Pool Size=500],Metric,0
06/08/2026 11:51:23,System.Runtime,dotnet.process.memory.working_set (By),Metric,420737024
06/08/2026 11:51:23,System.Runtime,dotnet.exceptions ({exception} / 1 sec)[error.type=HttpRequestException],Rate,0
06/08/2026 11:51:23,System.Runtime,dotnet.exceptions ({exception} / 1 sec)[error.type=SocketException],Rate,0
06/08/2026 11:51:23,Microsoft.AspNetCore.Hosting,http.server.active_requests ({request})[http.request.method=POST;url.scheme=http],Metric,0
06/08/2026 11:51:23,Microsoft.AspNetCore.Hosting,http.server.active_requests ({request})[http.request.method=GET;url.scheme=http],Metric,3801
06/08/2026 11:51:23,System.Runtime,dotnet.jit.compiled_il.size (By / 1 sec),Rate,10653
06/08/2026 11:51:23,System.Runtime,dotnet.monitor.lock_contentions ({contention} / 1 sec),Rate,68
06/08/2026 11:51:23,System.Runtime,dotnet.gc.collections ({collection} / 1 sec)[gc.heap.generation=gen0],Rate,0
06/08/2026 11:51:23,System.Runtime,dotnet.gc.collections ({collection} / 1 sec)[gc.heap.generation=gen1],Rate,0
06/08/2026 11:51:23,System.Runtime,dotnet.gc.collections ({collection} / 1 sec)[gc.heap.generation=gen2],Rate,0
06/08/2026 11:51:23,Npgsql,db.client.connection.npgsql.pending_requests ({request})[db.client.connection.pool.name=Host=127.0.0.1;Port=5432;Username=postgres;Database=myapp_load;Maximum Pool Size=500],Metric,3356
06/08/2026 11:51:23,Microsoft.AspNetCore.Hosting,http.server.request.duration (s)[http.request.method=GET;http.response.status_code=200;http.route=/orders/{id:int};network.protocol.version=1.1;url.scheme=http;Percentile=50],Metric,1.751953125
06/08/2026 11:51:23,Microsoft.AspNetCore.Hosting,http.server.request.duration (s)[http.request.method=GET;http.response.status_code=200;http.route=/orders/{id:int};network.protocol.version=1.1;url.scheme=http;Percentile=95],Metric,2.0859375
06/08/2026 11:51:23,Microsoft.AspNetCore.Hosting,http.server.request.duration (s)[http.request.method=GET;http.response.status_code=200;http.route=/orders/{id:int};network.protocol.version=1.1;url.scheme=http;Percentile=99],Metric,3.1640625
06/08/2026 11:51:23,Npgsql,db.client.operation.npgsql.executing ({command})[db.client.connection.pool.name=Host=127.0.0.1;Port=5432;Username=postgres;Database=myapp_load;Maximum Pool Size=500],Metric,500
06/08/2026 11:51:23,System.Runtime,dotnet.gc.last_collection.heap.size (By)[gc.heap.generation=poh],Metric,9472440
06/08/2026 11:51:23,System.Runtime,dotnet.gc.last_collection.heap.size (By)[gc.heap.generation=loh],Metric,4626696
06/08/2026 11:51:23,System.Runtime,dotnet.gc.last_collection.heap.size (By)[gc.heap.generation=gen0],Metric,0
06/08/2026 11:51:23,System.Runtime,dotnet.gc.last_collection.heap.size (By)[gc.heap.generation=gen1],Metric,149971592
06/08/2026 11:51:23,System.Runtime,dotnet.gc.last_collection.heap.size (By)[gc.heap.generation=gen2],Metric,49510968
06/08/2026 11:51:23,Npgsql,db.client.connection.max ({connection})[db.client.connection.pool.name=Host=127.0.0.1;Port=5432;Username=postgres;Database=myapp_load;Maximum Pool Size=500],Metric,500
06/08/2026 11:51:23,System.Runtime,dotnet.process.cpu.count ({cpu}),Metric,20
06/08/2026 11:51:23,Npgsql,db.client.connection.count ({connection})[db.client.connection.pool.name=Host=127.0.0.1;Port=5432;Username=postgres;Database=myapp_load;Maximum Pool Size=500;db.client.connection.state=used],Metric,437
06/08/2026 11:51:23,Npgsql,db.client.connection.count ({connection})[db.client.connection.pool.name=Host=127.0.0.1;Port=5432;Username=postgres;Database=myapp_load;Maximum Pool Size=500;db.client.connection.state=idle],Metric,63
06/08/2026 11:51:23,System.Runtime,dotnet.gc.last_collection.heap.fragmentation.size (By)[gc.heap.generation=poh],Metric,0
06/08/2026 11:51:23,System.Runtime,dotnet.gc.last_collection.heap.fragmentation.size (By)[gc.heap.generation=loh],Metric,768
06/08/2026 11:51:23,System.Runtime,dotnet.gc.last_collection.heap.fragmentation.size (By)[gc.heap.generation=gen0],Metric,0
06/08/2026 11:51:23,System.Runtime,dotnet.gc.last_collection.heap.fragmentation.size (By)[gc.heap.generation=gen1],Metric,23993744
06/08/2026 11:51:23,System.Runtime,dotnet.gc.last_collection.heap.fragmentation.size (By)[gc.heap.generation=gen2],Metric,10141056
06/08/2026 11:51:23,System.Runtime,dotnet.gc.last_collection.memory.committed_size (By),Metric,288616448
06/08/2026 11:51:23,Npgsql,db.client.operation.duration (s)[db.client.connection.pool.name=Host=127.0.0.1;Port=5432;Username=postgres;Database=myapp_load;Maximum Pool Size=500;db.system.name=postgresql;server.address=127.0.0.1;server.port=5432;Percentile=50],Metric,0.1148681640625
06/08/2026 11:51:23,Npgsql,db.client.operation.duration (s)[db.client.connection.pool.name=Host=127.0.0.1;Port=5432;Username=postgres;Database=myapp_load;Maximum Pool Size=500;db.system.name=postgresql;server.address=127.0.0.1;server.port=5432;Percentile=95],Metric,0.5537109375
06/08/2026 11:51:23,Npgsql,db.client.operation.duration (s)[db.client.connection.pool.name=Host=127.0.0.1;Port=5432;Username=postgres;Database=myapp_load;Maximum Pool Size=500;db.system.name=postgresql;server.address=127.0.0.1;server.port=5432;Percentile=99],Metric,1.943359375
06/08/2026 11:51:23,System.Runtime,dotnet.gc.heap.total_allocated (By / 1 sec),Rate,38995032
06/08/2026 11:51:23,System.Runtime,dotnet.thread_pool.thread.count ({thread} / 1 sec),Rate,0
06/08/2026 11:51:23,System.Runtime,dotnet.jit.compiled_methods ({method} / 1 sec),Rate,73
06/08/2026 11:51:23,Npgsql,db.client.operation.npgsql.bytes_written (By / 1 sec)[db.client.connection.pool.name=Host=127.0.0.1;Port=5432;Username=postgres;Database=myapp_load;Maximum Pool Size=500],Rate,332196
06/08/2026 11:51:23,System.Runtime,dotnet.gc.pause.time (s / 1 sec),Rate,0
06/08/2026 11:51:23,System.Runtime,dotnet.assembly.count ({assembly}),Metric,150
06/08/2026 11:51:23,System.Runtime,dotnet.timer.count ({timer}),Metric,3803
06/08/2026 11:51:23,System.Runtime,dotnet.thread_pool.queue.length ({work_item} / 1 sec),Rate,61
06/08/2026 11:51:24,System.Runtime,dotnet.thread_pool.work_item.count ({work_item} / 1 sec),Rate,11426
06/08/2026 11:51:24,Npgsql,db.client.operation.npgsql.bytes_read (By / 1 sec)[db.client.connection.pool.name=Host=127.0.0.1;Port=5432;Username=postgres;Database=myapp_load;Maximum Pool Size=500],Rate,474427
06/08/2026 11:51:24,System.Runtime,dotnet.process.cpu.time (s / 1 sec)[cpu.mode=system],Rate,0.96875
06/08/2026 11:51:24,System.Runtime,dotnet.process.cpu.time (s / 1 sec)[cpu.mode=user],Rate,1.640625
06/08/2026 11:51:24,System.Runtime,dotnet.jit.compilation.time (s / 1 sec),Rate,1.0504105999999993
06/08/2026 11:51:24,Npgsql,db.client.operation.npgsql.prepared_ratio[db.client.connection.pool.name=Host=127.0.0.1;Port=5432;Username=postgres;Database=myapp_load;Maximum Pool Size=500],Metric,0
06/08/2026 11:51:24,System.Runtime,dotnet.process.memory.working_set (By),Metric,392208384
06/08/2026 11:51:24,System.Runtime,dotnet.exceptions ({exception} / 1 sec)[error.type=HttpRequestException],Rate,0
06/08/2026 11:51:24,System.Runtime,dotnet.exceptions ({exception} / 1 sec)[error.type=SocketException],Rate,0
06/08/2026 11:51:24,Microsoft.AspNetCore.Hosting,http.server.active_requests ({request})[http.request.method=POST;url.scheme=http],Metric,0
06/08/2026 11:51:24,Microsoft.AspNetCore.Hosting,http.server.active_requests ({request})[http.request.method=GET;url.scheme=http],Metric,3071
06/08/2026 11:51:24,System.Runtime,dotnet.jit.compiled_il.size (By / 1 sec),Rate,5708
06/08/2026 11:51:24,System.Runtime,dotnet.monitor.lock_contentions ({contention} / 1 sec),Rate,72
06/08/2026 11:51:24,System.Runtime,dotnet.gc.collections ({collection} / 1 sec)[gc.heap.generation=gen0],Rate,0
06/08/2026 11:51:24,System.Runtime,dotnet.gc.collections ({collection} / 1 sec)[gc.heap.generation=gen1],Rate,1
06/08/2026 11:51:24,System.Runtime,dotnet.gc.collections ({collection} / 1 sec)[gc.heap.generation=gen2],Rate,0
06/08/2026 11:51:24,Npgsql,db.client.connection.npgsql.pending_requests ({request})[db.client.connection.pool.name=Host=127.0.0.1;Port=5432;Username=postgres;Database=myapp_load;Maximum Pool Size=500],Metric,2571
06/08/2026 11:51:24,Microsoft.AspNetCore.Hosting,http.server.request.duration (s)[http.request.method=GET;http.response.status_code=200;http.route=/orders/{id:int};network.protocol.version=1.1;url.scheme=http;Percentile=50],Metric,1.517578125
06/08/2026 11:51:24,Microsoft.AspNetCore.Hosting,http.server.request.duration (s)[http.request.method=GET;http.response.status_code=200;http.route=/orders/{id:int};network.protocol.version=1.1;url.scheme=http;Percentile=95],Metric,2.4296875
06/08/2026 11:51:24,Microsoft.AspNetCore.Hosting,http.server.request.duration (s)[http.request.method=GET;http.response.status_code=200;http.route=/orders/{id:int};network.protocol.version=1.1;url.scheme=http;Percentile=99],Metric,4.078125
06/08/2026 11:51:24,Npgsql,db.client.operation.npgsql.executing ({command})[db.client.connection.pool.name=Host=127.0.0.1;Port=5432;Username=postgres;Database=myapp_load;Maximum Pool Size=500],Metric,500
06/08/2026 11:51:24,System.Runtime,dotnet.gc.last_collection.heap.size (By)[gc.heap.generation=poh],Metric,9472440
06/08/2026 11:51:24,System.Runtime,dotnet.gc.last_collection.heap.size (By)[gc.heap.generation=loh],Metric,4626696
06/08/2026 11:51:24,System.Runtime,dotnet.gc.last_collection.heap.size (By)[gc.heap.generation=gen0],Metric,8109872
06/08/2026 11:51:24,System.Runtime,dotnet.gc.last_collection.heap.size (By)[gc.heap.generation=gen1],Metric,33773648
06/08/2026 11:51:24,System.Runtime,dotnet.gc.last_collection.heap.size (By)[gc.heap.generation=gen2],Metric,64056632
06/08/2026 11:51:24,Npgsql,db.client.connection.max ({connection})[db.client.connection.pool.name=Host=127.0.0.1;Port=5432;Username=postgres;Database=myapp_load;Maximum Pool Size=500],Metric,500
06/08/2026 11:51:24,System.Runtime,dotnet.process.cpu.count ({cpu}),Metric,20
06/08/2026 11:51:24,Npgsql,db.client.connection.count ({connection})[db.client.connection.pool.name=Host=127.0.0.1;Port=5432;Username=postgres;Database=myapp_load;Maximum Pool Size=500;db.client.connection.state=used],Metric,500
06/08/2026 11:51:24,Npgsql,db.client.connection.count ({connection})[db.client.connection.pool.name=Host=127.0.0.1;Port=5432;Username=postgres;Database=myapp_load;Maximum Pool Size=500;db.client.connection.state=idle],Metric,0
06/08/2026 11:51:24,System.Runtime,dotnet.gc.last_collection.heap.fragmentation.size (By)[gc.heap.generation=poh],Metric,0
06/08/2026 11:51:24,System.Runtime,dotnet.gc.last_collection.heap.fragmentation.size (By)[gc.heap.generation=loh],Metric,768
06/08/2026 11:51:24,System.Runtime,dotnet.gc.last_collection.heap.fragmentation.size (By)[gc.heap.generation=gen0],Metric,8076824
06/08/2026 11:51:24,System.Runtime,dotnet.gc.last_collection.heap.fragmentation.size (By)[gc.heap.generation=gen1],Metric,441984
06/08/2026 11:51:24,System.Runtime,dotnet.gc.last_collection.heap.fragmentation.size (By)[gc.heap.generation=gen2],Metric,8411064
06/08/2026 11:51:24,System.Runtime,dotnet.gc.last_collection.memory.committed_size (By),Metric,237465600
06/08/2026 11:51:24,Npgsql,db.client.operation.duration (s)[db.client.connection.pool.name=Host=127.0.0.1;Port=5432;Username=postgres;Database=myapp_load;Maximum Pool Size=500;db.system.name=postgresql;server.address=127.0.0.1;server.port=5432;Percentile=50],Metric,0.0911865234375
06/08/2026 11:51:24,Npgsql,db.client.operation.duration (s)[db.client.connection.pool.name=Host=127.0.0.1;Port=5432;Username=postgres;Database=myapp_load;Maximum Pool Size=500;db.system.name=postgresql;server.address=127.0.0.1;server.port=5432;Percentile=95],Metric,0.8232421875
06/08/2026 11:51:24,Npgsql,db.client.operation.duration (s)[db.client.connection.pool.name=Host=127.0.0.1;Port=5432;Username=postgres;Database=myapp_load;Maximum Pool Size=500;db.system.name=postgresql;server.address=127.0.0.1;server.port=5432;Percentile=99],Metric,2.69140625
06/08/2026 11:51:24,System.Runtime,dotnet.gc.heap.total_allocated (By / 1 sec),Rate,42115272
06/08/2026 11:51:24,System.Runtime,dotnet.thread_pool.thread.count ({thread} / 1 sec),Rate,0
06/08/2026 11:51:24,System.Runtime,dotnet.jit.compiled_methods ({method} / 1 sec),Rate,76
06/08/2026 11:51:24,Npgsql,db.client.operation.npgsql.bytes_written (By / 1 sec)[db.client.connection.pool.name=Host=127.0.0.1;Port=5432;Username=postgres;Database=myapp_load;Maximum Pool Size=500],Rate,400440
06/08/2026 11:51:24,System.Runtime,dotnet.gc.pause.time (s / 1 sec),Rate,0.09104599999999996
06/08/2026 11:51:24,System.Runtime,dotnet.assembly.count ({assembly}),Metric,150
06/08/2026 11:51:24,System.Runtime,dotnet.timer.count ({timer}),Metric,3075
06/08/2026 11:51:24,System.Runtime,dotnet.thread_pool.queue.length ({work_item} / 1 sec),Rate,-63
06/08/2026 11:51:25,System.Runtime,dotnet.thread_pool.work_item.count ({work_item} / 1 sec),Rate,13986
06/08/2026 11:51:25,Npgsql,db.client.operation.npgsql.bytes_read (By / 1 sec)[db.client.connection.pool.name=Host=127.0.0.1;Port=5432;Username=postgres;Database=myapp_load;Maximum Pool Size=500],Rate,489363
06/08/2026 11:51:25,System.Runtime,dotnet.process.cpu.time (s / 1 sec)[cpu.mode=system],Rate,0.8125
06/08/2026 11:51:25,System.Runtime,dotnet.process.cpu.time (s / 1 sec)[cpu.mode=user],Rate,1.328125
06/08/2026 11:51:25,System.Runtime,dotnet.jit.compilation.time (s / 1 sec),Rate,0.8470724999999995
06/08/2026 11:51:25,Npgsql,db.client.operation.npgsql.prepared_ratio[db.client.connection.pool.name=Host=127.0.0.1;Port=5432;Username=postgres;Database=myapp_load;Maximum Pool Size=500],Metric,0
06/08/2026 11:51:25,System.Runtime,dotnet.process.memory.working_set (By),Metric,350683136
06/08/2026 11:51:25,System.Runtime,dotnet.exceptions ({exception} / 1 sec)[error.type=HttpRequestException],Rate,11
06/08/2026 11:51:25,System.Runtime,dotnet.exceptions ({exception} / 1 sec)[error.type=SocketException],Rate,2
06/08/2026 11:51:25,Microsoft.AspNetCore.Hosting,http.server.active_requests ({request})[http.request.method=POST;url.scheme=http],Metric,0
06/08/2026 11:51:25,Microsoft.AspNetCore.Hosting,http.server.active_requests ({request})[http.request.method=GET;url.scheme=http],Metric,3528
06/08/2026 11:51:25,System.Runtime,dotnet.jit.compiled_il.size (By / 1 sec),Rate,11422
06/08/2026 11:51:25,System.Runtime,dotnet.monitor.lock_contentions ({contention} / 1 sec),Rate,64
06/08/2026 11:51:25,System.Runtime,dotnet.gc.collections ({collection} / 1 sec)[gc.heap.generation=gen0],Rate,0
06/08/2026 11:51:25,System.Runtime,dotnet.gc.collections ({collection} / 1 sec)[gc.heap.generation=gen1],Rate,0
06/08/2026 11:51:25,System.Runtime,dotnet.gc.collections ({collection} / 1 sec)[gc.heap.generation=gen2],Rate,0
06/08/2026 11:51:25,Npgsql,db.client.connection.npgsql.pending_requests ({request})[db.client.connection.pool.name=Host=127.0.0.1;Port=5432;Username=postgres;Database=myapp_load;Maximum Pool Size=500],Metric,3028
06/08/2026 11:51:25,Microsoft.AspNetCore.Hosting,http.server.request.duration (s)[http.request.method=GET;http.response.status_code=200;http.route=/orders/{id:int};network.protocol.version=1.1;url.scheme=http;Percentile=50],Metric,1.134765625
06/08/2026 11:51:25,Microsoft.AspNetCore.Hosting,http.server.request.duration (s)[http.request.method=GET;http.response.status_code=200;http.route=/orders/{id:int};network.protocol.version=1.1;url.scheme=http;Percentile=95],Metric,1.478515625
06/08/2026 11:51:25,Microsoft.AspNetCore.Hosting,http.server.request.duration (s)[http.request.method=GET;http.response.status_code=200;http.route=/orders/{id:int};network.protocol.version=1.1;url.scheme=http;Percentile=99],Metric,1.8046875
06/08/2026 11:51:25,Npgsql,db.client.operation.npgsql.executing ({command})[db.client.connection.pool.name=Host=127.0.0.1;Port=5432;Username=postgres;Database=myapp_load;Maximum Pool Size=500],Metric,500
06/08/2026 11:51:25,System.Runtime,dotnet.gc.last_collection.heap.size (By)[gc.heap.generation=poh],Metric,9472440
06/08/2026 11:51:25,System.Runtime,dotnet.gc.last_collection.heap.size (By)[gc.heap.generation=loh],Metric,4626696
06/08/2026 11:51:25,System.Runtime,dotnet.gc.last_collection.heap.size (By)[gc.heap.generation=gen0],Metric,8109872
06/08/2026 11:51:25,System.Runtime,dotnet.gc.last_collection.heap.size (By)[gc.heap.generation=gen1],Metric,33773648
06/08/2026 11:51:25,System.Runtime,dotnet.gc.last_collection.heap.size (By)[gc.heap.generation=gen2],Metric,64056632
06/08/2026 11:51:25,Npgsql,db.client.connection.max ({connection})[db.client.connection.pool.name=Host=127.0.0.1;Port=5432;Username=postgres;Database=myapp_load;Maximum Pool Size=500],Metric,500
06/08/2026 11:51:25,System.Runtime,dotnet.process.cpu.count ({cpu}),Metric,20
06/08/2026 11:51:25,Npgsql,db.client.connection.count ({connection})[db.client.connection.pool.name=Host=127.0.0.1;Port=5432;Username=postgres;Database=myapp_load;Maximum Pool Size=500;db.client.connection.state=used],Metric,500
06/08/2026 11:51:25,Npgsql,db.client.connection.count ({connection})[db.client.connection.pool.name=Host=127.0.0.1;Port=5432;Username=postgres;Database=myapp_load;Maximum Pool Size=500;db.client.connection.state=idle],Metric,0
06/08/2026 11:51:25,System.Runtime,dotnet.gc.last_collection.heap.fragmentation.size (By)[gc.heap.generation=poh],Metric,0
06/08/2026 11:51:25,System.Runtime,dotnet.gc.last_collection.heap.fragmentation.size (By)[gc.heap.generation=loh],Metric,768
06/08/2026 11:51:25,System.Runtime,dotnet.gc.last_collection.heap.fragmentation.size (By)[gc.heap.generation=gen0],Metric,8076824
06/08/2026 11:51:25,System.Runtime,dotnet.gc.last_collection.heap.fragmentation.size (By)[gc.heap.generation=gen1],Metric,441984
06/08/2026 11:51:25,System.Runtime,dotnet.gc.last_collection.heap.fragmentation.size (By)[gc.heap.generation=gen2],Metric,8411064
06/08/2026 11:51:25,System.Runtime,dotnet.gc.last_collection.memory.committed_size (By),Metric,237465600
06/08/2026 11:51:25,Npgsql,db.client.operation.duration (s)[db.client.connection.pool.name=Host=127.0.0.1;Port=5432;Username=postgres;Database=myapp_load;Maximum Pool Size=500;db.system.name=postgresql;server.address=127.0.0.1;server.port=5432;Percentile=50],Metric,0.1058349609375
06/08/2026 11:51:25,Npgsql,db.client.operation.duration (s)[db.client.connection.pool.name=Host=127.0.0.1;Port=5432;Username=postgres;Database=myapp_load;Maximum Pool Size=500;db.system.name=postgresql;server.address=127.0.0.1;server.port=5432;Percentile=95],Metric,0.34814453125
06/08/2026 11:51:25,Npgsql,db.client.operation.duration (s)[db.client.connection.pool.name=Host=127.0.0.1;Port=5432;Username=postgres;Database=myapp_load;Maximum Pool Size=500;db.system.name=postgresql;server.address=127.0.0.1;server.port=5432;Percentile=99],Metric,0.7197265625
06/08/2026 11:51:25,System.Runtime,dotnet.gc.heap.total_allocated (By / 1 sec),Rate,61102272
06/08/2026 11:51:25,System.Runtime,dotnet.thread_pool.thread.count ({thread} / 1 sec),Rate,0
06/08/2026 11:51:25,System.Runtime,dotnet.jit.compiled_methods ({method} / 1 sec),Rate,87
06/08/2026 11:51:25,Npgsql,db.client.operation.npgsql.bytes_written (By / 1 sec)[db.client.connection.pool.name=Host=127.0.0.1;Port=5432;Username=postgres;Database=myapp_load;Maximum Pool Size=500],Rate,414963
06/08/2026 11:51:25,System.Runtime,dotnet.gc.pause.time (s / 1 sec),Rate,0
06/08/2026 11:51:25,System.Runtime,dotnet.assembly.count ({assembly}),Metric,150
06/08/2026 11:51:25,System.Runtime,dotnet.timer.count ({timer}),Metric,3532
06/08/2026 11:51:25,System.Runtime,dotnet.thread_pool.queue.length ({work_item} / 1 sec),Rate,0
06/08/2026 11:51:26,System.Runtime,dotnet.thread_pool.work_item.count ({work_item} / 1 sec),Rate,13435
06/08/2026 11:51:26,Npgsql,db.client.operation.npgsql.bytes_read (By / 1 sec)[db.client.connection.pool.name=Host=127.0.0.1;Port=5432;Username=postgres;Database=myapp_load;Maximum Pool Size=500],Rate,510541
06/08/2026 11:51:26,System.Runtime,dotnet.process.cpu.time (s / 1 sec)[cpu.mode=system],Rate,0.75
06/08/2026 11:51:26,System.Runtime,dotnet.process.cpu.time (s / 1 sec)[cpu.mode=user],Rate,1.5
06/08/2026 11:51:26,System.Runtime,dotnet.jit.compilation.time (s / 1 sec),Rate,0.7557214000000023
06/08/2026 11:51:26,Npgsql,db.client.operation.npgsql.prepared_ratio[db.client.connection.pool.name=Host=127.0.0.1;Port=5432;Username=postgres;Database=myapp_load;Maximum Pool Size=500],Metric,0
06/08/2026 11:51:26,System.Runtime,dotnet.process.memory.working_set (By),Metric,351109120
06/08/2026 11:51:26,System.Runtime,dotnet.exceptions ({exception} / 1 sec)[error.type=HttpRequestException],Rate,0
06/08/2026 11:51:26,System.Runtime,dotnet.exceptions ({exception} / 1 sec)[error.type=SocketException],Rate,0
06/08/2026 11:51:26,Microsoft.AspNetCore.Hosting,http.server.active_requests ({request})[http.request.method=POST;url.scheme=http],Metric,0
06/08/2026 11:51:26,Microsoft.AspNetCore.Hosting,http.server.active_requests ({request})[http.request.method=GET;url.scheme=http],Metric,3366
06/08/2026 11:51:26,System.Runtime,dotnet.jit.compiled_il.size (By / 1 sec),Rate,13484
06/08/2026 11:51:26,System.Runtime,dotnet.monitor.lock_contentions ({contention} / 1 sec),Rate,114
06/08/2026 11:51:26,System.Runtime,dotnet.gc.collections ({collection} / 1 sec)[gc.heap.generation=gen0],Rate,1
06/08/2026 11:51:26,System.Runtime,dotnet.gc.collections ({collection} / 1 sec)[gc.heap.generation=gen1],Rate,0
06/08/2026 11:51:26,System.Runtime,dotnet.gc.collections ({collection} / 1 sec)[gc.heap.generation=gen2],Rate,0
06/08/2026 11:51:26,Npgsql,db.client.connection.npgsql.pending_requests ({request})[db.client.connection.pool.name=Host=127.0.0.1;Port=5432;Username=postgres;Database=myapp_load;Maximum Pool Size=500],Metric,2865
06/08/2026 11:51:26,Microsoft.AspNetCore.Hosting,http.server.request.duration (s)[http.request.method=GET;http.response.status_code=200;http.route=/orders/{id:int};network.protocol.version=1.1;url.scheme=http;Percentile=50],Metric,1.021484375
06/08/2026 11:51:26,Microsoft.AspNetCore.Hosting,http.server.request.duration (s)[http.request.method=GET;http.response.status_code=200;http.route=/orders/{id:int};network.protocol.version=1.1;url.scheme=http;Percentile=95],Metric,1.283203125
06/08/2026 11:51:26,Microsoft.AspNetCore.Hosting,http.server.request.duration (s)[http.request.method=GET;http.response.status_code=200;http.route=/orders/{id:int};network.protocol.version=1.1;url.scheme=http;Percentile=99],Metric,1.43359375
06/08/2026 11:51:26,Npgsql,db.client.operation.npgsql.executing ({command})[db.client.connection.pool.name=Host=127.0.0.1;Port=5432;Username=postgres;Database=myapp_load;Maximum Pool Size=500],Metric,500
06/08/2026 11:51:26,System.Runtime,dotnet.gc.last_collection.heap.size (By)[gc.heap.generation=poh],Metric,9472440
06/08/2026 11:51:26,System.Runtime,dotnet.gc.last_collection.heap.size (By)[gc.heap.generation=loh],Metric,4626696
06/08/2026 11:51:26,System.Runtime,dotnet.gc.last_collection.heap.size (By)[gc.heap.generation=gen0],Metric,524600
06/08/2026 11:51:26,System.Runtime,dotnet.gc.last_collection.heap.size (By)[gc.heap.generation=gen1],Metric,73462912
06/08/2026 11:51:26,System.Runtime,dotnet.gc.last_collection.heap.size (By)[gc.heap.generation=gen2],Metric,64056632
06/08/2026 11:51:26,Npgsql,db.client.connection.max ({connection})[db.client.connection.pool.name=Host=127.0.0.1;Port=5432;Username=postgres;Database=myapp_load;Maximum Pool Size=500],Metric,500
06/08/2026 11:51:26,System.Runtime,dotnet.process.cpu.count ({cpu}),Metric,20
06/08/2026 11:51:26,Npgsql,db.client.connection.count ({connection})[db.client.connection.pool.name=Host=127.0.0.1;Port=5432;Username=postgres;Database=myapp_load;Maximum Pool Size=500;db.client.connection.state=used],Metric,500
06/08/2026 11:51:26,Npgsql,db.client.connection.count ({connection})[db.client.connection.pool.name=Host=127.0.0.1;Port=5432;Username=postgres;Database=myapp_load;Maximum Pool Size=500;db.client.connection.state=idle],Metric,0
06/08/2026 11:51:26,System.Runtime,dotnet.gc.last_collection.heap.fragmentation.size (By)[gc.heap.generation=poh],Metric,0
06/08/2026 11:51:26,System.Runtime,dotnet.gc.last_collection.heap.fragmentation.size (By)[gc.heap.generation=loh],Metric,768
06/08/2026 11:51:26,System.Runtime,dotnet.gc.last_collection.heap.fragmentation.size (By)[gc.heap.generation=gen0],Metric,524416
06/08/2026 11:51:26,System.Runtime,dotnet.gc.last_collection.heap.fragmentation.size (By)[gc.heap.generation=gen1],Metric,979288
06/08/2026 11:51:26,System.Runtime,dotnet.gc.last_collection.heap.fragmentation.size (By)[gc.heap.generation=gen2],Metric,8411064
06/08/2026 11:51:26,System.Runtime,dotnet.gc.last_collection.memory.committed_size (By),Metric,237727744
06/08/2026 11:51:26,Npgsql,db.client.operation.duration (s)[db.client.connection.pool.name=Host=127.0.0.1;Port=5432;Username=postgres;Database=myapp_load;Maximum Pool Size=500;db.system.name=postgresql;server.address=127.0.0.1;server.port=5432;Percentile=50],Metric,0.099609375
06/08/2026 11:51:26,Npgsql,db.client.operation.duration (s)[db.client.connection.pool.name=Host=127.0.0.1;Port=5432;Username=postgres;Database=myapp_load;Maximum Pool Size=500;db.system.name=postgresql;server.address=127.0.0.1;server.port=5432;Percentile=95],Metric,0.2587890625
06/08/2026 11:51:26,Npgsql,db.client.operation.duration (s)[db.client.connection.pool.name=Host=127.0.0.1;Port=5432;Username=postgres;Database=myapp_load;Maximum Pool Size=500;db.system.name=postgresql;server.address=127.0.0.1;server.port=5432;Percentile=99],Metric,0.515625
06/08/2026 11:51:26,System.Runtime,dotnet.gc.heap.total_allocated (By / 1 sec),Rate,53863552
06/08/2026 11:51:26,System.Runtime,dotnet.thread_pool.thread.count ({thread} / 1 sec),Rate,0
06/08/2026 11:51:26,System.Runtime,dotnet.jit.compiled_methods ({method} / 1 sec),Rate,194
06/08/2026 11:51:26,Npgsql,db.client.operation.npgsql.bytes_written (By / 1 sec)[db.client.connection.pool.name=Host=127.0.0.1;Port=5432;Username=postgres;Database=myapp_load;Maximum Pool Size=500],Rate,430473
06/08/2026 11:51:26,System.Runtime,dotnet.gc.pause.time (s / 1 sec),Rate,0.07626600000000017
06/08/2026 11:51:26,System.Runtime,dotnet.assembly.count ({assembly}),Metric,150
06/08/2026 11:51:26,System.Runtime,dotnet.timer.count ({timer}),Metric,3367
06/08/2026 11:51:26,System.Runtime,dotnet.thread_pool.queue.length ({work_item} / 1 sec),Rate,135
06/08/2026 11:51:27,System.Runtime,dotnet.thread_pool.work_item.count ({work_item} / 1 sec),Rate,12692
06/08/2026 11:51:27,Npgsql,db.client.operation.npgsql.bytes_read (By / 1 sec)[db.client.connection.pool.name=Host=127.0.0.1;Port=5432;Username=postgres;Database=myapp_load;Maximum Pool Size=500],Rate,511596
06/08/2026 11:51:27,System.Runtime,dotnet.process.cpu.time (s / 1 sec)[cpu.mode=system],Rate,0.6875
06/08/2026 11:51:27,System.Runtime,dotnet.process.cpu.time (s / 1 sec)[cpu.mode=user],Rate,1.28125
06/08/2026 11:51:27,System.Runtime,dotnet.jit.compilation.time (s / 1 sec),Rate,0.7115975999999975
06/08/2026 11:51:27,Npgsql,db.client.operation.npgsql.prepared_ratio[db.client.connection.pool.name=Host=127.0.0.1;Port=5432;Username=postgres;Database=myapp_load;Maximum Pool Size=500],Metric,0
06/08/2026 11:51:27,System.Runtime,dotnet.process.memory.working_set (By),Metric,349335552
06/08/2026 11:51:27,System.Runtime,dotnet.exceptions ({exception} / 1 sec)[error.type=HttpRequestException],Rate,0
06/08/2026 11:51:27,System.Runtime,dotnet.exceptions ({exception} / 1 sec)[error.type=SocketException],Rate,0
06/08/2026 11:51:27,Microsoft.AspNetCore.Hosting,http.server.active_requests ({request})[http.request.method=POST;url.scheme=http],Metric,0
06/08/2026 11:51:27,Microsoft.AspNetCore.Hosting,http.server.active_requests ({request})[http.request.method=GET;url.scheme=http],Metric,3056
06/08/2026 11:51:27,System.Runtime,dotnet.jit.compiled_il.size (By / 1 sec),Rate,6528
06/08/2026 11:51:27,System.Runtime,dotnet.monitor.lock_contentions ({contention} / 1 sec),Rate,116
06/08/2026 11:51:27,System.Runtime,dotnet.gc.collections ({collection} / 1 sec)[gc.heap.generation=gen0],Rate,0
06/08/2026 11:51:27,System.Runtime,dotnet.gc.collections ({collection} / 1 sec)[gc.heap.generation=gen1],Rate,0
06/08/2026 11:51:27,System.Runtime,dotnet.gc.collections ({collection} / 1 sec)[gc.heap.generation=gen2],Rate,0
06/08/2026 11:51:27,Npgsql,db.client.connection.npgsql.pending_requests ({request})[db.client.connection.pool.name=Host=127.0.0.1;Port=5432;Username=postgres;Database=myapp_load;Maximum Pool Size=500],Metric,2555
06/08/2026 11:51:27,Microsoft.AspNetCore.Hosting,http.server.request.duration (s)[http.request.method=GET;http.response.status_code=200;http.route=/orders/{id:int};network.protocol.version=1.1;url.scheme=http;Percentile=50],Metric,1.146484375
06/08/2026 11:51:27,Microsoft.AspNetCore.Hosting,http.server.request.duration (s)[http.request.method=GET;http.response.status_code=200;http.route=/orders/{id:int};network.protocol.version=1.1;url.scheme=http;Percentile=95],Metric,1.326171875
06/08/2026 11:51:27,Microsoft.AspNetCore.Hosting,http.server.request.duration (s)[http.request.method=GET;http.response.status_code=200;http.route=/orders/{id:int};network.protocol.version=1.1;url.scheme=http;Percentile=99],Metric,1.404296875
06/08/2026 11:51:27,Npgsql,db.client.operation.npgsql.executing ({command})[db.client.connection.pool.name=Host=127.0.0.1;Port=5432;Username=postgres;Database=myapp_load;Maximum Pool Size=500],Metric,500
06/08/2026 11:51:27,System.Runtime,dotnet.gc.last_collection.heap.size (By)[gc.heap.generation=poh],Metric,9472440
06/08/2026 11:51:27,System.Runtime,dotnet.gc.last_collection.heap.size (By)[gc.heap.generation=loh],Metric,4626696
06/08/2026 11:51:27,System.Runtime,dotnet.gc.last_collection.heap.size (By)[gc.heap.generation=gen0],Metric,524600
06/08/2026 11:51:27,System.Runtime,dotnet.gc.last_collection.heap.size (By)[gc.heap.generation=gen1],Metric,73462912
06/08/2026 11:51:27,System.Runtime,dotnet.gc.last_collection.heap.size (By)[gc.heap.generation=gen2],Metric,64056632
06/08/2026 11:51:27,Npgsql,db.client.connection.max ({connection})[db.client.connection.pool.name=Host=127.0.0.1;Port=5432;Username=postgres;Database=myapp_load;Maximum Pool Size=500],Metric,500
06/08/2026 11:51:27,System.Runtime,dotnet.process.cpu.count ({cpu}),Metric,20
06/08/2026 11:51:27,Npgsql,db.client.connection.count ({connection})[db.client.connection.pool.name=Host=127.0.0.1;Port=5432;Username=postgres;Database=myapp_load;Maximum Pool Size=500;db.client.connection.state=used],Metric,500
06/08/2026 11:51:27,Npgsql,db.client.connection.count ({connection})[db.client.connection.pool.name=Host=127.0.0.1;Port=5432;Username=postgres;Database=myapp_load;Maximum Pool Size=500;db.client.connection.state=idle],Metric,0
06/08/2026 11:51:27,System.Runtime,dotnet.gc.last_collection.heap.fragmentation.size (By)[gc.heap.generation=poh],Metric,0
06/08/2026 11:51:27,System.Runtime,dotnet.gc.last_collection.heap.fragmentation.size (By)[gc.heap.generation=loh],Metric,768
06/08/2026 11:51:27,System.Runtime,dotnet.gc.last_collection.heap.fragmentation.size (By)[gc.heap.generation=gen0],Metric,524416
06/08/2026 11:51:27,System.Runtime,dotnet.gc.last_collection.heap.fragmentation.size (By)[gc.heap.generation=gen1],Metric,979288
06/08/2026 11:51:27,System.Runtime,dotnet.gc.last_collection.heap.fragmentation.size (By)[gc.heap.generation=gen2],Metric,8411064
06/08/2026 11:51:27,System.Runtime,dotnet.gc.last_collection.memory.committed_size (By),Metric,237727744
06/08/2026 11:51:27,Npgsql,db.client.operation.duration (s)[db.client.connection.pool.name=Host=127.0.0.1;Port=5432;Username=postgres;Database=myapp_load;Maximum Pool Size=500;db.system.name=postgresql;server.address=127.0.0.1;server.port=5432;Percentile=50],Metric,0.111572265625
06/08/2026 11:51:27,Npgsql,db.client.operation.duration (s)[db.client.connection.pool.name=Host=127.0.0.1;Port=5432;Username=postgres;Database=myapp_load;Maximum Pool Size=500;db.system.name=postgresql;server.address=127.0.0.1;server.port=5432;Percentile=95],Metric,0.36865234375
06/08/2026 11:51:27,Npgsql,db.client.operation.duration (s)[db.client.connection.pool.name=Host=127.0.0.1;Port=5432;Username=postgres;Database=myapp_load;Maximum Pool Size=500;db.system.name=postgresql;server.address=127.0.0.1;server.port=5432;Percentile=99],Metric,0.505859375
06/08/2026 11:51:27,System.Runtime,dotnet.gc.heap.total_allocated (By / 1 sec),Rate,52116168
06/08/2026 11:51:27,System.Runtime,dotnet.thread_pool.thread.count ({thread} / 1 sec),Rate,0
06/08/2026 11:51:27,System.Runtime,dotnet.jit.compiled_methods ({method} / 1 sec),Rate,137
06/08/2026 11:51:27,Npgsql,db.client.operation.npgsql.bytes_written (By / 1 sec)[db.client.connection.pool.name=Host=127.0.0.1;Port=5432;Username=postgres;Database=myapp_load;Maximum Pool Size=500],Rate,431178
06/08/2026 11:51:27,System.Runtime,dotnet.gc.pause.time (s / 1 sec),Rate,0
06/08/2026 11:51:27,System.Runtime,dotnet.assembly.count ({assembly}),Metric,150
06/08/2026 11:51:27,System.Runtime,dotnet.timer.count ({timer}),Metric,3060
06/08/2026 11:51:27,System.Runtime,dotnet.thread_pool.queue.length ({work_item} / 1 sec),Rate,-135
06/08/2026 11:51:28,System.Runtime,dotnet.thread_pool.work_item.count ({work_item} / 1 sec),Rate,11484
06/08/2026 11:51:28,Npgsql,db.client.operation.npgsql.bytes_read (By / 1 sec)[db.client.connection.pool.name=Host=127.0.0.1;Port=5432;Username=postgres;Database=myapp_load;Maximum Pool Size=500],Rate,363805
06/08/2026 11:51:28,System.Runtime,dotnet.process.cpu.time (s / 1 sec)[cpu.mode=system],Rate,0.78125
06/08/2026 11:51:28,System.Runtime,dotnet.process.cpu.time (s / 1 sec)[cpu.mode=user],Rate,1.21875
06/08/2026 11:51:28,System.Runtime,dotnet.jit.compilation.time (s / 1 sec),Rate,0.564645500000001
06/08/2026 11:51:28,Npgsql,db.client.operation.npgsql.prepared_ratio[db.client.connection.pool.name=Host=127.0.0.1;Port=5432;Username=postgres;Database=myapp_load;Maximum Pool Size=500],Metric,0
06/08/2026 11:51:28,System.Runtime,dotnet.process.memory.working_set (By),Metric,346738688
06/08/2026 11:51:28,System.Runtime,dotnet.exceptions ({exception} / 1 sec)[error.type=HttpRequestException],Rate,0
06/08/2026 11:51:28,System.Runtime,dotnet.exceptions ({exception} / 1 sec)[error.type=SocketException],Rate,0
06/08/2026 11:51:28,Microsoft.AspNetCore.Hosting,http.server.active_requests ({request})[http.request.method=POST;url.scheme=http],Metric,0
06/08/2026 11:51:28,Microsoft.AspNetCore.Hosting,http.server.active_requests ({request})[http.request.method=GET;url.scheme=http],Metric,3901
06/08/2026 11:51:28,System.Runtime,dotnet.jit.compiled_il.size (By / 1 sec),Rate,8024
06/08/2026 11:51:28,System.Runtime,dotnet.monitor.lock_contentions ({contention} / 1 sec),Rate,155
06/08/2026 11:51:28,System.Runtime,dotnet.gc.collections ({collection} / 1 sec)[gc.heap.generation=gen0],Rate,0
06/08/2026 11:51:28,System.Runtime,dotnet.gc.collections ({collection} / 1 sec)[gc.heap.generation=gen1],Rate,1
06/08/2026 11:51:28,System.Runtime,dotnet.gc.collections ({collection} / 1 sec)[gc.heap.generation=gen2],Rate,0
06/08/2026 11:51:28,Npgsql,db.client.connection.npgsql.pending_requests ({request})[db.client.connection.pool.name=Host=127.0.0.1;Port=5432;Username=postgres;Database=myapp_load;Maximum Pool Size=500],Metric,3430
06/08/2026 11:51:28,Microsoft.AspNetCore.Hosting,http.server.request.duration (s)[http.request.method=GET;http.response.status_code=200;http.route=/orders/{id:int};network.protocol.version=1.1;url.scheme=http;Percentile=50],Metric,1.212890625
06/08/2026 11:51:28,Microsoft.AspNetCore.Hosting,http.server.request.duration (s)[http.request.method=GET;http.response.status_code=200;http.route=/orders/{id:int};network.protocol.version=1.1;url.scheme=http;Percentile=95],Metric,1.5
06/08/2026 11:51:28,Microsoft.AspNetCore.Hosting,http.server.request.duration (s)[http.request.method=GET;http.response.status_code=200;http.route=/orders/{id:int};network.protocol.version=1.1;url.scheme=http;Percentile=99],Metric,1.755859375
06/08/2026 11:51:28,Npgsql,db.client.operation.npgsql.executing ({command})[db.client.connection.pool.name=Host=127.0.0.1;Port=5432;Username=postgres;Database=myapp_load;Maximum Pool Size=500],Metric,463
06/08/2026 11:51:28,System.Runtime,dotnet.gc.last_collection.heap.size (By)[gc.heap.generation=poh],Metric,9472440
06/08/2026 11:51:28,System.Runtime,dotnet.gc.last_collection.heap.size (By)[gc.heap.generation=loh],Metric,4626696
06/08/2026 11:51:28,System.Runtime,dotnet.gc.last_collection.heap.size (By)[gc.heap.generation=gen0],Metric,1005952
06/08/2026 11:51:28,System.Runtime,dotnet.gc.last_collection.heap.size (By)[gc.heap.generation=gen1],Metric,40316088
06/08/2026 11:51:28,System.Runtime,dotnet.gc.last_collection.heap.size (By)[gc.heap.generation=gen2],Metric,64056632
06/08/2026 11:51:28,Npgsql,db.client.connection.max ({connection})[db.client.connection.pool.name=Host=127.0.0.1;Port=5432;Username=postgres;Database=myapp_load;Maximum Pool Size=500],Metric,500
06/08/2026 11:51:28,System.Runtime,dotnet.process.cpu.count ({cpu}),Metric,20
06/08/2026 11:51:28,Npgsql,db.client.connection.count ({connection})[db.client.connection.pool.name=Host=127.0.0.1;Port=5432;Username=postgres;Database=myapp_load;Maximum Pool Size=500;db.client.connection.state=used],Metric,463
06/08/2026 11:51:28,Npgsql,db.client.connection.count ({connection})[db.client.connection.pool.name=Host=127.0.0.1;Port=5432;Username=postgres;Database=myapp_load;Maximum Pool Size=500;db.client.connection.state=idle],Metric,37
06/08/2026 11:51:28,System.Runtime,dotnet.gc.last_collection.heap.fragmentation.size (By)[gc.heap.generation=poh],Metric,0
06/08/2026 11:51:28,System.Runtime,dotnet.gc.last_collection.heap.fragmentation.size (By)[gc.heap.generation=loh],Metric,768
06/08/2026 11:51:28,System.Runtime,dotnet.gc.last_collection.heap.fragmentation.size (By)[gc.heap.generation=gen0],Metric,997608
06/08/2026 11:51:28,System.Runtime,dotnet.gc.last_collection.heap.fragmentation.size (By)[gc.heap.generation=gen1],Metric,521976
06/08/2026 11:51:28,System.Runtime,dotnet.gc.last_collection.heap.fragmentation.size (By)[gc.heap.generation=gen2],Metric,7936672
06/08/2026 11:51:28,System.Runtime,dotnet.gc.last_collection.memory.committed_size (By),Metric,237707264
06/08/2026 11:51:28,Npgsql,db.client.operation.duration (s)[db.client.connection.pool.name=Host=127.0.0.1;Port=5432;Username=postgres;Database=myapp_load;Maximum Pool Size=500;db.system.name=postgresql;server.address=127.0.0.1;server.port=5432;Percentile=50],Metric,0.1234130859375
06/08/2026 11:51:28,Npgsql,db.client.operation.duration (s)[db.client.connection.pool.name=Host=127.0.0.1;Port=5432;Username=postgres;Database=myapp_load;Maximum Pool Size=500;db.system.name=postgresql;server.address=127.0.0.1;server.port=5432;Percentile=95],Metric,0.4501953125
06/08/2026 11:51:28,Npgsql,db.client.operation.duration (s)[db.client.connection.pool.name=Host=127.0.0.1;Port=5432;Username=postgres;Database=myapp_load;Maximum Pool Size=500;db.system.name=postgresql;server.address=127.0.0.1;server.port=5432;Percentile=99],Metric,0.81640625
06/08/2026 11:51:28,System.Runtime,dotnet.gc.heap.total_allocated (By / 1 sec),Rate,52566392
06/08/2026 11:51:28,System.Runtime,dotnet.thread_pool.thread.count ({thread} / 1 sec),Rate,0
06/08/2026 11:51:28,System.Runtime,dotnet.jit.compiled_methods ({method} / 1 sec),Rate,91
06/08/2026 11:51:28,Npgsql,db.client.operation.npgsql.bytes_written (By / 1 sec)[db.client.connection.pool.name=Host=127.0.0.1;Port=5432;Username=postgres;Database=myapp_load;Maximum Pool Size=500],Rate,301740
06/08/2026 11:51:28,System.Runtime,dotnet.gc.pause.time (s / 1 sec),Rate,0.06884899999999994
06/08/2026 11:51:28,System.Runtime,dotnet.assembly.count ({assembly}),Metric,150
06/08/2026 11:51:28,System.Runtime,dotnet.timer.count ({timer}),Metric,3899
06/08/2026 11:51:28,System.Runtime,dotnet.thread_pool.queue.length ({work_item} / 1 sec),Rate,204
06/08/2026 11:51:29,System.Runtime,dotnet.thread_pool.work_item.count ({work_item} / 1 sec),Rate,8937
06/08/2026 11:51:29,Npgsql,db.client.operation.npgsql.bytes_read (By / 1 sec)[db.client.connection.pool.name=Host=127.0.0.1;Port=5432;Username=postgres;Database=myapp_load;Maximum Pool Size=500],Rate,340699
06/08/2026 11:51:29,System.Runtime,dotnet.process.cpu.time (s / 1 sec)[cpu.mode=system],Rate,0.484375
06/08/2026 11:51:29,System.Runtime,dotnet.process.cpu.time (s / 1 sec)[cpu.mode=user],Rate,0.921875
06/08/2026 11:51:29,System.Runtime,dotnet.jit.compilation.time (s / 1 sec),Rate,0.7063956000000005
06/08/2026 11:51:29,Npgsql,db.client.operation.npgsql.prepared_ratio[db.client.connection.pool.name=Host=127.0.0.1;Port=5432;Username=postgres;Database=myapp_load;Maximum Pool Size=500],Metric,0
06/08/2026 11:51:29,System.Runtime,dotnet.process.memory.working_set (By),Metric,350015488
06/08/2026 11:51:29,System.Runtime,dotnet.exceptions ({exception} / 1 sec)[error.type=HttpRequestException],Rate,11
06/08/2026 11:51:29,System.Runtime,dotnet.exceptions ({exception} / 1 sec)[error.type=SocketException],Rate,2
06/08/2026 11:51:29,Microsoft.AspNetCore.Hosting,http.server.active_requests ({request})[http.request.method=POST;url.scheme=http],Metric,0
06/08/2026 11:51:29,Microsoft.AspNetCore.Hosting,http.server.active_requests ({request})[http.request.method=GET;url.scheme=http],Metric,3976
06/08/2026 11:51:29,System.Runtime,dotnet.jit.compiled_il.size (By / 1 sec),Rate,24156
06/08/2026 11:51:29,System.Runtime,dotnet.monitor.lock_contentions ({contention} / 1 sec),Rate,83
06/08/2026 11:51:29,System.Runtime,dotnet.gc.collections ({collection} / 1 sec)[gc.heap.generation=gen0],Rate,0
06/08/2026 11:51:29,System.Runtime,dotnet.gc.collections ({collection} / 1 sec)[gc.heap.generation=gen1],Rate,0
06/08/2026 11:51:29,System.Runtime,dotnet.gc.collections ({collection} / 1 sec)[gc.heap.generation=gen2],Rate,0
06/08/2026 11:51:29,Npgsql,db.client.connection.npgsql.pending_requests ({request})[db.client.connection.pool.name=Host=127.0.0.1;Port=5432;Username=postgres;Database=myapp_load;Maximum Pool Size=500],Metric,3596
06/08/2026 11:51:29,Microsoft.AspNetCore.Hosting,http.server.request.duration (s)[http.request.method=GET;http.response.status_code=200;http.route=/orders/{id:int};network.protocol.version=1.1;url.scheme=http;Percentile=50],Metric,1.513671875
06/08/2026 11:51:29,Microsoft.AspNetCore.Hosting,http.server.request.duration (s)[http.request.method=GET;http.response.status_code=200;http.route=/orders/{id:int};network.protocol.version=1.1;url.scheme=http;Percentile=95],Metric,1.763671875
06/08/2026 11:51:29,Microsoft.AspNetCore.Hosting,http.server.request.duration (s)[http.request.method=GET;http.response.status_code=200;http.route=/orders/{id:int};network.protocol.version=1.1;url.scheme=http;Percentile=99],Metric,1.876953125
06/08/2026 11:51:29,Npgsql,db.client.operation.npgsql.executing ({command})[db.client.connection.pool.name=Host=127.0.0.1;Port=5432;Username=postgres;Database=myapp_load;Maximum Pool Size=500],Metric,375
06/08/2026 11:51:29,System.Runtime,dotnet.gc.last_collection.heap.size (By)[gc.heap.generation=poh],Metric,9472440
06/08/2026 11:51:29,System.Runtime,dotnet.gc.last_collection.heap.size (By)[gc.heap.generation=loh],Metric,4626696
06/08/2026 11:51:29,System.Runtime,dotnet.gc.last_collection.heap.size (By)[gc.heap.generation=gen0],Metric,1005952
06/08/2026 11:51:29,System.Runtime,dotnet.gc.last_collection.heap.size (By)[gc.heap.generation=gen1],Metric,40316088
06/08/2026 11:51:29,System.Runtime,dotnet.gc.last_collection.heap.size (By)[gc.heap.generation=gen2],Metric,64056632
06/08/2026 11:51:29,Npgsql,db.client.connection.max ({connection})[db.client.connection.pool.name=Host=127.0.0.1;Port=5432;Username=postgres;Database=myapp_load;Maximum Pool Size=500],Metric,500
06/08/2026 11:51:29,System.Runtime,dotnet.process.cpu.count ({cpu}),Metric,20
06/08/2026 11:51:29,Npgsql,db.client.connection.count ({connection})[db.client.connection.pool.name=Host=127.0.0.1;Port=5432;Username=postgres;Database=myapp_load;Maximum Pool Size=500;db.client.connection.state=used],Metric,379
06/08/2026 11:51:29,Npgsql,db.client.connection.count ({connection})[db.client.connection.pool.name=Host=127.0.0.1;Port=5432;Username=postgres;Database=myapp_load;Maximum Pool Size=500;db.client.connection.state=idle],Metric,121
06/08/2026 11:51:29,System.Runtime,dotnet.gc.last_collection.heap.fragmentation.size (By)[gc.heap.generation=poh],Metric,0
06/08/2026 11:51:29,System.Runtime,dotnet.gc.last_collection.heap.fragmentation.size (By)[gc.heap.generation=loh],Metric,768
06/08/2026 11:51:29,System.Runtime,dotnet.gc.last_collection.heap.fragmentation.size (By)[gc.heap.generation=gen0],Metric,997608
06/08/2026 11:51:29,System.Runtime,dotnet.gc.last_collection.heap.fragmentation.size (By)[gc.heap.generation=gen1],Metric,521976
06/08/2026 11:51:29,System.Runtime,dotnet.gc.last_collection.heap.fragmentation.size (By)[gc.heap.generation=gen2],Metric,7936672
06/08/2026 11:51:29,System.Runtime,dotnet.gc.last_collection.memory.committed_size (By),Metric,237707264
06/08/2026 11:51:29,Npgsql,db.client.operation.duration (s)[db.client.connection.pool.name=Host=127.0.0.1;Port=5432;Username=postgres;Database=myapp_load;Maximum Pool Size=500;db.system.name=postgresql;server.address=127.0.0.1;server.port=5432;Percentile=50],Metric,0.186767578125
06/08/2026 11:51:29,Npgsql,db.client.operation.duration (s)[db.client.connection.pool.name=Host=127.0.0.1;Port=5432;Username=postgres;Database=myapp_load;Maximum Pool Size=500;db.system.name=postgresql;server.address=127.0.0.1;server.port=5432;Percentile=95],Metric,0.521484375
06/08/2026 11:51:29,Npgsql,db.client.operation.duration (s)[db.client.connection.pool.name=Host=127.0.0.1;Port=5432;Username=postgres;Database=myapp_load;Maximum Pool Size=500;db.system.name=postgresql;server.address=127.0.0.1;server.port=5432;Percentile=99],Metric,0.7822265625
06/08/2026 11:51:29,System.Runtime,dotnet.gc.heap.total_allocated (By / 1 sec),Rate,38875832
06/08/2026 11:51:29,System.Runtime,dotnet.thread_pool.thread.count ({thread} / 1 sec),Rate,0
06/08/2026 11:51:29,System.Runtime,dotnet.jit.compiled_methods ({method} / 1 sec),Rate,204
06/08/2026 11:51:29,Npgsql,db.client.operation.npgsql.bytes_written (By / 1 sec)[db.client.connection.pool.name=Host=127.0.0.1;Port=5432;Username=postgres;Database=myapp_load;Maximum Pool Size=500],Rate,276642
06/08/2026 11:51:29,System.Runtime,dotnet.gc.pause.time (s / 1 sec),Rate,0
06/08/2026 11:51:29,System.Runtime,dotnet.assembly.count ({assembly}),Metric,150
06/08/2026 11:51:29,System.Runtime,dotnet.timer.count ({timer}),Metric,3980
06/08/2026 11:51:29,System.Runtime,dotnet.thread_pool.queue.length ({work_item} / 1 sec),Rate,-68
06/08/2026 11:51:30,System.Runtime,dotnet.thread_pool.work_item.count ({work_item} / 1 sec),Rate,11827
06/08/2026 11:51:30,Npgsql,db.client.operation.npgsql.bytes_read (By / 1 sec)[db.client.connection.pool.name=Host=127.0.0.1;Port=5432;Username=postgres;Database=myapp_load;Maximum Pool Size=500],Rate,439883
06/08/2026 11:51:30,System.Runtime,dotnet.process.cpu.time (s / 1 sec)[cpu.mode=system],Rate,0.71875
06/08/2026 11:51:30,System.Runtime,dotnet.process.cpu.time (s / 1 sec)[cpu.mode=user],Rate,1.25
06/08/2026 11:51:30,System.Runtime,dotnet.jit.compilation.time (s / 1 sec),Rate,0.8241988000000013
06/08/2026 11:51:30,Npgsql,db.client.operation.npgsql.prepared_ratio[db.client.connection.pool.name=Host=127.0.0.1;Port=5432;Username=postgres;Database=myapp_load;Maximum Pool Size=500],Metric,0
06/08/2026 11:51:30,System.Runtime,dotnet.process.memory.working_set (By),Metric,350130176
06/08/2026 11:51:30,System.Runtime,dotnet.exceptions ({exception} / 1 sec)[error.type=HttpRequestException],Rate,0
06/08/2026 11:51:30,System.Runtime,dotnet.exceptions ({exception} / 1 sec)[error.type=SocketException],Rate,0
06/08/2026 11:51:30,Microsoft.AspNetCore.Hosting,http.server.active_requests ({request})[http.request.method=POST;url.scheme=http],Metric,0
06/08/2026 11:51:30,Microsoft.AspNetCore.Hosting,http.server.active_requests ({request})[http.request.method=GET;url.scheme=http],Metric,3885
06/08/2026 11:51:30,System.Runtime,dotnet.jit.compiled_il.size (By / 1 sec),Rate,22319
06/08/2026 11:51:30,System.Runtime,dotnet.monitor.lock_contentions ({contention} / 1 sec),Rate,62
06/08/2026 11:51:30,System.Runtime,dotnet.gc.collections ({collection} / 1 sec)[gc.heap.generation=gen0],Rate,0
06/08/2026 11:51:30,System.Runtime,dotnet.gc.collections ({collection} / 1 sec)[gc.heap.generation=gen1],Rate,0
06/08/2026 11:51:30,System.Runtime,dotnet.gc.collections ({collection} / 1 sec)[gc.heap.generation=gen2],Rate,0
06/08/2026 11:51:30,Npgsql,db.client.connection.npgsql.pending_requests ({request})[db.client.connection.pool.name=Host=127.0.0.1;Port=5432;Username=postgres;Database=myapp_load;Maximum Pool Size=500],Metric,3385
06/08/2026 11:51:30,Microsoft.AspNetCore.Hosting,http.server.request.duration (s)[http.request.method=GET;http.response.status_code=200;http.route=/orders/{id:int};network.protocol.version=1.1;url.scheme=http;Percentile=50],Metric,1.576171875
06/08/2026 11:51:30,Microsoft.AspNetCore.Hosting,http.server.request.duration (s)[http.request.method=GET;http.response.status_code=200;http.route=/orders/{id:int};network.protocol.version=1.1;url.scheme=http;Percentile=95],Metric,1.87109375
06/08/2026 11:51:30,Microsoft.AspNetCore.Hosting,http.server.request.duration (s)[http.request.method=GET;http.response.status_code=200;http.route=/orders/{id:int};network.protocol.version=1.1;url.scheme=http;Percentile=99],Metric,2.26953125
06/08/2026 11:51:30,Npgsql,db.client.operation.npgsql.executing ({command})[db.client.connection.pool.name=Host=127.0.0.1;Port=5432;Username=postgres;Database=myapp_load;Maximum Pool Size=500],Metric,500
06/08/2026 11:51:30,System.Runtime,dotnet.gc.last_collection.heap.size (By)[gc.heap.generation=poh],Metric,9472440
06/08/2026 11:51:30,System.Runtime,dotnet.gc.last_collection.heap.size (By)[gc.heap.generation=loh],Metric,4626696
06/08/2026 11:51:30,System.Runtime,dotnet.gc.last_collection.heap.size (By)[gc.heap.generation=gen0],Metric,1005952
06/08/2026 11:51:30,System.Runtime,dotnet.gc.last_collection.heap.size (By)[gc.heap.generation=gen1],Metric,40316088
06/08/2026 11:51:30,System.Runtime,dotnet.gc.last_collection.heap.size (By)[gc.heap.generation=gen2],Metric,64056632
06/08/2026 11:51:30,Npgsql,db.client.connection.max ({connection})[db.client.connection.pool.name=Host=127.0.0.1;Port=5432;Username=postgres;Database=myapp_load;Maximum Pool Size=500],Metric,500
06/08/2026 11:51:30,System.Runtime,dotnet.process.cpu.count ({cpu}),Metric,20
06/08/2026 11:51:30,Npgsql,db.client.connection.count ({connection})[db.client.connection.pool.name=Host=127.0.0.1;Port=5432;Username=postgres;Database=myapp_load;Maximum Pool Size=500;db.client.connection.state=used],Metric,500
06/08/2026 11:51:30,Npgsql,db.client.connection.count ({connection})[db.client.connection.pool.name=Host=127.0.0.1;Port=5432;Username=postgres;Database=myapp_load;Maximum Pool Size=500;db.client.connection.state=idle],Metric,0
06/08/2026 11:51:30,System.Runtime,dotnet.gc.last_collection.heap.fragmentation.size (By)[gc.heap.generation=poh],Metric,0
06/08/2026 11:51:30,System.Runtime,dotnet.gc.last_collection.heap.fragmentation.size (By)[gc.heap.generation=loh],Metric,768
06/08/2026 11:51:30,System.Runtime,dotnet.gc.last_collection.heap.fragmentation.size (By)[gc.heap.generation=gen0],Metric,997608
06/08/2026 11:51:30,System.Runtime,dotnet.gc.last_collection.heap.fragmentation.size (By)[gc.heap.generation=gen1],Metric,521976
06/08/2026 11:51:30,System.Runtime,dotnet.gc.last_collection.heap.fragmentation.size (By)[gc.heap.generation=gen2],Metric,7936672
06/08/2026 11:51:30,System.Runtime,dotnet.gc.last_collection.memory.committed_size (By),Metric,237707264
06/08/2026 11:51:30,Npgsql,db.client.operation.duration (s)[db.client.connection.pool.name=Host=127.0.0.1;Port=5432;Username=postgres;Database=myapp_load;Maximum Pool Size=500;db.system.name=postgresql;server.address=127.0.0.1;server.port=5432;Percentile=50],Metric,0.1416015625
06/08/2026 11:51:30,Npgsql,db.client.operation.duration (s)[db.client.connection.pool.name=Host=127.0.0.1;Port=5432;Username=postgres;Database=myapp_load;Maximum Pool Size=500;db.system.name=postgresql;server.address=127.0.0.1;server.port=5432;Percentile=95],Metric,0.3583984375
06/08/2026 11:51:30,Npgsql,db.client.operation.duration (s)[db.client.connection.pool.name=Host=127.0.0.1;Port=5432;Username=postgres;Database=myapp_load;Maximum Pool Size=500;db.system.name=postgresql;server.address=127.0.0.1;server.port=5432;Percentile=99],Metric,0.7880859375
06/08/2026 11:51:30,System.Runtime,dotnet.gc.heap.total_allocated (By / 1 sec),Rate,47632400
06/08/2026 11:51:30,System.Runtime,dotnet.thread_pool.thread.count ({thread} / 1 sec),Rate,0
06/08/2026 11:51:30,System.Runtime,dotnet.jit.compiled_methods ({method} / 1 sec),Rate,315
06/08/2026 11:51:30,Npgsql,db.client.operation.npgsql.bytes_written (By / 1 sec)[db.client.connection.pool.name=Host=127.0.0.1;Port=5432;Username=postgres;Database=myapp_load;Maximum Pool Size=500],Rate,388314
06/08/2026 11:51:30,System.Runtime,dotnet.gc.pause.time (s / 1 sec),Rate,0
06/08/2026 11:51:30,System.Runtime,dotnet.assembly.count ({assembly}),Metric,150
06/08/2026 11:51:30,System.Runtime,dotnet.timer.count ({timer}),Metric,3891
06/08/2026 11:51:30,System.Runtime,dotnet.thread_pool.queue.length ({work_item} / 1 sec),Rate,-136
06/08/2026 11:51:31,System.Runtime,dotnet.thread_pool.work_item.count ({work_item} / 1 sec),Rate,9922
06/08/2026 11:51:31,Npgsql,db.client.operation.npgsql.bytes_read (By / 1 sec)[db.client.connection.pool.name=Host=127.0.0.1;Port=5432;Username=postgres;Database=myapp_load;Maximum Pool Size=500],Rate,364883
06/08/2026 11:51:31,System.Runtime,dotnet.process.cpu.time (s / 1 sec)[cpu.mode=system],Rate,0.65625
06/08/2026 11:51:31,System.Runtime,dotnet.process.cpu.time (s / 1 sec)[cpu.mode=user],Rate,1.53125
06/08/2026 11:51:31,System.Runtime,dotnet.jit.compilation.time (s / 1 sec),Rate,0.6539211999999992
06/08/2026 11:51:31,Npgsql,db.client.operation.npgsql.prepared_ratio[db.client.connection.pool.name=Host=127.0.0.1;Port=5432;Username=postgres;Database=myapp_load;Maximum Pool Size=500],Metric,0
06/08/2026 11:51:31,System.Runtime,dotnet.process.memory.working_set (By),Metric,347492352
06/08/2026 11:51:31,System.Runtime,dotnet.exceptions ({exception} / 1 sec)[error.type=HttpRequestException],Rate,12
06/08/2026 11:51:31,System.Runtime,dotnet.exceptions ({exception} / 1 sec)[error.type=SocketException],Rate,2
06/08/2026 11:51:31,Microsoft.AspNetCore.Hosting,http.server.active_requests ({request})[http.request.method=POST;url.scheme=http],Metric,0
06/08/2026 11:51:31,Microsoft.AspNetCore.Hosting,http.server.active_requests ({request})[http.request.method=GET;url.scheme=http],Metric,3951
06/08/2026 11:51:31,System.Runtime,dotnet.jit.compiled_il.size (By / 1 sec),Rate,27972
06/08/2026 11:51:31,System.Runtime,dotnet.monitor.lock_contentions ({contention} / 1 sec),Rate,41
06/08/2026 11:51:31,System.Runtime,dotnet.gc.collections ({collection} / 1 sec)[gc.heap.generation=gen0],Rate,0
06/08/2026 11:51:31,System.Runtime,dotnet.gc.collections ({collection} / 1 sec)[gc.heap.generation=gen1],Rate,1
06/08/2026 11:51:31,System.Runtime,dotnet.gc.collections ({collection} / 1 sec)[gc.heap.generation=gen2],Rate,0
06/08/2026 11:51:31,Npgsql,db.client.connection.npgsql.pending_requests ({request})[db.client.connection.pool.name=Host=127.0.0.1;Port=5432;Username=postgres;Database=myapp_load;Maximum Pool Size=500],Metric,3513
06/08/2026 11:51:31,Microsoft.AspNetCore.Hosting,http.server.request.duration (s)[http.request.method=GET;http.response.status_code=200;http.route=/orders/{id:int};network.protocol.version=1.1;url.scheme=http;Percentile=50],Metric,1.48828125
06/08/2026 11:51:31,Microsoft.AspNetCore.Hosting,http.server.request.duration (s)[http.request.method=GET;http.response.status_code=200;http.route=/orders/{id:int};network.protocol.version=1.1;url.scheme=http;Percentile=95],Metric,1.771484375
06/08/2026 11:51:31,Microsoft.AspNetCore.Hosting,http.server.request.duration (s)[http.request.method=GET;http.response.status_code=200;http.route=/orders/{id:int};network.protocol.version=1.1;url.scheme=http;Percentile=99],Metric,2.046875
06/08/2026 11:51:31,Npgsql,db.client.operation.npgsql.executing ({command})[db.client.connection.pool.name=Host=127.0.0.1;Port=5432;Username=postgres;Database=myapp_load;Maximum Pool Size=500],Metric,437
06/08/2026 11:51:31,System.Runtime,dotnet.gc.last_collection.heap.size (By)[gc.heap.generation=poh],Metric,9472440
06/08/2026 11:51:31,System.Runtime,dotnet.gc.last_collection.heap.size (By)[gc.heap.generation=loh],Metric,4626696
06/08/2026 11:51:31,System.Runtime,dotnet.gc.last_collection.heap.size (By)[gc.heap.generation=gen0],Metric,332280
06/08/2026 11:51:31,System.Runtime,dotnet.gc.last_collection.heap.size (By)[gc.heap.generation=gen1],Metric,41531448
06/08/2026 11:51:31,System.Runtime,dotnet.gc.last_collection.heap.size (By)[gc.heap.generation=gen2],Metric,64056632
06/08/2026 11:51:31,Npgsql,db.client.connection.max ({connection})[db.client.connection.pool.name=Host=127.0.0.1;Port=5432;Username=postgres;Database=myapp_load;Maximum Pool Size=500],Metric,500
06/08/2026 11:51:31,System.Runtime,dotnet.process.cpu.count ({cpu}),Metric,20
06/08/2026 11:51:31,Npgsql,db.client.connection.count ({connection})[db.client.connection.pool.name=Host=127.0.0.1;Port=5432;Username=postgres;Database=myapp_load;Maximum Pool Size=500;db.client.connection.state=used],Metric,437
06/08/2026 11:51:31,Npgsql,db.client.connection.count ({connection})[db.client.connection.pool.name=Host=127.0.0.1;Port=5432;Username=postgres;Database=myapp_load;Maximum Pool Size=500;db.client.connection.state=idle],Metric,63
06/08/2026 11:51:31,System.Runtime,dotnet.gc.last_collection.heap.fragmentation.size (By)[gc.heap.generation=poh],Metric,0
06/08/2026 11:51:31,System.Runtime,dotnet.gc.last_collection.heap.fragmentation.size (By)[gc.heap.generation=loh],Metric,768
06/08/2026 11:51:31,System.Runtime,dotnet.gc.last_collection.heap.fragmentation.size (By)[gc.heap.generation=gen0],Metric,324064
06/08/2026 11:51:31,System.Runtime,dotnet.gc.last_collection.heap.fragmentation.size (By)[gc.heap.generation=gen1],Metric,537256
06/08/2026 11:51:31,System.Runtime,dotnet.gc.last_collection.heap.fragmentation.size (By)[gc.heap.generation=gen2],Metric,7635968
06/08/2026 11:51:31,System.Runtime,dotnet.gc.last_collection.memory.committed_size (By),Metric,238383104
06/08/2026 11:51:31,Npgsql,db.client.operation.duration (s)[db.client.connection.pool.name=Host=127.0.0.1;Port=5432;Username=postgres;Database=myapp_load;Maximum Pool Size=500;db.system.name=postgresql;server.address=127.0.0.1;server.port=5432;Percentile=50],Metric,0.1455078125
06/08/2026 11:51:31,Npgsql,db.client.operation.duration (s)[db.client.connection.pool.name=Host=127.0.0.1;Port=5432;Username=postgres;Database=myapp_load;Maximum Pool Size=500;db.system.name=postgresql;server.address=127.0.0.1;server.port=5432;Percentile=95],Metric,0.478515625
06/08/2026 11:51:31,Npgsql,db.client.operation.duration (s)[db.client.connection.pool.name=Host=127.0.0.1;Port=5432;Username=postgres;Database=myapp_load;Maximum Pool Size=500;db.system.name=postgresql;server.address=127.0.0.1;server.port=5432;Percentile=99],Metric,0.892578125
06/08/2026 11:51:31,System.Runtime,dotnet.gc.heap.total_allocated (By / 1 sec),Rate,41175896
06/08/2026 11:51:31,System.Runtime,dotnet.thread_pool.thread.count ({thread} / 1 sec),Rate,0
06/08/2026 11:51:31,System.Runtime,dotnet.jit.compiled_methods ({method} / 1 sec),Rate,354
06/08/2026 11:51:31,Npgsql,db.client.operation.npgsql.bytes_written (By / 1 sec)[db.client.connection.pool.name=Host=127.0.0.1;Port=5432;Username=postgres;Database=myapp_load;Maximum Pool Size=500],Rate,298779
06/08/2026 11:51:31,System.Runtime,dotnet.gc.pause.time (s / 1 sec),Rate,0.06796699999999989
06/08/2026 11:51:31,System.Runtime,dotnet.assembly.count ({assembly}),Metric,150
06/08/2026 11:51:31,System.Runtime,dotnet.timer.count ({timer}),Metric,3955
06/08/2026 11:51:31,System.Runtime,dotnet.thread_pool.queue.length ({work_item} / 1 sec),Rate,156
06/08/2026 11:51:32,System.Runtime,dotnet.thread_pool.work_item.count ({work_item} / 1 sec),Rate,10626
06/08/2026 11:51:32,Npgsql,db.client.operation.npgsql.bytes_read (By / 1 sec)[db.client.connection.pool.name=Host=127.0.0.1;Port=5432;Username=postgres;Database=myapp_load;Maximum Pool Size=500],Rate,406937
06/08/2026 11:51:32,System.Runtime,dotnet.process.cpu.time (s / 1 sec)[cpu.mode=system],Rate,0.984375
06/08/2026 11:51:32,System.Runtime,dotnet.process.cpu.time (s / 1 sec)[cpu.mode=user],Rate,1.203125
06/08/2026 11:51:32,System.Runtime,dotnet.jit.compilation.time (s / 1 sec),Rate,0.6416973000000006
06/08/2026 11:51:32,Npgsql,db.client.operation.npgsql.prepared_ratio[db.client.connection.pool.name=Host=127.0.0.1;Port=5432;Username=postgres;Database=myapp_load;Maximum Pool Size=500],Metric,0
06/08/2026 11:51:32,System.Runtime,dotnet.process.memory.working_set (By),Metric,348053504
06/08/2026 11:51:32,System.Runtime,dotnet.exceptions ({exception} / 1 sec)[error.type=HttpRequestException],Rate,0
06/08/2026 11:51:32,System.Runtime,dotnet.exceptions ({exception} / 1 sec)[error.type=SocketException],Rate,0
06/08/2026 11:51:32,Microsoft.AspNetCore.Hosting,http.server.active_requests ({request})[http.request.method=POST;url.scheme=http],Metric,0
06/08/2026 11:51:32,Microsoft.AspNetCore.Hosting,http.server.active_requests ({request})[http.request.method=GET;url.scheme=http],Metric,3506
06/08/2026 11:51:32,System.Runtime,dotnet.jit.compiled_il.size (By / 1 sec),Rate,20802
06/08/2026 11:51:32,System.Runtime,dotnet.monitor.lock_contentions ({contention} / 1 sec),Rate,27
06/08/2026 11:51:32,System.Runtime,dotnet.gc.collections ({collection} / 1 sec)[gc.heap.generation=gen0],Rate,0
06/08/2026 11:51:32,System.Runtime,dotnet.gc.collections ({collection} / 1 sec)[gc.heap.generation=gen1],Rate,0
06/08/2026 11:51:32,System.Runtime,dotnet.gc.collections ({collection} / 1 sec)[gc.heap.generation=gen2],Rate,0
06/08/2026 11:51:32,Npgsql,db.client.connection.npgsql.pending_requests ({request})[db.client.connection.pool.name=Host=127.0.0.1;Port=5432;Username=postgres;Database=myapp_load;Maximum Pool Size=500],Metric,3013
06/08/2026 11:51:32,Microsoft.AspNetCore.Hosting,http.server.request.duration (s)[http.request.method=GET;http.response.status_code=200;http.route=/orders/{id:int};network.protocol.version=1.1;url.scheme=http;Percentile=50],Metric,1.69921875
06/08/2026 11:51:32,Microsoft.AspNetCore.Hosting,http.server.request.duration (s)[http.request.method=GET;http.response.status_code=200;http.route=/orders/{id:int};network.protocol.version=1.1;url.scheme=http;Percentile=95],Metric,1.96484375
06/08/2026 11:51:32,Microsoft.AspNetCore.Hosting,http.server.request.duration (s)[http.request.method=GET;http.response.status_code=200;http.route=/orders/{id:int};network.protocol.version=1.1;url.scheme=http;Percentile=99],Metric,2.765625
06/08/2026 11:51:32,Npgsql,db.client.operation.npgsql.executing ({command})[db.client.connection.pool.name=Host=127.0.0.1;Port=5432;Username=postgres;Database=myapp_load;Maximum Pool Size=500],Metric,492
06/08/2026 11:51:32,System.Runtime,dotnet.gc.last_collection.heap.size (By)[gc.heap.generation=poh],Metric,9472440
06/08/2026 11:51:32,System.Runtime,dotnet.gc.last_collection.heap.size (By)[gc.heap.generation=loh],Metric,4626696
06/08/2026 11:51:32,System.Runtime,dotnet.gc.last_collection.heap.size (By)[gc.heap.generation=gen0],Metric,332280
06/08/2026 11:51:32,System.Runtime,dotnet.gc.last_collection.heap.size (By)[gc.heap.generation=gen1],Metric,41531448
06/08/2026 11:51:32,System.Runtime,dotnet.gc.last_collection.heap.size (By)[gc.heap.generation=gen2],Metric,64056632
06/08/2026 11:51:32,Npgsql,db.client.connection.max ({connection})[db.client.connection.pool.name=Host=127.0.0.1;Port=5432;Username=postgres;Database=myapp_load;Maximum Pool Size=500],Metric,500
06/08/2026 11:51:32,System.Runtime,dotnet.process.cpu.count ({cpu}),Metric,20
06/08/2026 11:51:32,Npgsql,db.client.connection.count ({connection})[db.client.connection.pool.name=Host=127.0.0.1;Port=5432;Username=postgres;Database=myapp_load;Maximum Pool Size=500;db.client.connection.state=used],Metric,495
06/08/2026 11:51:32,Npgsql,db.client.connection.count ({connection})[db.client.connection.pool.name=Host=127.0.0.1;Port=5432;Username=postgres;Database=myapp_load;Maximum Pool Size=500;db.client.connection.state=idle],Metric,5
06/08/2026 11:51:32,System.Runtime,dotnet.gc.last_collection.heap.fragmentation.size (By)[gc.heap.generation=poh],Metric,0
06/08/2026 11:51:32,System.Runtime,dotnet.gc.last_collection.heap.fragmentation.size (By)[gc.heap.generation=loh],Metric,768
06/08/2026 11:51:32,System.Runtime,dotnet.gc.last_collection.heap.fragmentation.size (By)[gc.heap.generation=gen0],Metric,324064
06/08/2026 11:51:32,System.Runtime,dotnet.gc.last_collection.heap.fragmentation.size (By)[gc.heap.generation=gen1],Metric,537256
06/08/2026 11:51:32,System.Runtime,dotnet.gc.last_collection.heap.fragmentation.size (By)[gc.heap.generation=gen2],Metric,7635968
06/08/2026 11:51:32,System.Runtime,dotnet.gc.last_collection.memory.committed_size (By),Metric,238383104
06/08/2026 11:51:32,Npgsql,db.client.operation.duration (s)[db.client.connection.pool.name=Host=127.0.0.1;Port=5432;Username=postgres;Database=myapp_load;Maximum Pool Size=500;db.system.name=postgresql;server.address=127.0.0.1;server.port=5432;Percentile=50],Metric,0.11767578125
06/08/2026 11:51:32,Npgsql,db.client.operation.duration (s)[db.client.connection.pool.name=Host=127.0.0.1;Port=5432;Username=postgres;Database=myapp_load;Maximum Pool Size=500;db.system.name=postgresql;server.address=127.0.0.1;server.port=5432;Percentile=95],Metric,0.5107421875
06/08/2026 11:51:32,Npgsql,db.client.operation.duration (s)[db.client.connection.pool.name=Host=127.0.0.1;Port=5432;Username=postgres;Database=myapp_load;Maximum Pool Size=500;db.system.name=postgresql;server.address=127.0.0.1;server.port=5432;Percentile=99],Metric,1.4375
06/08/2026 11:51:32,System.Runtime,dotnet.gc.heap.total_allocated (By / 1 sec),Rate,38422520
06/08/2026 11:51:32,System.Runtime,dotnet.thread_pool.thread.count ({thread} / 1 sec),Rate,0
06/08/2026 11:51:32,System.Runtime,dotnet.jit.compiled_methods ({method} / 1 sec),Rate,275
06/08/2026 11:51:32,Npgsql,db.client.operation.npgsql.bytes_written (By / 1 sec)[db.client.connection.pool.name=Host=127.0.0.1;Port=5432;Username=postgres;Database=myapp_load;Maximum Pool Size=500],Rate,350526
06/08/2026 11:51:32,System.Runtime,dotnet.gc.pause.time (s / 1 sec),Rate,0
06/08/2026 11:51:32,System.Runtime,dotnet.assembly.count ({assembly}),Metric,150
06/08/2026 11:51:32,System.Runtime,dotnet.timer.count ({timer}),Metric,3512
06/08/2026 11:51:32,System.Runtime,dotnet.thread_pool.queue.length ({work_item} / 1 sec),Rate,-144
06/08/2026 11:51:33,System.Runtime,dotnet.thread_pool.work_item.count ({work_item} / 1 sec),Rate,10314
06/08/2026 11:51:33,Npgsql,db.client.operation.npgsql.bytes_read (By / 1 sec)[db.client.connection.pool.name=Host=127.0.0.1;Port=5432;Username=postgres;Database=myapp_load;Maximum Pool Size=500],Rate,379149
06/08/2026 11:51:33,System.Runtime,dotnet.process.cpu.time (s / 1 sec)[cpu.mode=system],Rate,0.734375
06/08/2026 11:51:33,System.Runtime,dotnet.process.cpu.time (s / 1 sec)[cpu.mode=user],Rate,1.15625
06/08/2026 11:51:33,System.Runtime,dotnet.jit.compilation.time (s / 1 sec),Rate,0.7161015999999982
06/08/2026 11:51:33,Npgsql,db.client.operation.npgsql.prepared_ratio[db.client.connection.pool.name=Host=127.0.0.1;Port=5432;Username=postgres;Database=myapp_load;Maximum Pool Size=500],Metric,0
06/08/2026 11:51:33,System.Runtime,dotnet.process.memory.working_set (By),Metric,348000256
06/08/2026 11:51:33,System.Runtime,dotnet.exceptions ({exception} / 1 sec)[error.type=HttpRequestException],Rate,11
06/08/2026 11:51:33,System.Runtime,dotnet.exceptions ({exception} / 1 sec)[error.type=SocketException],Rate,2
06/08/2026 11:51:33,Microsoft.AspNetCore.Hosting,http.server.active_requests ({request})[http.request.method=POST;url.scheme=http],Metric,0
06/08/2026 11:51:33,Microsoft.AspNetCore.Hosting,http.server.active_requests ({request})[http.request.method=GET;url.scheme=http],Metric,3492
06/08/2026 11:51:33,System.Runtime,dotnet.jit.compiled_il.size (By / 1 sec),Rate,11914
06/08/2026 11:51:33,System.Runtime,dotnet.monitor.lock_contentions ({contention} / 1 sec),Rate,6
06/08/2026 11:51:33,System.Runtime,dotnet.gc.collections ({collection} / 1 sec)[gc.heap.generation=gen0],Rate,0
06/08/2026 11:51:33,System.Runtime,dotnet.gc.collections ({collection} / 1 sec)[gc.heap.generation=gen1],Rate,0
06/08/2026 11:51:33,System.Runtime,dotnet.gc.collections ({collection} / 1 sec)[gc.heap.generation=gen2],Rate,0
06/08/2026 11:51:33,Npgsql,db.client.connection.npgsql.pending_requests ({request})[db.client.connection.pool.name=Host=127.0.0.1;Port=5432;Username=postgres;Database=myapp_load;Maximum Pool Size=500],Metric,3160
06/08/2026 11:51:33,Microsoft.AspNetCore.Hosting,http.server.request.duration (s)[http.request.method=GET;http.response.status_code=200;http.route=/orders/{id:int};network.protocol.version=1.1;url.scheme=http;Percentile=50],Metric,1.6484375
06/08/2026 11:51:33,Microsoft.AspNetCore.Hosting,http.server.request.duration (s)[http.request.method=GET;http.response.status_code=200;http.route=/orders/{id:int};network.protocol.version=1.1;url.scheme=http;Percentile=95],Metric,2.2265625
06/08/2026 11:51:33,Microsoft.AspNetCore.Hosting,http.server.request.duration (s)[http.request.method=GET;http.response.status_code=200;http.route=/orders/{id:int};network.protocol.version=1.1;url.scheme=http;Percentile=99],Metric,3.40625
06/08/2026 11:51:33,Npgsql,db.client.operation.npgsql.executing ({command})[db.client.connection.pool.name=Host=127.0.0.1;Port=5432;Username=postgres;Database=myapp_load;Maximum Pool Size=500],Metric,327
06/08/2026 11:51:33,System.Runtime,dotnet.gc.last_collection.heap.size (By)[gc.heap.generation=poh],Metric,9472440
06/08/2026 11:51:33,System.Runtime,dotnet.gc.last_collection.heap.size (By)[gc.heap.generation=loh],Metric,4626696
06/08/2026 11:51:33,System.Runtime,dotnet.gc.last_collection.heap.size (By)[gc.heap.generation=gen0],Metric,332280
06/08/2026 11:51:33,System.Runtime,dotnet.gc.last_collection.heap.size (By)[gc.heap.generation=gen1],Metric,41531448
06/08/2026 11:51:33,System.Runtime,dotnet.gc.last_collection.heap.size (By)[gc.heap.generation=gen2],Metric,64056632
06/08/2026 11:51:33,Npgsql,db.client.connection.max ({connection})[db.client.connection.pool.name=Host=127.0.0.1;Port=5432;Username=postgres;Database=myapp_load;Maximum Pool Size=500],Metric,500
06/08/2026 11:51:33,System.Runtime,dotnet.process.cpu.count ({cpu}),Metric,20
06/08/2026 11:51:33,Npgsql,db.client.connection.count ({connection})[db.client.connection.pool.name=Host=127.0.0.1;Port=5432;Username=postgres;Database=myapp_load;Maximum Pool Size=500;db.client.connection.state=used],Metric,319
06/08/2026 11:51:33,Npgsql,db.client.connection.count ({connection})[db.client.connection.pool.name=Host=127.0.0.1;Port=5432;Username=postgres;Database=myapp_load;Maximum Pool Size=500;db.client.connection.state=idle],Metric,181
06/08/2026 11:51:33,System.Runtime,dotnet.gc.last_collection.heap.fragmentation.size (By)[gc.heap.generation=poh],Metric,0
06/08/2026 11:51:33,System.Runtime,dotnet.gc.last_collection.heap.fragmentation.size (By)[gc.heap.generation=loh],Metric,768
06/08/2026 11:51:33,System.Runtime,dotnet.gc.last_collection.heap.fragmentation.size (By)[gc.heap.generation=gen0],Metric,324064
06/08/2026 11:51:33,System.Runtime,dotnet.gc.last_collection.heap.fragmentation.size (By)[gc.heap.generation=gen1],Metric,537256
06/08/2026 11:51:33,System.Runtime,dotnet.gc.last_collection.heap.fragmentation.size (By)[gc.heap.generation=gen2],Metric,7635968
06/08/2026 11:51:33,System.Runtime,dotnet.gc.last_collection.memory.committed_size (By),Metric,238383104
06/08/2026 11:51:33,Npgsql,db.client.operation.duration (s)[db.client.connection.pool.name=Host=127.0.0.1;Port=5432;Username=postgres;Database=myapp_load;Maximum Pool Size=500;db.system.name=postgresql;server.address=127.0.0.1;server.port=5432;Percentile=50],Metric,0.1416015625
06/08/2026 11:51:33,Npgsql,db.client.operation.duration (s)[db.client.connection.pool.name=Host=127.0.0.1;Port=5432;Username=postgres;Database=myapp_load;Maximum Pool Size=500;db.system.name=postgresql;server.address=127.0.0.1;server.port=5432;Percentile=95],Metric,0.6005859375
06/08/2026 11:51:33,Npgsql,db.client.operation.duration (s)[db.client.connection.pool.name=Host=127.0.0.1;Port=5432;Username=postgres;Database=myapp_load;Maximum Pool Size=500;db.system.name=postgresql;server.address=127.0.0.1;server.port=5432;Percentile=99],Metric,2.078125
06/08/2026 11:51:33,System.Runtime,dotnet.gc.heap.total_allocated (By / 1 sec),Rate,41269832
06/08/2026 11:51:33,System.Runtime,dotnet.thread_pool.thread.count ({thread} / 1 sec),Rate,0
06/08/2026 11:51:33,System.Runtime,dotnet.jit.compiled_methods ({method} / 1 sec),Rate,239
06/08/2026 11:51:33,Npgsql,db.client.operation.npgsql.bytes_written (By / 1 sec)[db.client.connection.pool.name=Host=127.0.0.1;Port=5432;Username=postgres;Database=myapp_load;Maximum Pool Size=500],Rate,297510
06/08/2026 11:51:33,System.Runtime,dotnet.gc.pause.time (s / 1 sec),Rate,0
06/08/2026 11:51:33,System.Runtime,dotnet.assembly.count ({assembly}),Metric,150
06/08/2026 11:51:33,System.Runtime,dotnet.timer.count ({timer}),Metric,3479
06/08/2026 11:51:33,System.Runtime,dotnet.thread_pool.queue.length ({work_item} / 1 sec),Rate,666
06/08/2026 11:51:34,System.Runtime,dotnet.thread_pool.work_item.count ({work_item} / 1 sec),Rate,8813
06/08/2026 11:51:34,Npgsql,db.client.operation.npgsql.bytes_read (By / 1 sec)[db.client.connection.pool.name=Host=127.0.0.1;Port=5432;Username=postgres;Database=myapp_load;Maximum Pool Size=500],Rate,327152
06/08/2026 11:51:34,System.Runtime,dotnet.process.cpu.time (s / 1 sec)[cpu.mode=system],Rate,0.625
06/08/2026 11:51:34,System.Runtime,dotnet.process.cpu.time (s / 1 sec)[cpu.mode=user],Rate,1.21875
06/08/2026 11:51:34,System.Runtime,dotnet.jit.compilation.time (s / 1 sec),Rate,0.8414887999999969
06/08/2026 11:51:34,Npgsql,db.client.operation.npgsql.prepared_ratio[db.client.connection.pool.name=Host=127.0.0.1;Port=5432;Username=postgres;Database=myapp_load;Maximum Pool Size=500],Metric,0
06/08/2026 11:51:34,System.Runtime,dotnet.process.memory.working_set (By),Metric,350728192
06/08/2026 11:51:34,System.Runtime,dotnet.exceptions ({exception} / 1 sec)[error.type=HttpRequestException],Rate,0
06/08/2026 11:51:34,System.Runtime,dotnet.exceptions ({exception} / 1 sec)[error.type=SocketException],Rate,0
06/08/2026 11:51:34,Microsoft.AspNetCore.Hosting,http.server.active_requests ({request})[http.request.method=POST;url.scheme=http],Metric,0
06/08/2026 11:51:34,Microsoft.AspNetCore.Hosting,http.server.active_requests ({request})[http.request.method=GET;url.scheme=http],Metric,3569
06/08/2026 11:51:34,System.Runtime,dotnet.jit.compiled_il.size (By / 1 sec),Rate,16191
06/08/2026 11:51:34,System.Runtime,dotnet.monitor.lock_contentions ({contention} / 1 sec),Rate,12
06/08/2026 11:51:34,System.Runtime,dotnet.gc.collections ({collection} / 1 sec)[gc.heap.generation=gen0],Rate,0
06/08/2026 11:51:34,System.Runtime,dotnet.gc.collections ({collection} / 1 sec)[gc.heap.generation=gen1],Rate,1
06/08/2026 11:51:34,System.Runtime,dotnet.gc.collections ({collection} / 1 sec)[gc.heap.generation=gen2],Rate,0
06/08/2026 11:51:34,Npgsql,db.client.connection.npgsql.pending_requests ({request})[db.client.connection.pool.name=Host=127.0.0.1;Port=5432;Username=postgres;Database=myapp_load;Maximum Pool Size=500],Metric,3071
06/08/2026 11:51:34,Microsoft.AspNetCore.Hosting,http.server.request.duration (s)[http.request.method=GET;http.response.status_code=200;http.route=/orders/{id:int};network.protocol.version=1.1;url.scheme=http;Percentile=50],Metric,1.724609375
06/08/2026 11:51:34,Microsoft.AspNetCore.Hosting,http.server.request.duration (s)[http.request.method=GET;http.response.status_code=200;http.route=/orders/{id:int};network.protocol.version=1.1;url.scheme=http;Percentile=95],Metric,2.0703125
06/08/2026 11:51:34,Microsoft.AspNetCore.Hosting,http.server.request.duration (s)[http.request.method=GET;http.response.status_code=200;http.route=/orders/{id:int};network.protocol.version=1.1;url.scheme=http;Percentile=99],Metric,2.69140625
06/08/2026 11:51:34,Npgsql,db.client.operation.npgsql.executing ({command})[db.client.connection.pool.name=Host=127.0.0.1;Port=5432;Username=postgres;Database=myapp_load;Maximum Pool Size=500],Metric,496
06/08/2026 11:51:34,System.Runtime,dotnet.gc.last_collection.heap.size (By)[gc.heap.generation=poh],Metric,9472440
06/08/2026 11:51:34,System.Runtime,dotnet.gc.last_collection.heap.size (By)[gc.heap.generation=loh],Metric,4626696
06/08/2026 11:51:34,System.Runtime,dotnet.gc.last_collection.heap.size (By)[gc.heap.generation=gen0],Metric,4088632
06/08/2026 11:51:34,System.Runtime,dotnet.gc.last_collection.heap.size (By)[gc.heap.generation=gen1],Metric,44484232
06/08/2026 11:51:34,System.Runtime,dotnet.gc.last_collection.heap.size (By)[gc.heap.generation=gen2],Metric,64056632
06/08/2026 11:51:34,Npgsql,db.client.connection.max ({connection})[db.client.connection.pool.name=Host=127.0.0.1;Port=5432;Username=postgres;Database=myapp_load;Maximum Pool Size=500],Metric,500
06/08/2026 11:51:34,System.Runtime,dotnet.process.cpu.count ({cpu}),Metric,20
06/08/2026 11:51:34,Npgsql,db.client.connection.count ({connection})[db.client.connection.pool.name=Host=127.0.0.1;Port=5432;Username=postgres;Database=myapp_load;Maximum Pool Size=500;db.client.connection.state=used],Metric,499
06/08/2026 11:51:34,Npgsql,db.client.connection.count ({connection})[db.client.connection.pool.name=Host=127.0.0.1;Port=5432;Username=postgres;Database=myapp_load;Maximum Pool Size=500;db.client.connection.state=idle],Metric,1
06/08/2026 11:51:34,System.Runtime,dotnet.gc.last_collection.heap.fragmentation.size (By)[gc.heap.generation=poh],Metric,0
06/08/2026 11:51:34,System.Runtime,dotnet.gc.last_collection.heap.fragmentation.size (By)[gc.heap.generation=loh],Metric,768
06/08/2026 11:51:34,System.Runtime,dotnet.gc.last_collection.heap.fragmentation.size (By)[gc.heap.generation=gen0],Metric,4080000
06/08/2026 11:51:34,System.Runtime,dotnet.gc.last_collection.heap.fragmentation.size (By)[gc.heap.generation=gen1],Metric,573752
06/08/2026 11:51:34,System.Runtime,dotnet.gc.last_collection.heap.fragmentation.size (By)[gc.heap.generation=gen2],Metric,7547360
06/08/2026 11:51:34,System.Runtime,dotnet.gc.last_collection.memory.committed_size (By),Metric,235970560
06/08/2026 11:51:34,Npgsql,db.client.operation.duration (s)[db.client.connection.pool.name=Host=127.0.0.1;Port=5432;Username=postgres;Database=myapp_load;Maximum Pool Size=500;db.system.name=postgresql;server.address=127.0.0.1;server.port=5432;Percentile=50],Metric,0.159912109375
06/08/2026 11:51:34,Npgsql,db.client.operation.duration (s)[db.client.connection.pool.name=Host=127.0.0.1;Port=5432;Username=postgres;Database=myapp_load;Maximum Pool Size=500;db.system.name=postgresql;server.address=127.0.0.1;server.port=5432;Percentile=95],Metric,0.509765625
06/08/2026 11:51:34,Npgsql,db.client.operation.duration (s)[db.client.connection.pool.name=Host=127.0.0.1;Port=5432;Username=postgres;Database=myapp_load;Maximum Pool Size=500;db.system.name=postgresql;server.address=127.0.0.1;server.port=5432;Percentile=99],Metric,1.166015625
06/08/2026 11:51:34,System.Runtime,dotnet.gc.heap.total_allocated (By / 1 sec),Rate,38016176
06/08/2026 11:51:34,System.Runtime,dotnet.thread_pool.thread.count ({thread} / 1 sec),Rate,0
06/08/2026 11:51:34,System.Runtime,dotnet.jit.compiled_methods ({method} / 1 sec),Rate,169
06/08/2026 11:51:34,Npgsql,db.client.operation.npgsql.bytes_written (By / 1 sec)[db.client.connection.pool.name=Host=127.0.0.1;Port=5432;Username=postgres;Database=myapp_load;Maximum Pool Size=500],Rate,300048
06/08/2026 11:51:34,System.Runtime,dotnet.gc.pause.time (s / 1 sec),Rate,0.0720130000000001
06/08/2026 11:51:34,System.Runtime,dotnet.assembly.count ({assembly}),Metric,150
06/08/2026 11:51:34,System.Runtime,dotnet.timer.count ({timer}),Metric,3575
06/08/2026 11:51:34,System.Runtime,dotnet.thread_pool.queue.length ({work_item} / 1 sec),Rate,-675
06/08/2026 11:51:35,System.Runtime,dotnet.thread_pool.work_item.count ({work_item} / 1 sec),Rate,9422
06/08/2026 11:51:35,Npgsql,db.client.operation.npgsql.bytes_read (By / 1 sec)[db.client.connection.pool.name=Host=127.0.0.1;Port=5432;Username=postgres;Database=myapp_load;Maximum Pool Size=500],Rate,334998
06/08/2026 11:51:35,System.Runtime,dotnet.process.cpu.time (s / 1 sec)[cpu.mode=system],Rate,0.484375
06/08/2026 11:51:35,System.Runtime,dotnet.process.cpu.time (s / 1 sec)[cpu.mode=user],Rate,1.015625
06/08/2026 11:51:35,System.Runtime,dotnet.jit.compilation.time (s / 1 sec),Rate,0.9125860000000046
06/08/2026 11:51:35,Npgsql,db.client.operation.npgsql.prepared_ratio[db.client.connection.pool.name=Host=127.0.0.1;Port=5432;Username=postgres;Database=myapp_load;Maximum Pool Size=500],Metric,0
06/08/2026 11:51:35,System.Runtime,dotnet.process.memory.working_set (By),Metric,352473088
06/08/2026 11:51:35,System.Runtime,dotnet.exceptions ({exception} / 1 sec)[error.type=HttpRequestException],Rate,0
06/08/2026 11:51:35,System.Runtime,dotnet.exceptions ({exception} / 1 sec)[error.type=SocketException],Rate,0
06/08/2026 11:51:35,Microsoft.AspNetCore.Hosting,http.server.active_requests ({request})[http.request.method=POST;url.scheme=http],Metric,0
06/08/2026 11:51:35,Microsoft.AspNetCore.Hosting,http.server.active_requests ({request})[http.request.method=GET;url.scheme=http],Metric,3740
06/08/2026 11:51:35,System.Runtime,dotnet.jit.compiled_il.size (By / 1 sec),Rate,15897
06/08/2026 11:51:35,System.Runtime,dotnet.monitor.lock_contentions ({contention} / 1 sec),Rate,18
06/08/2026 11:51:35,System.Runtime,dotnet.gc.collections ({collection} / 1 sec)[gc.heap.generation=gen0],Rate,0
06/08/2026 11:51:35,System.Runtime,dotnet.gc.collections ({collection} / 1 sec)[gc.heap.generation=gen1],Rate,0
06/08/2026 11:51:35,System.Runtime,dotnet.gc.collections ({collection} / 1 sec)[gc.heap.generation=gen2],Rate,0
06/08/2026 11:51:35,Npgsql,db.client.connection.npgsql.pending_requests ({request})[db.client.connection.pool.name=Host=127.0.0.1;Port=5432;Username=postgres;Database=myapp_load;Maximum Pool Size=500],Metric,3240
06/08/2026 11:51:35,Microsoft.AspNetCore.Hosting,http.server.request.duration (s)[http.request.method=GET;http.response.status_code=200;http.route=/orders/{id:int};network.protocol.version=1.1;url.scheme=http;Percentile=50],Metric,1.69921875
06/08/2026 11:51:35,Microsoft.AspNetCore.Hosting,http.server.request.duration (s)[http.request.method=GET;http.response.status_code=200;http.route=/orders/{id:int};network.protocol.version=1.1;url.scheme=http;Percentile=95],Metric,2.078125
06/08/2026 11:51:35,Microsoft.AspNetCore.Hosting,http.server.request.duration (s)[http.request.method=GET;http.response.status_code=200;http.route=/orders/{id:int};network.protocol.version=1.1;url.scheme=http;Percentile=99],Metric,3.140625
06/08/2026 11:51:35,Npgsql,db.client.operation.npgsql.executing ({command})[db.client.connection.pool.name=Host=127.0.0.1;Port=5432;Username=postgres;Database=myapp_load;Maximum Pool Size=500],Metric,500
06/08/2026 11:51:35,System.Runtime,dotnet.gc.last_collection.heap.size (By)[gc.heap.generation=poh],Metric,9472440
06/08/2026 11:51:35,System.Runtime,dotnet.gc.last_collection.heap.size (By)[gc.heap.generation=loh],Metric,4626696
06/08/2026 11:51:35,System.Runtime,dotnet.gc.last_collection.heap.size (By)[gc.heap.generation=gen0],Metric,4088632
06/08/2026 11:51:35,System.Runtime,dotnet.gc.last_collection.heap.size (By)[gc.heap.generation=gen1],Metric,44484232
06/08/2026 11:51:35,System.Runtime,dotnet.gc.last_collection.heap.size (By)[gc.heap.generation=gen2],Metric,64056632
06/08/2026 11:51:35,Npgsql,db.client.connection.max ({connection})[db.client.connection.pool.name=Host=127.0.0.1;Port=5432;Username=postgres;Database=myapp_load;Maximum Pool Size=500],Metric,500
06/08/2026 11:51:35,System.Runtime,dotnet.process.cpu.count ({cpu}),Metric,20
06/08/2026 11:51:35,Npgsql,db.client.connection.count ({connection})[db.client.connection.pool.name=Host=127.0.0.1;Port=5432;Username=postgres;Database=myapp_load;Maximum Pool Size=500;db.client.connection.state=used],Metric,500
06/08/2026 11:51:35,Npgsql,db.client.connection.count ({connection})[db.client.connection.pool.name=Host=127.0.0.1;Port=5432;Username=postgres;Database=myapp_load;Maximum Pool Size=500;db.client.connection.state=idle],Metric,0
06/08/2026 11:51:35,System.Runtime,dotnet.gc.last_collection.heap.fragmentation.size (By)[gc.heap.generation=poh],Metric,0
06/08/2026 11:51:35,System.Runtime,dotnet.gc.last_collection.heap.fragmentation.size (By)[gc.heap.generation=loh],Metric,768
06/08/2026 11:51:35,System.Runtime,dotnet.gc.last_collection.heap.fragmentation.size (By)[gc.heap.generation=gen0],Metric,4080000
06/08/2026 11:51:35,System.Runtime,dotnet.gc.last_collection.heap.fragmentation.size (By)[gc.heap.generation=gen1],Metric,573752
06/08/2026 11:51:35,System.Runtime,dotnet.gc.last_collection.heap.fragmentation.size (By)[gc.heap.generation=gen2],Metric,7547360
06/08/2026 11:51:35,System.Runtime,dotnet.gc.last_collection.memory.committed_size (By),Metric,235970560
06/08/2026 11:51:35,Npgsql,db.client.operation.duration (s)[db.client.connection.pool.name=Host=127.0.0.1;Port=5432;Username=postgres;Database=myapp_load;Maximum Pool Size=500;db.system.name=postgresql;server.address=127.0.0.1;server.port=5432;Percentile=50],Metric,0.1142578125
06/08/2026 11:51:35,Npgsql,db.client.operation.duration (s)[db.client.connection.pool.name=Host=127.0.0.1;Port=5432;Username=postgres;Database=myapp_load;Maximum Pool Size=500;db.system.name=postgresql;server.address=127.0.0.1;server.port=5432;Percentile=95],Metric,0.619140625
06/08/2026 11:51:35,Npgsql,db.client.operation.duration (s)[db.client.connection.pool.name=Host=127.0.0.1;Port=5432;Username=postgres;Database=myapp_load;Maximum Pool Size=500;db.system.name=postgresql;server.address=127.0.0.1;server.port=5432;Percentile=99],Metric,1.580078125
06/08/2026 11:51:35,System.Runtime,dotnet.gc.heap.total_allocated (By / 1 sec),Rate,39805992
06/08/2026 11:51:35,System.Runtime,dotnet.thread_pool.thread.count ({thread} / 1 sec),Rate,0
06/08/2026 11:51:35,System.Runtime,dotnet.jit.compiled_methods ({method} / 1 sec),Rate,170
06/08/2026 11:51:35,Npgsql,db.client.operation.npgsql.bytes_written (By / 1 sec)[db.client.connection.pool.name=Host=127.0.0.1;Port=5432;Username=postgres;Database=myapp_load;Maximum Pool Size=500],Rate,283974
06/08/2026 11:51:35,System.Runtime,dotnet.gc.pause.time (s / 1 sec),Rate,0
06/08/2026 11:51:35,System.Runtime,dotnet.assembly.count ({assembly}),Metric,150
06/08/2026 11:51:35,System.Runtime,dotnet.timer.count ({timer}),Metric,3745
06/08/2026 11:51:35,System.Runtime,dotnet.thread_pool.queue.length ({work_item} / 1 sec),Rate,-3
06/08/2026 11:51:36,System.Runtime,dotnet.thread_pool.work_item.count ({work_item} / 1 sec),Rate,7875
06/08/2026 11:51:36,Npgsql,db.client.operation.npgsql.bytes_read (By / 1 sec)[db.client.connection.pool.name=Host=127.0.0.1;Port=5432;Username=postgres;Database=myapp_load;Maximum Pool Size=500],Rate,256546
06/08/2026 11:51:36,System.Runtime,dotnet.process.cpu.time (s / 1 sec)[cpu.mode=system],Rate,0.703125
06/08/2026 11:51:36,System.Runtime,dotnet.process.cpu.time (s / 1 sec)[cpu.mode=user],Rate,0.671875
06/08/2026 11:51:36,System.Runtime,dotnet.jit.compilation.time (s / 1 sec),Rate,0.0008735999999984756
06/08/2026 11:51:36,Npgsql,db.client.operation.npgsql.prepared_ratio[db.client.connection.pool.name=Host=127.0.0.1;Port=5432;Username=postgres;Database=myapp_load;Maximum Pool Size=500],Metric,0
06/08/2026 11:51:36,System.Runtime,dotnet.process.memory.working_set (By),Metric,352546816
06/08/2026 11:51:36,System.Runtime,dotnet.exceptions ({exception} / 1 sec)[error.type=HttpRequestException],Rate,0
06/08/2026 11:51:36,System.Runtime,dotnet.exceptions ({exception} / 1 sec)[error.type=SocketException],Rate,0
06/08/2026 11:51:36,Microsoft.AspNetCore.Hosting,http.server.active_requests ({request})[http.request.method=POST;url.scheme=http],Metric,0
06/08/2026 11:51:36,Microsoft.AspNetCore.Hosting,http.server.active_requests ({request})[http.request.method=GET;url.scheme=http],Metric,4095
06/08/2026 11:51:36,System.Runtime,dotnet.jit.compiled_il.size (By / 1 sec),Rate,49
06/08/2026 11:51:36,System.Runtime,dotnet.monitor.lock_contentions ({contention} / 1 sec),Rate,2
06/08/2026 11:51:36,System.Runtime,dotnet.gc.collections ({collection} / 1 sec)[gc.heap.generation=gen0],Rate,0
06/08/2026 11:51:36,System.Runtime,dotnet.gc.collections ({collection} / 1 sec)[gc.heap.generation=gen1],Rate,0
06/08/2026 11:51:36,System.Runtime,dotnet.gc.collections ({collection} / 1 sec)[gc.heap.generation=gen2],Rate,0
06/08/2026 11:51:36,Npgsql,db.client.connection.npgsql.pending_requests ({request})[db.client.connection.pool.name=Host=127.0.0.1;Port=5432;Username=postgres;Database=myapp_load;Maximum Pool Size=500],Metric,3591
06/08/2026 11:51:36,Microsoft.AspNetCore.Hosting,http.server.request.duration (s)[http.request.method=GET;http.response.status_code=200;http.route=/orders/{id:int};network.protocol.version=1.1;url.scheme=http;Percentile=50],Metric,1.958984375
06/08/2026 11:51:36,Microsoft.AspNetCore.Hosting,http.server.request.duration (s)[http.request.method=GET;http.response.status_code=200;http.route=/orders/{id:int};network.protocol.version=1.1;url.scheme=http;Percentile=95],Metric,2.4296875
06/08/2026 11:51:36,Microsoft.AspNetCore.Hosting,http.server.request.duration (s)[http.request.method=GET;http.response.status_code=200;http.route=/orders/{id:int};network.protocol.version=1.1;url.scheme=http;Percentile=99],Metric,2.953125
06/08/2026 11:51:36,Npgsql,db.client.operation.npgsql.executing ({command})[db.client.connection.pool.name=Host=127.0.0.1;Port=5432;Username=postgres;Database=myapp_load;Maximum Pool Size=500],Metric,500
06/08/2026 11:51:36,System.Runtime,dotnet.gc.last_collection.heap.size (By)[gc.heap.generation=poh],Metric,9472440
06/08/2026 11:51:36,System.Runtime,dotnet.gc.last_collection.heap.size (By)[gc.heap.generation=loh],Metric,4626696
06/08/2026 11:51:36,System.Runtime,dotnet.gc.last_collection.heap.size (By)[gc.heap.generation=gen0],Metric,4088632
06/08/2026 11:51:36,System.Runtime,dotnet.gc.last_collection.heap.size (By)[gc.heap.generation=gen1],Metric,44484232
06/08/2026 11:51:36,System.Runtime,dotnet.gc.last_collection.heap.size (By)[gc.heap.generation=gen2],Metric,64056632
06/08/2026 11:51:36,Npgsql,db.client.connection.max ({connection})[db.client.connection.pool.name=Host=127.0.0.1;Port=5432;Username=postgres;Database=myapp_load;Maximum Pool Size=500],Metric,500
06/08/2026 11:51:36,System.Runtime,dotnet.process.cpu.count ({cpu}),Metric,20
06/08/2026 11:51:36,Npgsql,db.client.connection.count ({connection})[db.client.connection.pool.name=Host=127.0.0.1;Port=5432;Username=postgres;Database=myapp_load;Maximum Pool Size=500;db.client.connection.state=used],Metric,500
06/08/2026 11:51:36,Npgsql,db.client.connection.count ({connection})[db.client.connection.pool.name=Host=127.0.0.1;Port=5432;Username=postgres;Database=myapp_load;Maximum Pool Size=500;db.client.connection.state=idle],Metric,0
06/08/2026 11:51:36,System.Runtime,dotnet.gc.last_collection.heap.fragmentation.size (By)[gc.heap.generation=poh],Metric,0
06/08/2026 11:51:36,System.Runtime,dotnet.gc.last_collection.heap.fragmentation.size (By)[gc.heap.generation=loh],Metric,768
06/08/2026 11:51:36,System.Runtime,dotnet.gc.last_collection.heap.fragmentation.size (By)[gc.heap.generation=gen0],Metric,4080000
06/08/2026 11:51:36,System.Runtime,dotnet.gc.last_collection.heap.fragmentation.size (By)[gc.heap.generation=gen1],Metric,573752
06/08/2026 11:51:36,System.Runtime,dotnet.gc.last_collection.heap.fragmentation.size (By)[gc.heap.generation=gen2],Metric,7547360
06/08/2026 11:51:36,System.Runtime,dotnet.gc.last_collection.memory.committed_size (By),Metric,235970560
06/08/2026 11:51:36,Npgsql,db.client.operation.duration (s)[db.client.connection.pool.name=Host=127.0.0.1;Port=5432;Username=postgres;Database=myapp_load;Maximum Pool Size=500;db.system.name=postgresql;server.address=127.0.0.1;server.port=5432;Percentile=50],Metric,0.1865234375
06/08/2026 11:51:36,Npgsql,db.client.operation.duration (s)[db.client.connection.pool.name=Host=127.0.0.1;Port=5432;Username=postgres;Database=myapp_load;Maximum Pool Size=500;db.system.name=postgresql;server.address=127.0.0.1;server.port=5432;Percentile=95],Metric,0.787109375
06/08/2026 11:51:36,Npgsql,db.client.operation.duration (s)[db.client.connection.pool.name=Host=127.0.0.1;Port=5432;Username=postgres;Database=myapp_load;Maximum Pool Size=500;db.system.name=postgresql;server.address=127.0.0.1;server.port=5432;Percentile=99],Metric,1.43359375
06/08/2026 11:51:36,System.Runtime,dotnet.gc.heap.total_allocated (By / 1 sec),Rate,33633352
06/08/2026 11:51:36,System.Runtime,dotnet.thread_pool.thread.count ({thread} / 1 sec),Rate,-1
06/08/2026 11:51:36,System.Runtime,dotnet.jit.compiled_methods ({method} / 1 sec),Rate,2
06/08/2026 11:51:36,Npgsql,db.client.operation.npgsql.bytes_written (By / 1 sec)[db.client.connection.pool.name=Host=127.0.0.1;Port=5432;Username=postgres;Database=myapp_load;Maximum Pool Size=500],Rate,216294
06/08/2026 11:51:36,System.Runtime,dotnet.gc.pause.time (s / 1 sec),Rate,0
06/08/2026 11:51:36,System.Runtime,dotnet.assembly.count ({assembly}),Metric,150
06/08/2026 11:51:36,System.Runtime,dotnet.timer.count ({timer}),Metric,4096
06/08/2026 11:51:36,System.Runtime,dotnet.thread_pool.queue.length ({work_item} / 1 sec),Rate,0
06/08/2026 11:51:37,System.Runtime,dotnet.thread_pool.work_item.count ({work_item} / 1 sec),Rate,8537
06/08/2026 11:51:37,Npgsql,db.client.operation.npgsql.bytes_read (By / 1 sec)[db.client.connection.pool.name=Host=127.0.0.1;Port=5432;Username=postgres;Database=myapp_load;Maximum Pool Size=500],Rate,326674
06/08/2026 11:51:37,System.Runtime,dotnet.process.cpu.time (s / 1 sec)[cpu.mode=system],Rate,0.796875
06/08/2026 11:51:37,System.Runtime,dotnet.process.cpu.time (s / 1 sec)[cpu.mode=user],Rate,0.65625
06/08/2026 11:51:37,System.Runtime,dotnet.jit.compilation.time (s / 1 sec),Rate,0.004955000000002485
06/08/2026 11:51:37,Npgsql,db.client.operation.npgsql.prepared_ratio[db.client.connection.pool.name=Host=127.0.0.1;Port=5432;Username=postgres;Database=myapp_load;Maximum Pool Size=500],Metric,0
06/08/2026 11:51:37,System.Runtime,dotnet.process.memory.working_set (By),Metric,351666176
06/08/2026 11:51:37,System.Runtime,dotnet.exceptions ({exception} / 1 sec)[error.type=HttpRequestException],Rate,11
06/08/2026 11:51:37,System.Runtime,dotnet.exceptions ({exception} / 1 sec)[error.type=SocketException],Rate,2
06/08/2026 11:51:37,Microsoft.AspNetCore.Hosting,http.server.active_requests ({request})[http.request.method=POST;url.scheme=http],Metric,0
06/08/2026 11:51:37,Microsoft.AspNetCore.Hosting,http.server.active_requests ({request})[http.request.method=GET;url.scheme=http],Metric,3960
06/08/2026 11:51:37,System.Runtime,dotnet.jit.compiled_il.size (By / 1 sec),Rate,371
06/08/2026 11:51:37,System.Runtime,dotnet.monitor.lock_contentions ({contention} / 1 sec),Rate,9
06/08/2026 11:51:37,System.Runtime,dotnet.gc.collections ({collection} / 1 sec)[gc.heap.generation=gen0],Rate,0
06/08/2026 11:51:37,System.Runtime,dotnet.gc.collections ({collection} / 1 sec)[gc.heap.generation=gen1],Rate,1
06/08/2026 11:51:37,System.Runtime,dotnet.gc.collections ({collection} / 1 sec)[gc.heap.generation=gen2],Rate,0
06/08/2026 11:51:37,Npgsql,db.client.connection.npgsql.pending_requests ({request})[db.client.connection.pool.name=Host=127.0.0.1;Port=5432;Username=postgres;Database=myapp_load;Maximum Pool Size=500],Metric,3524
06/08/2026 11:51:37,Microsoft.AspNetCore.Hosting,http.server.request.duration (s)[http.request.method=GET;http.response.status_code=200;http.route=/orders/{id:int};network.protocol.version=1.1;url.scheme=http;Percentile=50],Metric,2.1796875
06/08/2026 11:51:37,Microsoft.AspNetCore.Hosting,http.server.request.duration (s)[http.request.method=GET;http.response.status_code=200;http.route=/orders/{id:int};network.protocol.version=1.1;url.scheme=http;Percentile=95],Metric,2.62109375
06/08/2026 11:51:37,Microsoft.AspNetCore.Hosting,http.server.request.duration (s)[http.request.method=GET;http.response.status_code=200;http.route=/orders/{id:int};network.protocol.version=1.1;url.scheme=http;Percentile=99],Metric,3.3125
06/08/2026 11:51:37,Npgsql,db.client.operation.npgsql.executing ({command})[db.client.connection.pool.name=Host=127.0.0.1;Port=5432;Username=postgres;Database=myapp_load;Maximum Pool Size=500],Metric,431
06/08/2026 11:51:37,System.Runtime,dotnet.gc.last_collection.heap.size (By)[gc.heap.generation=poh],Metric,9472440
06/08/2026 11:51:37,System.Runtime,dotnet.gc.last_collection.heap.size (By)[gc.heap.generation=loh],Metric,4626696
06/08/2026 11:51:37,System.Runtime,dotnet.gc.last_collection.heap.size (By)[gc.heap.generation=gen0],Metric,332280
06/08/2026 11:51:37,System.Runtime,dotnet.gc.last_collection.heap.size (By)[gc.heap.generation=gen1],Metric,44182080
06/08/2026 11:51:37,System.Runtime,dotnet.gc.last_collection.heap.size (By)[gc.heap.generation=gen2],Metric,64056632
06/08/2026 11:51:37,Npgsql,db.client.connection.max ({connection})[db.client.connection.pool.name=Host=127.0.0.1;Port=5432;Username=postgres;Database=myapp_load;Maximum Pool Size=500],Metric,500
06/08/2026 11:51:37,System.Runtime,dotnet.process.cpu.count ({cpu}),Metric,20
06/08/2026 11:51:37,Npgsql,db.client.connection.count ({connection})[db.client.connection.pool.name=Host=127.0.0.1;Port=5432;Username=postgres;Database=myapp_load;Maximum Pool Size=500;db.client.connection.state=used],Metric,434
06/08/2026 11:51:37,Npgsql,db.client.connection.count ({connection})[db.client.connection.pool.name=Host=127.0.0.1;Port=5432;Username=postgres;Database=myapp_load;Maximum Pool Size=500;db.client.connection.state=idle],Metric,66
06/08/2026 11:51:37,System.Runtime,dotnet.gc.last_collection.heap.fragmentation.size (By)[gc.heap.generation=poh],Metric,0
06/08/2026 11:51:37,System.Runtime,dotnet.gc.last_collection.heap.fragmentation.size (By)[gc.heap.generation=loh],Metric,768
06/08/2026 11:51:37,System.Runtime,dotnet.gc.last_collection.heap.fragmentation.size (By)[gc.heap.generation=gen0],Metric,324064
06/08/2026 11:51:37,System.Runtime,dotnet.gc.last_collection.heap.fragmentation.size (By)[gc.heap.generation=gen1],Metric,566960
06/08/2026 11:51:37,System.Runtime,dotnet.gc.last_collection.heap.fragmentation.size (By)[gc.heap.generation=gen2],Metric,6851496
06/08/2026 11:51:37,System.Runtime,dotnet.gc.last_collection.memory.committed_size (By),Metric,239919104
06/08/2026 11:51:37,Npgsql,db.client.operation.duration (s)[db.client.connection.pool.name=Host=127.0.0.1;Port=5432;Username=postgres;Database=myapp_load;Maximum Pool Size=500;db.system.name=postgresql;server.address=127.0.0.1;server.port=5432;Percentile=50],Metric,0.14599609375
06/08/2026 11:51:37,Npgsql,db.client.operation.duration (s)[db.client.connection.pool.name=Host=127.0.0.1;Port=5432;Username=postgres;Database=myapp_load;Maximum Pool Size=500;db.system.name=postgresql;server.address=127.0.0.1;server.port=5432;Percentile=95],Metric,0.6591796875
06/08/2026 11:51:37,Npgsql,db.client.operation.duration (s)[db.client.connection.pool.name=Host=127.0.0.1;Port=5432;Username=postgres;Database=myapp_load;Maximum Pool Size=500;db.system.name=postgresql;server.address=127.0.0.1;server.port=5432;Percentile=99],Metric,1.78515625
06/08/2026 11:51:37,System.Runtime,dotnet.gc.heap.total_allocated (By / 1 sec),Rate,33934112
06/08/2026 11:51:37,System.Runtime,dotnet.thread_pool.thread.count ({thread} / 1 sec),Rate,-2
06/08/2026 11:51:37,System.Runtime,dotnet.jit.compiled_methods ({method} / 1 sec),Rate,3
06/08/2026 11:51:37,Npgsql,db.client.operation.npgsql.bytes_written (By / 1 sec)[db.client.connection.pool.name=Host=127.0.0.1;Port=5432;Username=postgres;Database=myapp_load;Maximum Pool Size=500],Rate,265362
06/08/2026 11:51:37,System.Runtime,dotnet.gc.pause.time (s / 1 sec),Rate,0.07019200000000003
06/08/2026 11:51:37,System.Runtime,dotnet.assembly.count ({assembly}),Metric,150
06/08/2026 11:51:37,System.Runtime,dotnet.timer.count ({timer}),Metric,3962
06/08/2026 11:51:37,System.Runtime,dotnet.thread_pool.queue.length ({work_item} / 1 sec),Rate,165
06/08/2026 11:51:38,System.Runtime,dotnet.thread_pool.work_item.count ({work_item} / 1 sec),Rate,11098
06/08/2026 11:51:38,Npgsql,db.client.operation.npgsql.bytes_read (By / 1 sec)[db.client.connection.pool.name=Host=127.0.0.1;Port=5432;Username=postgres;Database=myapp_load;Maximum Pool Size=500],Rate,417508
06/08/2026 11:51:38,System.Runtime,dotnet.process.cpu.time (s / 1 sec)[cpu.mode=system],Rate,0.78125
06/08/2026 11:51:38,System.Runtime,dotnet.process.cpu.time (s / 1 sec)[cpu.mode=user],Rate,0.671875
06/08/2026 11:51:38,System.Runtime,dotnet.jit.compilation.time (s / 1 sec),Rate,0.0032112999999966974
06/08/2026 11:51:38,Npgsql,db.client.operation.npgsql.prepared_ratio[db.client.connection.pool.name=Host=127.0.0.1;Port=5432;Username=postgres;Database=myapp_load;Maximum Pool Size=500],Metric,0
06/08/2026 11:51:38,System.Runtime,dotnet.process.memory.working_set (By),Metric,352100352
06/08/2026 11:51:38,System.Runtime,dotnet.exceptions ({exception} / 1 sec)[error.type=HttpRequestException],Rate,0
06/08/2026 11:51:38,System.Runtime,dotnet.exceptions ({exception} / 1 sec)[error.type=SocketException],Rate,0
06/08/2026 11:51:38,Microsoft.AspNetCore.Hosting,http.server.active_requests ({request})[http.request.method=POST;url.scheme=http],Metric,0
06/08/2026 11:51:38,Microsoft.AspNetCore.Hosting,http.server.active_requests ({request})[http.request.method=GET;url.scheme=http],Metric,3891
06/08/2026 11:51:38,System.Runtime,dotnet.jit.compiled_il.size (By / 1 sec),Rate,33
06/08/2026 11:51:38,System.Runtime,dotnet.monitor.lock_contentions ({contention} / 1 sec),Rate,35
06/08/2026 11:51:38,System.Runtime,dotnet.gc.collections ({collection} / 1 sec)[gc.heap.generation=gen0],Rate,0
06/08/2026 11:51:38,System.Runtime,dotnet.gc.collections ({collection} / 1 sec)[gc.heap.generation=gen1],Rate,0
06/08/2026 11:51:38,System.Runtime,dotnet.gc.collections ({collection} / 1 sec)[gc.heap.generation=gen2],Rate,0
06/08/2026 11:51:38,Npgsql,db.client.connection.npgsql.pending_requests ({request})[db.client.connection.pool.name=Host=127.0.0.1;Port=5432;Username=postgres;Database=myapp_load;Maximum Pool Size=500],Metric,3467
06/08/2026 11:51:38,Microsoft.AspNetCore.Hosting,http.server.request.duration (s)[http.request.method=GET;http.response.status_code=200;http.route=/orders/{id:int};network.protocol.version=1.1;url.scheme=http;Percentile=50],Metric,1.8515625
06/08/2026 11:51:38,Microsoft.AspNetCore.Hosting,http.server.request.duration (s)[http.request.method=GET;http.response.status_code=200;http.route=/orders/{id:int};network.protocol.version=1.1;url.scheme=http;Percentile=95],Metric,2.98046875
06/08/2026 11:51:38,Microsoft.AspNetCore.Hosting,http.server.request.duration (s)[http.request.method=GET;http.response.status_code=200;http.route=/orders/{id:int};network.protocol.version=1.1;url.scheme=http;Percentile=99],Metric,4.53125
06/08/2026 11:51:38,Npgsql,db.client.operation.npgsql.executing ({command})[db.client.connection.pool.name=Host=127.0.0.1;Port=5432;Username=postgres;Database=myapp_load;Maximum Pool Size=500],Metric,417
06/08/2026 11:51:38,System.Runtime,dotnet.gc.last_collection.heap.size (By)[gc.heap.generation=poh],Metric,9472440
06/08/2026 11:51:38,System.Runtime,dotnet.gc.last_collection.heap.size (By)[gc.heap.generation=loh],Metric,4626696
06/08/2026 11:51:38,System.Runtime,dotnet.gc.last_collection.heap.size (By)[gc.heap.generation=gen0],Metric,332280
06/08/2026 11:51:38,System.Runtime,dotnet.gc.last_collection.heap.size (By)[gc.heap.generation=gen1],Metric,44182080
06/08/2026 11:51:38,System.Runtime,dotnet.gc.last_collection.heap.size (By)[gc.heap.generation=gen2],Metric,64056632
06/08/2026 11:51:38,Npgsql,db.client.connection.max ({connection})[db.client.connection.pool.name=Host=127.0.0.1;Port=5432;Username=postgres;Database=myapp_load;Maximum Pool Size=500],Metric,500
06/08/2026 11:51:38,System.Runtime,dotnet.process.cpu.count ({cpu}),Metric,20
06/08/2026 11:51:38,Npgsql,db.client.connection.count ({connection})[db.client.connection.pool.name=Host=127.0.0.1;Port=5432;Username=postgres;Database=myapp_load;Maximum Pool Size=500;db.client.connection.state=used],Metric,417
06/08/2026 11:51:38,Npgsql,db.client.connection.count ({connection})[db.client.connection.pool.name=Host=127.0.0.1;Port=5432;Username=postgres;Database=myapp_load;Maximum Pool Size=500;db.client.connection.state=idle],Metric,83
06/08/2026 11:51:38,System.Runtime,dotnet.gc.last_collection.heap.fragmentation.size (By)[gc.heap.generation=poh],Metric,0
06/08/2026 11:51:38,System.Runtime,dotnet.gc.last_collection.heap.fragmentation.size (By)[gc.heap.generation=loh],Metric,768
06/08/2026 11:51:38,System.Runtime,dotnet.gc.last_collection.heap.fragmentation.size (By)[gc.heap.generation=gen0],Metric,324064
06/08/2026 11:51:38,System.Runtime,dotnet.gc.last_collection.heap.fragmentation.size (By)[gc.heap.generation=gen1],Metric,566960
06/08/2026 11:51:38,System.Runtime,dotnet.gc.last_collection.heap.fragmentation.size (By)[gc.heap.generation=gen2],Metric,6851496
06/08/2026 11:51:38,System.Runtime,dotnet.gc.last_collection.memory.committed_size (By),Metric,239919104
06/08/2026 11:51:38,Npgsql,db.client.operation.duration (s)[db.client.connection.pool.name=Host=127.0.0.1;Port=5432;Username=postgres;Database=myapp_load;Maximum Pool Size=500;db.system.name=postgresql;server.address=127.0.0.1;server.port=5432;Percentile=50],Metric,0.0888671875
06/08/2026 11:51:38,Npgsql,db.client.operation.duration (s)[db.client.connection.pool.name=Host=127.0.0.1;Port=5432;Username=postgres;Database=myapp_load;Maximum Pool Size=500;db.system.name=postgresql;server.address=127.0.0.1;server.port=5432;Percentile=95],Metric,0.8955078125
06/08/2026 11:51:38,Npgsql,db.client.operation.duration (s)[db.client.connection.pool.name=Host=127.0.0.1;Port=5432;Username=postgres;Database=myapp_load;Maximum Pool Size=500;db.system.name=postgresql;server.address=127.0.0.1;server.port=5432;Percentile=99],Metric,3.07421875
06/08/2026 11:51:38,System.Runtime,dotnet.gc.heap.total_allocated (By / 1 sec),Rate,45166312
06/08/2026 11:51:38,System.Runtime,dotnet.thread_pool.thread.count ({thread} / 1 sec),Rate,0
06/08/2026 11:51:38,System.Runtime,dotnet.jit.compiled_methods ({method} / 1 sec),Rate,1
06/08/2026 11:51:38,Npgsql,db.client.operation.npgsql.bytes_written (By / 1 sec)[db.client.connection.pool.name=Host=127.0.0.1;Port=5432;Username=postgres;Database=myapp_load;Maximum Pool Size=500],Rate,351936
06/08/2026 11:51:38,System.Runtime,dotnet.gc.pause.time (s / 1 sec),Rate,0
06/08/2026 11:51:38,System.Runtime,dotnet.assembly.count ({assembly}),Metric,150
06/08/2026 11:51:38,System.Runtime,dotnet.timer.count ({timer}),Metric,3883
06/08/2026 11:51:38,System.Runtime,dotnet.thread_pool.queue.length ({work_item} / 1 sec),Rate,-23
06/08/2026 11:51:39,System.Runtime,dotnet.thread_pool.work_item.count ({work_item} / 1 sec),Rate,10796
06/08/2026 11:51:39,Npgsql,db.client.operation.npgsql.bytes_read (By / 1 sec)[db.client.connection.pool.name=Host=127.0.0.1;Port=5432;Username=postgres;Database=myapp_load;Maximum Pool Size=500],Rate,367733
06/08/2026 11:51:39,System.Runtime,dotnet.process.cpu.time (s / 1 sec)[cpu.mode=system],Rate,0.65625
06/08/2026 11:51:39,System.Runtime,dotnet.process.cpu.time (s / 1 sec)[cpu.mode=user],Rate,0.546875
06/08/2026 11:51:39,System.Runtime,dotnet.jit.compilation.time (s / 1 sec),Rate,0
06/08/2026 11:51:39,Npgsql,db.client.operation.npgsql.prepared_ratio[db.client.connection.pool.name=Host=127.0.0.1;Port=5432;Username=postgres;Database=myapp_load;Maximum Pool Size=500],Metric,0
06/08/2026 11:51:39,System.Runtime,dotnet.process.memory.working_set (By),Metric,356503552
06/08/2026 11:51:39,System.Runtime,dotnet.exceptions ({exception} / 1 sec)[error.type=HttpRequestException],Rate,0
06/08/2026 11:51:39,System.Runtime,dotnet.exceptions ({exception} / 1 sec)[error.type=SocketException],Rate,0
06/08/2026 11:51:39,Microsoft.AspNetCore.Hosting,http.server.active_requests ({request})[http.request.method=POST;url.scheme=http],Metric,0
06/08/2026 11:51:39,Microsoft.AspNetCore.Hosting,http.server.active_requests ({request})[http.request.method=GET;url.scheme=http],Metric,4095
06/08/2026 11:51:39,System.Runtime,dotnet.jit.compiled_il.size (By / 1 sec),Rate,0
06/08/2026 11:51:39,System.Runtime,dotnet.monitor.lock_contentions ({contention} / 1 sec),Rate,82
06/08/2026 11:51:39,System.Runtime,dotnet.gc.collections ({collection} / 1 sec)[gc.heap.generation=gen0],Rate,0
06/08/2026 11:51:39,System.Runtime,dotnet.gc.collections ({collection} / 1 sec)[gc.heap.generation=gen1],Rate,0
06/08/2026 11:51:39,System.Runtime,dotnet.gc.collections ({collection} / 1 sec)[gc.heap.generation=gen2],Rate,0
06/08/2026 11:51:39,Npgsql,db.client.connection.npgsql.pending_requests ({request})[db.client.connection.pool.name=Host=127.0.0.1;Port=5432;Username=postgres;Database=myapp_load;Maximum Pool Size=500],Metric,3594
06/08/2026 11:51:39,Microsoft.AspNetCore.Hosting,http.server.request.duration (s)[http.request.method=GET;http.response.status_code=200;http.route=/orders/{id:int};network.protocol.version=1.1;url.scheme=http;Percentile=50],Metric,1.560546875
06/08/2026 11:51:39,Microsoft.AspNetCore.Hosting,http.server.request.duration (s)[http.request.method=GET;http.response.status_code=200;http.route=/orders/{id:int};network.protocol.version=1.1;url.scheme=http;Percentile=95],Metric,1.955078125
06/08/2026 11:51:39,Microsoft.AspNetCore.Hosting,http.server.request.duration (s)[http.request.method=GET;http.response.status_code=200;http.route=/orders/{id:int};network.protocol.version=1.1;url.scheme=http;Percentile=99],Metric,2.421875
06/08/2026 11:51:39,Npgsql,db.client.operation.npgsql.executing ({command})[db.client.connection.pool.name=Host=127.0.0.1;Port=5432;Username=postgres;Database=myapp_load;Maximum Pool Size=500],Metric,500
06/08/2026 11:51:39,System.Runtime,dotnet.gc.last_collection.heap.size (By)[gc.heap.generation=poh],Metric,9472440
06/08/2026 11:51:39,System.Runtime,dotnet.gc.last_collection.heap.size (By)[gc.heap.generation=loh],Metric,4626696
06/08/2026 11:51:39,System.Runtime,dotnet.gc.last_collection.heap.size (By)[gc.heap.generation=gen0],Metric,332280
06/08/2026 11:51:39,System.Runtime,dotnet.gc.last_collection.heap.size (By)[gc.heap.generation=gen1],Metric,44182080
06/08/2026 11:51:39,System.Runtime,dotnet.gc.last_collection.heap.size (By)[gc.heap.generation=gen2],Metric,64056632
06/08/2026 11:51:39,Npgsql,db.client.connection.max ({connection})[db.client.connection.pool.name=Host=127.0.0.1;Port=5432;Username=postgres;Database=myapp_load;Maximum Pool Size=500],Metric,500
06/08/2026 11:51:39,System.Runtime,dotnet.process.cpu.count ({cpu}),Metric,20
06/08/2026 11:51:39,Npgsql,db.client.connection.count ({connection})[db.client.connection.pool.name=Host=127.0.0.1;Port=5432;Username=postgres;Database=myapp_load;Maximum Pool Size=500;db.client.connection.state=used],Metric,500
06/08/2026 11:51:39,Npgsql,db.client.connection.count ({connection})[db.client.connection.pool.name=Host=127.0.0.1;Port=5432;Username=postgres;Database=myapp_load;Maximum Pool Size=500;db.client.connection.state=idle],Metric,0
06/08/2026 11:51:39,System.Runtime,dotnet.gc.last_collection.heap.fragmentation.size (By)[gc.heap.generation=poh],Metric,0
06/08/2026 11:51:39,System.Runtime,dotnet.gc.last_collection.heap.fragmentation.size (By)[gc.heap.generation=loh],Metric,768
06/08/2026 11:51:39,System.Runtime,dotnet.gc.last_collection.heap.fragmentation.size (By)[gc.heap.generation=gen0],Metric,324064
06/08/2026 11:51:39,System.Runtime,dotnet.gc.last_collection.heap.fragmentation.size (By)[gc.heap.generation=gen1],Metric,566960
06/08/2026 11:51:39,System.Runtime,dotnet.gc.last_collection.heap.fragmentation.size (By)[gc.heap.generation=gen2],Metric,6851496
06/08/2026 11:51:39,System.Runtime,dotnet.gc.last_collection.memory.committed_size (By),Metric,239919104
06/08/2026 11:51:39,Npgsql,db.client.operation.duration (s)[db.client.connection.pool.name=Host=127.0.0.1;Port=5432;Username=postgres;Database=myapp_load;Maximum Pool Size=500;db.system.name=postgresql;server.address=127.0.0.1;server.port=5432;Percentile=50],Metric,0.0999755859375
06/08/2026 11:51:39,Npgsql,db.client.operation.duration (s)[db.client.connection.pool.name=Host=127.0.0.1;Port=5432;Username=postgres;Database=myapp_load;Maximum Pool Size=500;db.system.name=postgresql;server.address=127.0.0.1;server.port=5432;Percentile=95],Metric,0.404296875
06/08/2026 11:51:39,Npgsql,db.client.operation.duration (s)[db.client.connection.pool.name=Host=127.0.0.1;Port=5432;Username=postgres;Database=myapp_load;Maximum Pool Size=500;db.system.name=postgresql;server.address=127.0.0.1;server.port=5432;Percentile=99],Metric,0.8466796875
06/08/2026 11:51:39,System.Runtime,dotnet.gc.heap.total_allocated (By / 1 sec),Rate,44022264
06/08/2026 11:51:39,System.Runtime,dotnet.thread_pool.thread.count ({thread} / 1 sec),Rate,0
06/08/2026 11:51:39,System.Runtime,dotnet.jit.compiled_methods ({method} / 1 sec),Rate,0
06/08/2026 11:51:39,Npgsql,db.client.operation.npgsql.bytes_written (By / 1 sec)[db.client.connection.pool.name=Host=127.0.0.1;Port=5432;Username=postgres;Database=myapp_load;Maximum Pool Size=500],Rate,321621
06/08/2026 11:51:39,System.Runtime,dotnet.gc.pause.time (s / 1 sec),Rate,0
06/08/2026 11:51:39,System.Runtime,dotnet.assembly.count ({assembly}),Metric,150
06/08/2026 11:51:39,System.Runtime,dotnet.timer.count ({timer}),Metric,4098
06/08/2026 11:51:39,System.Runtime,dotnet.thread_pool.queue.length ({work_item} / 1 sec),Rate,-142
06/08/2026 11:51:40,System.Runtime,dotnet.thread_pool.work_item.count ({work_item} / 1 sec),Rate,8002
06/08/2026 11:51:40,Npgsql,db.client.operation.npgsql.bytes_read (By / 1 sec)[db.client.connection.pool.name=Host=127.0.0.1;Port=5432;Username=postgres;Database=myapp_load;Maximum Pool Size=500],Rate,295497
06/08/2026 11:51:40,System.Runtime,dotnet.process.cpu.time (s / 1 sec)[cpu.mode=system],Rate,0.53125
06/08/2026 11:51:40,System.Runtime,dotnet.process.cpu.time (s / 1 sec)[cpu.mode=user],Rate,0.875
06/08/2026 11:51:40,System.Runtime,dotnet.jit.compilation.time (s / 1 sec),Rate,0.029920500000002903
06/08/2026 11:51:40,Npgsql,db.client.operation.npgsql.prepared_ratio[db.client.connection.pool.name=Host=127.0.0.1;Port=5432;Username=postgres;Database=myapp_load;Maximum Pool Size=500],Metric,0
06/08/2026 11:51:40,System.Runtime,dotnet.process.memory.working_set (By),Metric,348303360
06/08/2026 11:51:40,System.Runtime,dotnet.exceptions ({exception} / 1 sec)[error.type=HttpRequestException],Rate,0
06/08/2026 11:51:40,System.Runtime,dotnet.exceptions ({exception} / 1 sec)[error.type=SocketException],Rate,0
06/08/2026 11:51:40,Microsoft.AspNetCore.Hosting,http.server.active_requests ({request})[http.request.method=POST;url.scheme=http],Metric,0
06/08/2026 11:51:40,Microsoft.AspNetCore.Hosting,http.server.active_requests ({request})[http.request.method=GET;url.scheme=http],Metric,3937
06/08/2026 11:51:40,System.Runtime,dotnet.jit.compiled_il.size (By / 1 sec),Rate,836
06/08/2026 11:51:40,System.Runtime,dotnet.monitor.lock_contentions ({contention} / 1 sec),Rate,4
06/08/2026 11:51:40,System.Runtime,dotnet.gc.collections ({collection} / 1 sec)[gc.heap.generation=gen0],Rate,0
06/08/2026 11:51:40,System.Runtime,dotnet.gc.collections ({collection} / 1 sec)[gc.heap.generation=gen1],Rate,1
06/08/2026 11:51:40,System.Runtime,dotnet.gc.collections ({collection} / 1 sec)[gc.heap.generation=gen2],Rate,1
06/08/2026 11:51:40,Npgsql,db.client.connection.npgsql.pending_requests ({request})[db.client.connection.pool.name=Host=127.0.0.1;Port=5432;Username=postgres;Database=myapp_load;Maximum Pool Size=500],Metric,3437
06/08/2026 11:51:40,Microsoft.AspNetCore.Hosting,http.server.request.duration (s)[http.request.method=GET;http.response.status_code=200;http.route=/orders/{id:int};network.protocol.version=1.1;url.scheme=http;Percentile=50],Metric,1.650390625
06/08/2026 11:51:40,Microsoft.AspNetCore.Hosting,http.server.request.duration (s)[http.request.method=GET;http.response.status_code=200;http.route=/orders/{id:int};network.protocol.version=1.1;url.scheme=http;Percentile=95],Metric,2.28125
06/08/2026 11:51:40,Microsoft.AspNetCore.Hosting,http.server.request.duration (s)[http.request.method=GET;http.response.status_code=200;http.route=/orders/{id:int};network.protocol.version=1.1;url.scheme=http;Percentile=99],Metric,2.87890625
06/08/2026 11:51:40,Npgsql,db.client.operation.npgsql.executing ({command})[db.client.connection.pool.name=Host=127.0.0.1;Port=5432;Username=postgres;Database=myapp_load;Maximum Pool Size=500],Metric,500
06/08/2026 11:51:40,System.Runtime,dotnet.gc.last_collection.heap.size (By)[gc.heap.generation=poh],Metric,9472440
06/08/2026 11:51:40,System.Runtime,dotnet.gc.last_collection.heap.size (By)[gc.heap.generation=loh],Metric,4626696
06/08/2026 11:51:40,System.Runtime,dotnet.gc.last_collection.heap.size (By)[gc.heap.generation=gen0],Metric,9173432
06/08/2026 11:51:40,System.Runtime,dotnet.gc.last_collection.heap.size (By)[gc.heap.generation=gen1],Metric,43277928
06/08/2026 11:51:40,System.Runtime,dotnet.gc.last_collection.heap.size (By)[gc.heap.generation=gen2],Metric,64056632
06/08/2026 11:51:40,Npgsql,db.client.connection.max ({connection})[db.client.connection.pool.name=Host=127.0.0.1;Port=5432;Username=postgres;Database=myapp_load;Maximum Pool Size=500],Metric,500
06/08/2026 11:51:40,System.Runtime,dotnet.process.cpu.count ({cpu}),Metric,20
06/08/2026 11:51:40,Npgsql,db.client.connection.count ({connection})[db.client.connection.pool.name=Host=127.0.0.1;Port=5432;Username=postgres;Database=myapp_load;Maximum Pool Size=500;db.client.connection.state=used],Metric,500
06/08/2026 11:51:40,Npgsql,db.client.connection.count ({connection})[db.client.connection.pool.name=Host=127.0.0.1;Port=5432;Username=postgres;Database=myapp_load;Maximum Pool Size=500;db.client.connection.state=idle],Metric,0
06/08/2026 11:51:40,System.Runtime,dotnet.gc.last_collection.heap.fragmentation.size (By)[gc.heap.generation=poh],Metric,20600
06/08/2026 11:51:40,System.Runtime,dotnet.gc.last_collection.heap.fragmentation.size (By)[gc.heap.generation=loh],Metric,768
06/08/2026 11:51:40,System.Runtime,dotnet.gc.last_collection.heap.fragmentation.size (By)[gc.heap.generation=gen0],Metric,1007496
06/08/2026 11:51:40,System.Runtime,dotnet.gc.last_collection.heap.fragmentation.size (By)[gc.heap.generation=gen1],Metric,4735936
06/08/2026 11:51:40,System.Runtime,dotnet.gc.last_collection.heap.fragmentation.size (By)[gc.heap.generation=gen2],Metric,8818096
06/08/2026 11:51:40,System.Runtime,dotnet.gc.last_collection.memory.committed_size (By),Metric,235110400
06/08/2026 11:51:40,Npgsql,db.client.operation.duration (s)[db.client.connection.pool.name=Host=127.0.0.1;Port=5432;Username=postgres;Database=myapp_load;Maximum Pool Size=500;db.system.name=postgresql;server.address=127.0.0.1;server.port=5432;Percentile=50],Metric,0.1231689453125
06/08/2026 11:51:40,Npgsql,db.client.operation.duration (s)[db.client.connection.pool.name=Host=127.0.0.1;Port=5432;Username=postgres;Database=myapp_load;Maximum Pool Size=500;db.system.name=postgresql;server.address=127.0.0.1;server.port=5432;Percentile=95],Metric,0.892578125
06/08/2026 11:51:40,Npgsql,db.client.operation.duration (s)[db.client.connection.pool.name=Host=127.0.0.1;Port=5432;Username=postgres;Database=myapp_load;Maximum Pool Size=500;db.system.name=postgresql;server.address=127.0.0.1;server.port=5432;Percentile=99],Metric,1.318359375
06/08/2026 11:51:40,System.Runtime,dotnet.gc.heap.total_allocated (By / 1 sec),Rate,30411072
06/08/2026 11:51:40,System.Runtime,dotnet.thread_pool.thread.count ({thread} / 1 sec),Rate,0
06/08/2026 11:51:40,System.Runtime,dotnet.jit.compiled_methods ({method} / 1 sec),Rate,8
06/08/2026 11:51:40,Npgsql,db.client.operation.npgsql.bytes_written (By / 1 sec)[db.client.connection.pool.name=Host=127.0.0.1;Port=5432;Username=postgres;Database=myapp_load;Maximum Pool Size=500],Rate,248865
06/08/2026 11:51:40,System.Runtime,dotnet.gc.pause.time (s / 1 sec),Rate,0.0942909999999999
06/08/2026 11:51:40,System.Runtime,dotnet.assembly.count ({assembly}),Metric,150
06/08/2026 11:51:40,System.Runtime,dotnet.timer.count ({timer}),Metric,3942
06/08/2026 11:51:40,System.Runtime,dotnet.thread_pool.queue.length ({work_item} / 1 sec),Rate,0
06/08/2026 11:51:41,System.Runtime,dotnet.thread_pool.work_item.count ({work_item} / 1 sec),Rate,9176
06/08/2026 11:51:41,Npgsql,db.client.operation.npgsql.bytes_read (By / 1 sec)[db.client.connection.pool.name=Host=127.0.0.1;Port=5432;Username=postgres;Database=myapp_load;Maximum Pool Size=500],Rate,343899
06/08/2026 11:51:41,System.Runtime,dotnet.process.cpu.time (s / 1 sec)[cpu.mode=system],Rate,0.859375
06/08/2026 11:51:41,System.Runtime,dotnet.process.cpu.time (s / 1 sec)[cpu.mode=user],Rate,0.578125
06/08/2026 11:51:41,System.Runtime,dotnet.jit.compilation.time (s / 1 sec),Rate,0.05104139999999546
06/08/2026 11:51:41,Npgsql,db.client.operation.npgsql.prepared_ratio[db.client.connection.pool.name=Host=127.0.0.1;Port=5432;Username=postgres;Database=myapp_load;Maximum Pool Size=500],Metric,0
06/08/2026 11:51:41,System.Runtime,dotnet.process.memory.working_set (By),Metric,348340224
06/08/2026 11:51:41,System.Runtime,dotnet.exceptions ({exception} / 1 sec)[error.type=HttpRequestException],Rate,11
06/08/2026 11:51:41,System.Runtime,dotnet.exceptions ({exception} / 1 sec)[error.type=SocketException],Rate,2
06/08/2026 11:51:41,Microsoft.AspNetCore.Hosting,http.server.active_requests ({request})[http.request.method=POST;url.scheme=http],Metric,0
06/08/2026 11:51:41,Microsoft.AspNetCore.Hosting,http.server.active_requests ({request})[http.request.method=GET;url.scheme=http],Metric,3864
06/08/2026 11:51:41,System.Runtime,dotnet.jit.compiled_il.size (By / 1 sec),Rate,2455
06/08/2026 11:51:41,System.Runtime,dotnet.monitor.lock_contentions ({contention} / 1 sec),Rate,6
06/08/2026 11:51:41,System.Runtime,dotnet.gc.collections ({collection} / 1 sec)[gc.heap.generation=gen0],Rate,0
06/08/2026 11:51:41,System.Runtime,dotnet.gc.collections ({collection} / 1 sec)[gc.heap.generation=gen1],Rate,0
06/08/2026 11:51:41,System.Runtime,dotnet.gc.collections ({collection} / 1 sec)[gc.heap.generation=gen2],Rate,0
06/08/2026 11:51:41,Npgsql,db.client.connection.npgsql.pending_requests ({request})[db.client.connection.pool.name=Host=127.0.0.1;Port=5432;Username=postgres;Database=myapp_load;Maximum Pool Size=500],Metric,3364
06/08/2026 11:51:41,Microsoft.AspNetCore.Hosting,http.server.request.duration (s)[http.request.method=GET;http.response.status_code=200;http.route=/orders/{id:int};network.protocol.version=1.1;url.scheme=http;Percentile=50],Metric,1.951171875
06/08/2026 11:51:41,Microsoft.AspNetCore.Hosting,http.server.request.duration (s)[http.request.method=GET;http.response.status_code=200;http.route=/orders/{id:int};network.protocol.version=1.1;url.scheme=http;Percentile=95],Metric,2.40625
06/08/2026 11:51:41,Microsoft.AspNetCore.Hosting,http.server.request.duration (s)[http.request.method=GET;http.response.status_code=200;http.route=/orders/{id:int};network.protocol.version=1.1;url.scheme=http;Percentile=99],Metric,3.74609375
06/08/2026 11:51:41,Npgsql,db.client.operation.npgsql.executing ({command})[db.client.connection.pool.name=Host=127.0.0.1;Port=5432;Username=postgres;Database=myapp_load;Maximum Pool Size=500],Metric,500
06/08/2026 11:51:41,System.Runtime,dotnet.gc.last_collection.heap.size (By)[gc.heap.generation=poh],Metric,9472440
06/08/2026 11:51:41,System.Runtime,dotnet.gc.last_collection.heap.size (By)[gc.heap.generation=loh],Metric,4626696
06/08/2026 11:51:41,System.Runtime,dotnet.gc.last_collection.heap.size (By)[gc.heap.generation=gen0],Metric,9173432
06/08/2026 11:51:41,System.Runtime,dotnet.gc.last_collection.heap.size (By)[gc.heap.generation=gen1],Metric,43277928
06/08/2026 11:51:41,System.Runtime,dotnet.gc.last_collection.heap.size (By)[gc.heap.generation=gen2],Metric,64056632
06/08/2026 11:51:41,Npgsql,db.client.connection.max ({connection})[db.client.connection.pool.name=Host=127.0.0.1;Port=5432;Username=postgres;Database=myapp_load;Maximum Pool Size=500],Metric,500
06/08/2026 11:51:41,System.Runtime,dotnet.process.cpu.count ({cpu}),Metric,20
06/08/2026 11:51:41,Npgsql,db.client.connection.count ({connection})[db.client.connection.pool.name=Host=127.0.0.1;Port=5432;Username=postgres;Database=myapp_load;Maximum Pool Size=500;db.client.connection.state=used],Metric,500
06/08/2026 11:51:41,Npgsql,db.client.connection.count ({connection})[db.client.connection.pool.name=Host=127.0.0.1;Port=5432;Username=postgres;Database=myapp_load;Maximum Pool Size=500;db.client.connection.state=idle],Metric,0
06/08/2026 11:51:41,System.Runtime,dotnet.gc.last_collection.heap.fragmentation.size (By)[gc.heap.generation=poh],Metric,20600
06/08/2026 11:51:41,System.Runtime,dotnet.gc.last_collection.heap.fragmentation.size (By)[gc.heap.generation=loh],Metric,768
06/08/2026 11:51:41,System.Runtime,dotnet.gc.last_collection.heap.fragmentation.size (By)[gc.heap.generation=gen0],Metric,1007496
06/08/2026 11:51:41,System.Runtime,dotnet.gc.last_collection.heap.fragmentation.size (By)[gc.heap.generation=gen1],Metric,4735936
06/08/2026 11:51:41,System.Runtime,dotnet.gc.last_collection.heap.fragmentation.size (By)[gc.heap.generation=gen2],Metric,8818096
06/08/2026 11:51:41,System.Runtime,dotnet.gc.last_collection.memory.committed_size (By),Metric,235110400
06/08/2026 11:51:41,Npgsql,db.client.operation.duration (s)[db.client.connection.pool.name=Host=127.0.0.1;Port=5432;Username=postgres;Database=myapp_load;Maximum Pool Size=500;db.system.name=postgresql;server.address=127.0.0.1;server.port=5432;Percentile=50],Metric,0.10498046875
06/08/2026 11:51:41,Npgsql,db.client.operation.duration (s)[db.client.connection.pool.name=Host=127.0.0.1;Port=5432;Username=postgres;Database=myapp_load;Maximum Pool Size=500;db.system.name=postgresql;server.address=127.0.0.1;server.port=5432;Percentile=95],Metric,0.9501953125
06/08/2026 11:51:41,Npgsql,db.client.operation.duration (s)[db.client.connection.pool.name=Host=127.0.0.1;Port=5432;Username=postgres;Database=myapp_load;Maximum Pool Size=500;db.system.name=postgresql;server.address=127.0.0.1;server.port=5432;Percentile=99],Metric,2.3203125
06/08/2026 11:51:41,System.Runtime,dotnet.gc.heap.total_allocated (By / 1 sec),Rate,37025512
06/08/2026 11:51:41,System.Runtime,dotnet.thread_pool.thread.count ({thread} / 1 sec),Rate,-3
06/08/2026 11:51:41,System.Runtime,dotnet.jit.compiled_methods ({method} / 1 sec),Rate,9
06/08/2026 11:51:41,Npgsql,db.client.operation.npgsql.bytes_written (By / 1 sec)[db.client.connection.pool.name=Host=127.0.0.1;Port=5432;Username=postgres;Database=myapp_load;Maximum Pool Size=500],Rate,290460
06/08/2026 11:51:41,System.Runtime,dotnet.gc.pause.time (s / 1 sec),Rate,0
06/08/2026 11:51:41,System.Runtime,dotnet.assembly.count ({assembly}),Metric,150
06/08/2026 11:51:41,System.Runtime,dotnet.timer.count ({timer}),Metric,3869
06/08/2026 11:51:41,System.Runtime,dotnet.thread_pool.queue.length ({work_item} / 1 sec),Rate,2
06/08/2026 11:51:42,System.Runtime,dotnet.thread_pool.work_item.count ({work_item} / 1 sec),Rate,10082
06/08/2026 11:51:42,Npgsql,db.client.operation.npgsql.bytes_read (By / 1 sec)[db.client.connection.pool.name=Host=127.0.0.1;Port=5432;Username=postgres;Database=myapp_load;Maximum Pool Size=500],Rate,357165
06/08/2026 11:51:42,System.Runtime,dotnet.process.cpu.time (s / 1 sec)[cpu.mode=system],Rate,0.609375
06/08/2026 11:51:42,System.Runtime,dotnet.process.cpu.time (s / 1 sec)[cpu.mode=user],Rate,0.78125
06/08/2026 11:51:42,System.Runtime,dotnet.jit.compilation.time (s / 1 sec),Rate,0.04835240000000596
06/08/2026 11:51:42,Npgsql,db.client.operation.npgsql.prepared_ratio[db.client.connection.pool.name=Host=127.0.0.1;Port=5432;Username=postgres;Database=myapp_load;Maximum Pool Size=500],Metric,0
06/08/2026 11:51:42,System.Runtime,dotnet.process.memory.working_set (By),Metric,348336128
06/08/2026 11:51:42,System.Runtime,dotnet.exceptions ({exception} / 1 sec)[error.type=HttpRequestException],Rate,0
06/08/2026 11:51:42,System.Runtime,dotnet.exceptions ({exception} / 1 sec)[error.type=SocketException],Rate,0
06/08/2026 11:51:42,Microsoft.AspNetCore.Hosting,http.server.active_requests ({request})[http.request.method=POST;url.scheme=http],Metric,0
06/08/2026 11:51:42,Microsoft.AspNetCore.Hosting,http.server.active_requests ({request})[http.request.method=GET;url.scheme=http],Metric,3793
06/08/2026 11:51:42,System.Runtime,dotnet.jit.compiled_il.size (By / 1 sec),Rate,999
06/08/2026 11:51:42,System.Runtime,dotnet.monitor.lock_contentions ({contention} / 1 sec),Rate,24
06/08/2026 11:51:42,System.Runtime,dotnet.gc.collections ({collection} / 1 sec)[gc.heap.generation=gen0],Rate,0
06/08/2026 11:51:42,System.Runtime,dotnet.gc.collections ({collection} / 1 sec)[gc.heap.generation=gen1],Rate,0
06/08/2026 11:51:42,System.Runtime,dotnet.gc.collections ({collection} / 1 sec)[gc.heap.generation=gen2],Rate,0
06/08/2026 11:51:42,Npgsql,db.client.connection.npgsql.pending_requests ({request})[db.client.connection.pool.name=Host=127.0.0.1;Port=5432;Username=postgres;Database=myapp_load;Maximum Pool Size=500],Metric,3315
06/08/2026 11:51:42,Microsoft.AspNetCore.Hosting,http.server.request.duration (s)[http.request.method=GET;http.response.status_code=200;http.route=/orders/{id:int};network.protocol.version=1.1;url.scheme=http;Percentile=50],Metric,1.775390625
06/08/2026 11:51:42,Microsoft.AspNetCore.Hosting,http.server.request.duration (s)[http.request.method=GET;http.response.status_code=200;http.route=/orders/{id:int};network.protocol.version=1.1;url.scheme=http;Percentile=95],Metric,2.25
06/08/2026 11:51:42,Microsoft.AspNetCore.Hosting,http.server.request.duration (s)[http.request.method=GET;http.response.status_code=200;http.route=/orders/{id:int};network.protocol.version=1.1;url.scheme=http;Percentile=99],Metric,3.1171875
06/08/2026 11:51:42,Npgsql,db.client.operation.npgsql.executing ({command})[db.client.connection.pool.name=Host=127.0.0.1;Port=5432;Username=postgres;Database=myapp_load;Maximum Pool Size=500],Metric,476
06/08/2026 11:51:42,System.Runtime,dotnet.gc.last_collection.heap.size (By)[gc.heap.generation=poh],Metric,9472440
06/08/2026 11:51:42,System.Runtime,dotnet.gc.last_collection.heap.size (By)[gc.heap.generation=loh],Metric,4626696
06/08/2026 11:51:42,System.Runtime,dotnet.gc.last_collection.heap.size (By)[gc.heap.generation=gen0],Metric,9173432
06/08/2026 11:51:42,System.Runtime,dotnet.gc.last_collection.heap.size (By)[gc.heap.generation=gen1],Metric,43277928
06/08/2026 11:51:42,System.Runtime,dotnet.gc.last_collection.heap.size (By)[gc.heap.generation=gen2],Metric,64056632
06/08/2026 11:51:42,Npgsql,db.client.connection.max ({connection})[db.client.connection.pool.name=Host=127.0.0.1;Port=5432;Username=postgres;Database=myapp_load;Maximum Pool Size=500],Metric,500
06/08/2026 11:51:42,System.Runtime,dotnet.process.cpu.count ({cpu}),Metric,20
06/08/2026 11:51:42,Npgsql,db.client.connection.count ({connection})[db.client.connection.pool.name=Host=127.0.0.1;Port=5432;Username=postgres;Database=myapp_load;Maximum Pool Size=500;db.client.connection.state=used],Metric,488
06/08/2026 11:51:42,Npgsql,db.client.connection.count ({connection})[db.client.connection.pool.name=Host=127.0.0.1;Port=5432;Username=postgres;Database=myapp_load;Maximum Pool Size=500;db.client.connection.state=idle],Metric,12
06/08/2026 11:51:42,System.Runtime,dotnet.gc.last_collection.heap.fragmentation.size (By)[gc.heap.generation=poh],Metric,20600
06/08/2026 11:51:42,System.Runtime,dotnet.gc.last_collection.heap.fragmentation.size (By)[gc.heap.generation=loh],Metric,768
06/08/2026 11:51:42,System.Runtime,dotnet.gc.last_collection.heap.fragmentation.size (By)[gc.heap.generation=gen0],Metric,1007496
06/08/2026 11:51:42,System.Runtime,dotnet.gc.last_collection.heap.fragmentation.size (By)[gc.heap.generation=gen1],Metric,4735936
06/08/2026 11:51:42,System.Runtime,dotnet.gc.last_collection.heap.fragmentation.size (By)[gc.heap.generation=gen2],Metric,8818096
06/08/2026 11:51:42,System.Runtime,dotnet.gc.last_collection.memory.committed_size (By),Metric,235110400
06/08/2026 11:51:42,Npgsql,db.client.operation.duration (s)[db.client.connection.pool.name=Host=127.0.0.1;Port=5432;Username=postgres;Database=myapp_load;Maximum Pool Size=500;db.system.name=postgresql;server.address=127.0.0.1;server.port=5432;Percentile=50],Metric,0.06591796875
06/08/2026 11:51:42,Npgsql,db.client.operation.duration (s)[db.client.connection.pool.name=Host=127.0.0.1;Port=5432;Username=postgres;Database=myapp_load;Maximum Pool Size=500;db.system.name=postgresql;server.address=127.0.0.1;server.port=5432;Percentile=95],Metric,0.42822265625
06/08/2026 11:51:42,Npgsql,db.client.operation.duration (s)[db.client.connection.pool.name=Host=127.0.0.1;Port=5432;Username=postgres;Database=myapp_load;Maximum Pool Size=500;db.system.name=postgresql;server.address=127.0.0.1;server.port=5432;Percentile=99],Metric,1.62109375
06/08/2026 11:51:42,System.Runtime,dotnet.gc.heap.total_allocated (By / 1 sec),Rate,38143320
06/08/2026 11:51:42,System.Runtime,dotnet.thread_pool.thread.count ({thread} / 1 sec),Rate,0
06/08/2026 11:51:42,System.Runtime,dotnet.jit.compiled_methods ({method} / 1 sec),Rate,26
06/08/2026 11:51:42,Npgsql,db.client.operation.npgsql.bytes_written (By / 1 sec)[db.client.connection.pool.name=Host=127.0.0.1;Port=5432;Username=postgres;Database=myapp_load;Maximum Pool Size=500],Rate,296946
06/08/2026 11:51:42,System.Runtime,dotnet.gc.pause.time (s / 1 sec),Rate,0
06/08/2026 11:51:42,System.Runtime,dotnet.assembly.count ({assembly}),Metric,150
06/08/2026 11:51:42,System.Runtime,dotnet.timer.count ({timer}),Metric,3790
06/08/2026 11:51:42,System.Runtime,dotnet.thread_pool.queue.length ({work_item} / 1 sec),Rate,313
06/08/2026 11:51:43,System.Runtime,dotnet.thread_pool.work_item.count ({work_item} / 1 sec),Rate,9158
06/08/2026 11:51:43,Npgsql,db.client.operation.npgsql.bytes_read (By / 1 sec)[db.client.connection.pool.name=Host=127.0.0.1;Port=5432;Username=postgres;Database=myapp_load;Maximum Pool Size=500],Rate,320907
06/08/2026 11:51:43,System.Runtime,dotnet.process.cpu.time (s / 1 sec)[cpu.mode=system],Rate,0.65625
06/08/2026 11:51:43,System.Runtime,dotnet.process.cpu.time (s / 1 sec)[cpu.mode=user],Rate,0.953125
06/08/2026 11:51:43,System.Runtime,dotnet.jit.compilation.time (s / 1 sec),Rate,0
06/08/2026 11:51:43,Npgsql,db.client.operation.npgsql.prepared_ratio[db.client.connection.pool.name=Host=127.0.0.1;Port=5432;Username=postgres;Database=myapp_load;Maximum Pool Size=500],Metric,0
06/08/2026 11:51:43,System.Runtime,dotnet.process.memory.working_set (By),Metric,350089216
06/08/2026 11:51:43,System.Runtime,dotnet.exceptions ({exception} / 1 sec)[error.type=HttpRequestException],Rate,0
06/08/2026 11:51:43,System.Runtime,dotnet.exceptions ({exception} / 1 sec)[error.type=SocketException],Rate,0
06/08/2026 11:51:43,Microsoft.AspNetCore.Hosting,http.server.active_requests ({request})[http.request.method=POST;url.scheme=http],Metric,0
06/08/2026 11:51:43,Microsoft.AspNetCore.Hosting,http.server.active_requests ({request})[http.request.method=GET;url.scheme=http],Metric,4095
06/08/2026 11:51:43,System.Runtime,dotnet.jit.compiled_il.size (By / 1 sec),Rate,0
06/08/2026 11:51:43,System.Runtime,dotnet.monitor.lock_contentions ({contention} / 1 sec),Rate,24
06/08/2026 11:51:43,System.Runtime,dotnet.gc.collections ({collection} / 1 sec)[gc.heap.generation=gen0],Rate,0
06/08/2026 11:51:43,System.Runtime,dotnet.gc.collections ({collection} / 1 sec)[gc.heap.generation=gen1],Rate,1
06/08/2026 11:51:43,System.Runtime,dotnet.gc.collections ({collection} / 1 sec)[gc.heap.generation=gen2],Rate,0
06/08/2026 11:51:43,Npgsql,db.client.connection.npgsql.pending_requests ({request})[db.client.connection.pool.name=Host=127.0.0.1;Port=5432;Username=postgres;Database=myapp_load;Maximum Pool Size=500],Metric,3591
06/08/2026 11:51:43,Microsoft.AspNetCore.Hosting,http.server.request.duration (s)[http.request.method=GET;http.response.status_code=200;http.route=/orders/{id:int};network.protocol.version=1.1;url.scheme=http;Percentile=50],Metric,1.80078125
06/08/2026 11:51:43,Microsoft.AspNetCore.Hosting,http.server.request.duration (s)[http.request.method=GET;http.response.status_code=200;http.route=/orders/{id:int};network.protocol.version=1.1;url.scheme=http;Percentile=95],Metric,4.2421875
06/08/2026 11:51:43,Microsoft.AspNetCore.Hosting,http.server.request.duration (s)[http.request.method=GET;http.response.status_code=200;http.route=/orders/{id:int};network.protocol.version=1.1;url.scheme=http;Percentile=99],Metric,5.7890625
06/08/2026 11:51:43,Npgsql,db.client.operation.npgsql.executing ({command})[db.client.connection.pool.name=Host=127.0.0.1;Port=5432;Username=postgres;Database=myapp_load;Maximum Pool Size=500],Metric,499
06/08/2026 11:51:43,System.Runtime,dotnet.gc.last_collection.heap.size (By)[gc.heap.generation=poh],Metric,9472440
06/08/2026 11:51:43,System.Runtime,dotnet.gc.last_collection.heap.size (By)[gc.heap.generation=loh],Metric,4626696
06/08/2026 11:51:43,System.Runtime,dotnet.gc.last_collection.heap.size (By)[gc.heap.generation=gen0],Metric,4221416
06/08/2026 11:51:43,System.Runtime,dotnet.gc.last_collection.heap.size (By)[gc.heap.generation=gen1],Metric,42932880
06/08/2026 11:51:43,System.Runtime,dotnet.gc.last_collection.heap.size (By)[gc.heap.generation=gen2],Metric,64056632
06/08/2026 11:51:43,Npgsql,db.client.connection.max ({connection})[db.client.connection.pool.name=Host=127.0.0.1;Port=5432;Username=postgres;Database=myapp_load;Maximum Pool Size=500],Metric,500
06/08/2026 11:51:43,System.Runtime,dotnet.process.cpu.count ({cpu}),Metric,20
06/08/2026 11:51:43,Npgsql,db.client.connection.count ({connection})[db.client.connection.pool.name=Host=127.0.0.1;Port=5432;Username=postgres;Database=myapp_load;Maximum Pool Size=500;db.client.connection.state=used],Metric,500
06/08/2026 11:51:43,Npgsql,db.client.connection.count ({connection})[db.client.connection.pool.name=Host=127.0.0.1;Port=5432;Username=postgres;Database=myapp_load;Maximum Pool Size=500;db.client.connection.state=idle],Metric,0
06/08/2026 11:51:43,System.Runtime,dotnet.gc.last_collection.heap.fragmentation.size (By)[gc.heap.generation=poh],Metric,20600
06/08/2026 11:51:43,System.Runtime,dotnet.gc.last_collection.heap.fragmentation.size (By)[gc.heap.generation=loh],Metric,768
06/08/2026 11:51:43,System.Runtime,dotnet.gc.last_collection.heap.fragmentation.size (By)[gc.heap.generation=gen0],Metric,4213016
06/08/2026 11:51:43,System.Runtime,dotnet.gc.last_collection.heap.fragmentation.size (By)[gc.heap.generation=gen1],Metric,555544
06/08/2026 11:51:43,System.Runtime,dotnet.gc.last_collection.heap.fragmentation.size (By)[gc.heap.generation=gen2],Metric,6615640
06/08/2026 11:51:43,System.Runtime,dotnet.gc.last_collection.memory.committed_size (By),Metric,241860608
06/08/2026 11:51:43,Npgsql,db.client.operation.duration (s)[db.client.connection.pool.name=Host=127.0.0.1;Port=5432;Username=postgres;Database=myapp_load;Maximum Pool Size=500;db.system.name=postgresql;server.address=127.0.0.1;server.port=5432;Percentile=50],Metric,0.12646484375
06/08/2026 11:51:43,Npgsql,db.client.operation.duration (s)[db.client.connection.pool.name=Host=127.0.0.1;Port=5432;Username=postgres;Database=myapp_load;Maximum Pool Size=500;db.system.name=postgresql;server.address=127.0.0.1;server.port=5432;Percentile=95],Metric,2.70703125
06/08/2026 11:51:43,Npgsql,db.client.operation.duration (s)[db.client.connection.pool.name=Host=127.0.0.1;Port=5432;Username=postgres;Database=myapp_load;Maximum Pool Size=500;db.system.name=postgresql;server.address=127.0.0.1;server.port=5432;Percentile=99],Metric,4.359375
06/08/2026 11:51:43,System.Runtime,dotnet.gc.heap.total_allocated (By / 1 sec),Rate,40145720
06/08/2026 11:51:43,System.Runtime,dotnet.thread_pool.thread.count ({thread} / 1 sec),Rate,-1
06/08/2026 11:51:43,System.Runtime,dotnet.jit.compiled_methods ({method} / 1 sec),Rate,0
06/08/2026 11:51:43,Npgsql,db.client.operation.npgsql.bytes_written (By / 1 sec)[db.client.connection.pool.name=Host=127.0.0.1;Port=5432;Username=postgres;Database=myapp_load;Maximum Pool Size=500],Rate,275514
06/08/2026 11:51:43,System.Runtime,dotnet.gc.pause.time (s / 1 sec),Rate,0.07115700000000014
06/08/2026 11:51:43,System.Runtime,dotnet.assembly.count ({assembly}),Metric,150
06/08/2026 11:51:43,System.Runtime,dotnet.timer.count ({timer}),Metric,4085
06/08/2026 11:51:43,System.Runtime,dotnet.thread_pool.queue.length ({work_item} / 1 sec),Rate,-307
06/08/2026 11:51:44,System.Runtime,dotnet.thread_pool.work_item.count ({work_item} / 1 sec),Rate,10238
06/08/2026 11:51:44,Npgsql,db.client.operation.npgsql.bytes_read (By / 1 sec)[db.client.connection.pool.name=Host=127.0.0.1;Port=5432;Username=postgres;Database=myapp_load;Maximum Pool Size=500],Rate,418173
06/08/2026 11:51:44,System.Runtime,dotnet.process.cpu.time (s / 1 sec)[cpu.mode=system],Rate,0.6875
06/08/2026 11:51:44,System.Runtime,dotnet.process.cpu.time (s / 1 sec)[cpu.mode=user],Rate,0.625
06/08/2026 11:51:44,System.Runtime,dotnet.jit.compilation.time (s / 1 sec),Rate,0
06/08/2026 11:51:44,Npgsql,db.client.operation.npgsql.prepared_ratio[db.client.connection.pool.name=Host=127.0.0.1;Port=5432;Username=postgres;Database=myapp_load;Maximum Pool Size=500],Metric,0
06/08/2026 11:51:44,System.Runtime,dotnet.process.memory.working_set (By),Metric,349937664
06/08/2026 11:51:44,System.Runtime,dotnet.exceptions ({exception} / 1 sec)[error.type=HttpRequestException],Rate,0
06/08/2026 11:51:44,System.Runtime,dotnet.exceptions ({exception} / 1 sec)[error.type=SocketException],Rate,0
06/08/2026 11:51:44,Microsoft.AspNetCore.Hosting,http.server.active_requests ({request})[http.request.method=POST;url.scheme=http],Metric,0
06/08/2026 11:51:44,Microsoft.AspNetCore.Hosting,http.server.active_requests ({request})[http.request.method=GET;url.scheme=http],Metric,3330
06/08/2026 11:51:44,System.Runtime,dotnet.jit.compiled_il.size (By / 1 sec),Rate,0
06/08/2026 11:51:44,System.Runtime,dotnet.monitor.lock_contentions ({contention} / 1 sec),Rate,2
06/08/2026 11:51:44,System.Runtime,dotnet.gc.collections ({collection} / 1 sec)[gc.heap.generation=gen0],Rate,0
06/08/2026 11:51:44,System.Runtime,dotnet.gc.collections ({collection} / 1 sec)[gc.heap.generation=gen1],Rate,0
06/08/2026 11:51:44,System.Runtime,dotnet.gc.collections ({collection} / 1 sec)[gc.heap.generation=gen2],Rate,0
06/08/2026 11:51:44,Npgsql,db.client.connection.npgsql.pending_requests ({request})[db.client.connection.pool.name=Host=127.0.0.1;Port=5432;Username=postgres;Database=myapp_load;Maximum Pool Size=500],Metric,2828
06/08/2026 11:51:44,Microsoft.AspNetCore.Hosting,http.server.request.duration (s)[http.request.method=GET;http.response.status_code=200;http.route=/orders/{id:int};network.protocol.version=1.1;url.scheme=http;Percentile=50],Metric,1.80859375
06/08/2026 11:51:44,Microsoft.AspNetCore.Hosting,http.server.request.duration (s)[http.request.method=GET;http.response.status_code=200;http.route=/orders/{id:int};network.protocol.version=1.1;url.scheme=http;Percentile=95],Metric,2.49609375
06/08/2026 11:51:44,Microsoft.AspNetCore.Hosting,http.server.request.duration (s)[http.request.method=GET;http.response.status_code=200;http.route=/orders/{id:int};network.protocol.version=1.1;url.scheme=http;Percentile=99],Metric,3.28125
06/08/2026 11:51:44,Npgsql,db.client.operation.npgsql.executing ({command})[db.client.connection.pool.name=Host=127.0.0.1;Port=5432;Username=postgres;Database=myapp_load;Maximum Pool Size=500],Metric,500
06/08/2026 11:51:44,System.Runtime,dotnet.gc.last_collection.heap.size (By)[gc.heap.generation=poh],Metric,9472440
06/08/2026 11:51:44,System.Runtime,dotnet.gc.last_collection.heap.size (By)[gc.heap.generation=loh],Metric,4626696
06/08/2026 11:51:44,System.Runtime,dotnet.gc.last_collection.heap.size (By)[gc.heap.generation=gen0],Metric,4221416
06/08/2026 11:51:44,System.Runtime,dotnet.gc.last_collection.heap.size (By)[gc.heap.generation=gen1],Metric,42932880
06/08/2026 11:51:44,System.Runtime,dotnet.gc.last_collection.heap.size (By)[gc.heap.generation=gen2],Metric,64056632
06/08/2026 11:51:44,Npgsql,db.client.connection.max ({connection})[db.client.connection.pool.name=Host=127.0.0.1;Port=5432;Username=postgres;Database=myapp_load;Maximum Pool Size=500],Metric,500
06/08/2026 11:51:44,System.Runtime,dotnet.process.cpu.count ({cpu}),Metric,20
06/08/2026 11:51:44,Npgsql,db.client.connection.count ({connection})[db.client.connection.pool.name=Host=127.0.0.1;Port=5432;Username=postgres;Database=myapp_load;Maximum Pool Size=500;db.client.connection.state=used],Metric,500
06/08/2026 11:51:44,Npgsql,db.client.connection.count ({connection})[db.client.connection.pool.name=Host=127.0.0.1;Port=5432;Username=postgres;Database=myapp_load;Maximum Pool Size=500;db.client.connection.state=idle],Metric,0
06/08/2026 11:51:44,System.Runtime,dotnet.gc.last_collection.heap.fragmentation.size (By)[gc.heap.generation=poh],Metric,20600
06/08/2026 11:51:44,System.Runtime,dotnet.gc.last_collection.heap.fragmentation.size (By)[gc.heap.generation=loh],Metric,768
06/08/2026 11:51:44,System.Runtime,dotnet.gc.last_collection.heap.fragmentation.size (By)[gc.heap.generation=gen0],Metric,4213016
06/08/2026 11:51:44,System.Runtime,dotnet.gc.last_collection.heap.fragmentation.size (By)[gc.heap.generation=gen1],Metric,555544
06/08/2026 11:51:44,System.Runtime,dotnet.gc.last_collection.heap.fragmentation.size (By)[gc.heap.generation=gen2],Metric,6615640
06/08/2026 11:51:44,System.Runtime,dotnet.gc.last_collection.memory.committed_size (By),Metric,241860608
06/08/2026 11:51:44,Npgsql,db.client.operation.duration (s)[db.client.connection.pool.name=Host=127.0.0.1;Port=5432;Username=postgres;Database=myapp_load;Maximum Pool Size=500;db.system.name=postgresql;server.address=127.0.0.1;server.port=5432;Percentile=50],Metric,0.06494140625
06/08/2026 11:51:44,Npgsql,db.client.operation.duration (s)[db.client.connection.pool.name=Host=127.0.0.1;Port=5432;Username=postgres;Database=myapp_load;Maximum Pool Size=500;db.system.name=postgresql;server.address=127.0.0.1;server.port=5432;Percentile=95],Metric,0.775390625
06/08/2026 11:51:44,Npgsql,db.client.operation.duration (s)[db.client.connection.pool.name=Host=127.0.0.1;Port=5432;Username=postgres;Database=myapp_load;Maximum Pool Size=500;db.system.name=postgresql;server.address=127.0.0.1;server.port=5432;Percentile=99],Metric,1.5
06/08/2026 11:51:44,System.Runtime,dotnet.gc.heap.total_allocated (By / 1 sec),Rate,34860088
06/08/2026 11:51:44,System.Runtime,dotnet.thread_pool.thread.count ({thread} / 1 sec),Rate,0
06/08/2026 11:51:44,System.Runtime,dotnet.jit.compiled_methods ({method} / 1 sec),Rate,0
06/08/2026 11:51:44,Npgsql,db.client.operation.npgsql.bytes_written (By / 1 sec)[db.client.connection.pool.name=Host=127.0.0.1;Port=5432;Username=postgres;Database=myapp_load;Maximum Pool Size=500],Rate,352782
06/08/2026 11:51:44,System.Runtime,dotnet.gc.pause.time (s / 1 sec),Rate,0
06/08/2026 11:51:44,System.Runtime,dotnet.assembly.count ({assembly}),Metric,150
06/08/2026 11:51:44,System.Runtime,dotnet.timer.count ({timer}),Metric,3332
06/08/2026 11:51:44,System.Runtime,dotnet.thread_pool.queue.length ({work_item} / 1 sec),Rate,-8
06/08/2026 11:51:45,System.Runtime,dotnet.thread_pool.work_item.count ({work_item} / 1 sec),Rate,14876
06/08/2026 11:51:45,Npgsql,db.client.operation.npgsql.bytes_read (By / 1 sec)[db.client.connection.pool.name=Host=127.0.0.1;Port=5432;Username=postgres;Database=myapp_load;Maximum Pool Size=500],Rate,542827
06/08/2026 11:51:45,System.Runtime,dotnet.process.cpu.time (s / 1 sec)[cpu.mode=system],Rate,1.328125
06/08/2026 11:51:45,System.Runtime,dotnet.process.cpu.time (s / 1 sec)[cpu.mode=user],Rate,1.015625
06/08/2026 11:51:45,System.Runtime,dotnet.jit.compilation.time (s / 1 sec),Rate,0.0018182999999964977
06/08/2026 11:51:45,Npgsql,db.client.operation.npgsql.prepared_ratio[db.client.connection.pool.name=Host=127.0.0.1;Port=5432;Username=postgres;Database=myapp_load;Maximum Pool Size=500],Metric,0
06/08/2026 11:51:45,System.Runtime,dotnet.process.memory.working_set (By),Metric,365330432
06/08/2026 11:51:45,System.Runtime,dotnet.exceptions ({exception} / 1 sec)[error.type=HttpRequestException],Rate,11
06/08/2026 11:51:45,System.Runtime,dotnet.exceptions ({exception} / 1 sec)[error.type=SocketException],Rate,2
06/08/2026 11:51:45,Microsoft.AspNetCore.Hosting,http.server.active_requests ({request})[http.request.method=POST;url.scheme=http],Metric,0
06/08/2026 11:51:45,Microsoft.AspNetCore.Hosting,http.server.active_requests ({request})[http.request.method=GET;url.scheme=http],Metric,3868
06/08/2026 11:51:45,System.Runtime,dotnet.jit.compiled_il.size (By / 1 sec),Rate,80
06/08/2026 11:51:45,System.Runtime,dotnet.monitor.lock_contentions ({contention} / 1 sec),Rate,67
06/08/2026 11:51:45,System.Runtime,dotnet.gc.collections ({collection} / 1 sec)[gc.heap.generation=gen0],Rate,0
06/08/2026 11:51:45,System.Runtime,dotnet.gc.collections ({collection} / 1 sec)[gc.heap.generation=gen1],Rate,0
06/08/2026 11:51:45,System.Runtime,dotnet.gc.collections ({collection} / 1 sec)[gc.heap.generation=gen2],Rate,0
06/08/2026 11:51:45,Npgsql,db.client.connection.npgsql.pending_requests ({request})[db.client.connection.pool.name=Host=127.0.0.1;Port=5432;Username=postgres;Database=myapp_load;Maximum Pool Size=500],Metric,3535
06/08/2026 11:51:45,Microsoft.AspNetCore.Hosting,http.server.request.duration (s)[http.request.method=GET;http.response.status_code=200;http.route=/orders/{id:int};network.protocol.version=1.1;url.scheme=http;Percentile=50],Metric,1.431640625
06/08/2026 11:51:45,Microsoft.AspNetCore.Hosting,http.server.request.duration (s)[http.request.method=GET;http.response.status_code=200;http.route=/orders/{id:int};network.protocol.version=1.1;url.scheme=http;Percentile=95],Metric,2.09375
06/08/2026 11:51:45,Microsoft.AspNetCore.Hosting,http.server.request.duration (s)[http.request.method=GET;http.response.status_code=200;http.route=/orders/{id:int};network.protocol.version=1.1;url.scheme=http;Percentile=99],Metric,4.828125
06/08/2026 11:51:45,Npgsql,db.client.operation.npgsql.executing ({command})[db.client.connection.pool.name=Host=127.0.0.1;Port=5432;Username=postgres;Database=myapp_load;Maximum Pool Size=500],Metric,323
06/08/2026 11:51:45,System.Runtime,dotnet.gc.last_collection.heap.size (By)[gc.heap.generation=poh],Metric,9472440
06/08/2026 11:51:45,System.Runtime,dotnet.gc.last_collection.heap.size (By)[gc.heap.generation=loh],Metric,4626696
06/08/2026 11:51:45,System.Runtime,dotnet.gc.last_collection.heap.size (By)[gc.heap.generation=gen0],Metric,4221416
06/08/2026 11:51:45,System.Runtime,dotnet.gc.last_collection.heap.size (By)[gc.heap.generation=gen1],Metric,42932880
06/08/2026 11:51:45,System.Runtime,dotnet.gc.last_collection.heap.size (By)[gc.heap.generation=gen2],Metric,64056632
06/08/2026 11:51:45,Npgsql,db.client.connection.max ({connection})[db.client.connection.pool.name=Host=127.0.0.1;Port=5432;Username=postgres;Database=myapp_load;Maximum Pool Size=500],Metric,500
06/08/2026 11:51:45,System.Runtime,dotnet.process.cpu.count ({cpu}),Metric,20
06/08/2026 11:51:45,Npgsql,db.client.connection.count ({connection})[db.client.connection.pool.name=Host=127.0.0.1;Port=5432;Username=postgres;Database=myapp_load;Maximum Pool Size=500;db.client.connection.state=used],Metric,323
06/08/2026 11:51:45,Npgsql,db.client.connection.count ({connection})[db.client.connection.pool.name=Host=127.0.0.1;Port=5432;Username=postgres;Database=myapp_load;Maximum Pool Size=500;db.client.connection.state=idle],Metric,177
06/08/2026 11:51:45,System.Runtime,dotnet.gc.last_collection.heap.fragmentation.size (By)[gc.heap.generation=poh],Metric,20600
06/08/2026 11:51:45,System.Runtime,dotnet.gc.last_collection.heap.fragmentation.size (By)[gc.heap.generation=loh],Metric,768
06/08/2026 11:51:45,System.Runtime,dotnet.gc.last_collection.heap.fragmentation.size (By)[gc.heap.generation=gen0],Metric,4213016
06/08/2026 11:51:45,System.Runtime,dotnet.gc.last_collection.heap.fragmentation.size (By)[gc.heap.generation=gen1],Metric,555544
06/08/2026 11:51:45,System.Runtime,dotnet.gc.last_collection.heap.fragmentation.size (By)[gc.heap.generation=gen2],Metric,6615640
06/08/2026 11:51:45,System.Runtime,dotnet.gc.last_collection.memory.committed_size (By),Metric,241860608
06/08/2026 11:51:45,Npgsql,db.client.operation.duration (s)[db.client.connection.pool.name=Host=127.0.0.1;Port=5432;Username=postgres;Database=myapp_load;Maximum Pool Size=500;db.system.name=postgresql;server.address=127.0.0.1;server.port=5432;Percentile=50],Metric,0.0823974609375
06/08/2026 11:51:45,Npgsql,db.client.operation.duration (s)[db.client.connection.pool.name=Host=127.0.0.1;Port=5432;Username=postgres;Database=myapp_load;Maximum Pool Size=500;db.system.name=postgresql;server.address=127.0.0.1;server.port=5432;Percentile=95],Metric,0.5205078125
06/08/2026 11:51:45,Npgsql,db.client.operation.duration (s)[db.client.connection.pool.name=Host=127.0.0.1;Port=5432;Username=postgres;Database=myapp_load;Maximum Pool Size=500;db.system.name=postgresql;server.address=127.0.0.1;server.port=5432;Percentile=99],Metric,3.05859375
06/08/2026 11:51:45,System.Runtime,dotnet.gc.heap.total_allocated (By / 1 sec),Rate,67786528
06/08/2026 11:51:45,System.Runtime,dotnet.thread_pool.thread.count ({thread} / 1 sec),Rate,0
06/08/2026 11:51:45,System.Runtime,dotnet.jit.compiled_methods ({method} / 1 sec),Rate,2
06/08/2026 11:51:45,Npgsql,db.client.operation.npgsql.bytes_written (By / 1 sec)[db.client.connection.pool.name=Host=127.0.0.1;Port=5432;Username=postgres;Database=myapp_load;Maximum Pool Size=500],Rate,434562
06/08/2026 11:51:45,System.Runtime,dotnet.gc.pause.time (s / 1 sec),Rate,0
06/08/2026 11:51:45,System.Runtime,dotnet.assembly.count ({assembly}),Metric,150
06/08/2026 11:51:45,System.Runtime,dotnet.timer.count ({timer}),Metric,3861
06/08/2026 11:51:45,System.Runtime,dotnet.thread_pool.queue.length ({work_item} / 1 sec),Rate,305
06/08/2026 11:51:46,System.Runtime,dotnet.thread_pool.work_item.count ({work_item} / 1 sec),Rate,10629
06/08/2026 11:51:46,Npgsql,db.client.operation.npgsql.bytes_read (By / 1 sec)[db.client.connection.pool.name=Host=127.0.0.1;Port=5432;Username=postgres;Database=myapp_load;Maximum Pool Size=500],Rate,387578
06/08/2026 11:51:46,System.Runtime,dotnet.process.cpu.time (s / 1 sec)[cpu.mode=system],Rate,0.734375
06/08/2026 11:51:46,System.Runtime,dotnet.process.cpu.time (s / 1 sec)[cpu.mode=user],Rate,1.078125
06/08/2026 11:51:46,System.Runtime,dotnet.jit.compilation.time (s / 1 sec),Rate,0.17061780000000226
06/08/2026 11:51:46,Npgsql,db.client.operation.npgsql.prepared_ratio[db.client.connection.pool.name=Host=127.0.0.1;Port=5432;Username=postgres;Database=myapp_load;Maximum Pool Size=500],Metric,0
06/08/2026 11:51:46,System.Runtime,dotnet.process.memory.working_set (By),Metric,366772224
06/08/2026 11:51:46,System.Runtime,dotnet.exceptions ({exception} / 1 sec)[error.type=HttpRequestException],Rate,0
06/08/2026 11:51:46,System.Runtime,dotnet.exceptions ({exception} / 1 sec)[error.type=SocketException],Rate,0
06/08/2026 11:51:46,Microsoft.AspNetCore.Hosting,http.server.active_requests ({request})[http.request.method=POST;url.scheme=http],Metric,0
06/08/2026 11:51:46,Microsoft.AspNetCore.Hosting,http.server.active_requests ({request})[http.request.method=GET;url.scheme=http],Metric,3963
06/08/2026 11:51:46,System.Runtime,dotnet.jit.compiled_il.size (By / 1 sec),Rate,1648
06/08/2026 11:51:46,System.Runtime,dotnet.monitor.lock_contentions ({contention} / 1 sec),Rate,41
06/08/2026 11:51:46,System.Runtime,dotnet.gc.collections ({collection} / 1 sec)[gc.heap.generation=gen0],Rate,0
06/08/2026 11:51:46,System.Runtime,dotnet.gc.collections ({collection} / 1 sec)[gc.heap.generation=gen1],Rate,1
06/08/2026 11:51:46,System.Runtime,dotnet.gc.collections ({collection} / 1 sec)[gc.heap.generation=gen2],Rate,0
06/08/2026 11:51:46,Npgsql,db.client.connection.npgsql.pending_requests ({request})[db.client.connection.pool.name=Host=127.0.0.1;Port=5432;Username=postgres;Database=myapp_load;Maximum Pool Size=500],Metric,3468
06/08/2026 11:51:46,Microsoft.AspNetCore.Hosting,http.server.request.duration (s)[http.request.method=GET;http.response.status_code=200;http.route=/orders/{id:int};network.protocol.version=1.1;url.scheme=http;Percentile=50],Metric,0.9736328125
06/08/2026 11:51:46,Microsoft.AspNetCore.Hosting,http.server.request.duration (s)[http.request.method=GET;http.response.status_code=200;http.route=/orders/{id:int};network.protocol.version=1.1;url.scheme=http;Percentile=95],Metric,1.27734375
06/08/2026 11:51:46,Microsoft.AspNetCore.Hosting,http.server.request.duration (s)[http.request.method=GET;http.response.status_code=200;http.route=/orders/{id:int};network.protocol.version=1.1;url.scheme=http;Percentile=99],Metric,2.17578125
06/08/2026 11:51:46,Npgsql,db.client.operation.npgsql.executing ({command})[db.client.connection.pool.name=Host=127.0.0.1;Port=5432;Username=postgres;Database=myapp_load;Maximum Pool Size=500],Metric,492
06/08/2026 11:51:46,System.Runtime,dotnet.gc.last_collection.heap.size (By)[gc.heap.generation=poh],Metric,9472440
06/08/2026 11:51:46,System.Runtime,dotnet.gc.last_collection.heap.size (By)[gc.heap.generation=loh],Metric,4626696
06/08/2026 11:51:46,System.Runtime,dotnet.gc.last_collection.heap.size (By)[gc.heap.generation=gen0],Metric,332280
06/08/2026 11:51:46,System.Runtime,dotnet.gc.last_collection.heap.size (By)[gc.heap.generation=gen1],Metric,38441696
06/08/2026 11:51:46,System.Runtime,dotnet.gc.last_collection.heap.size (By)[gc.heap.generation=gen2],Metric,64056632
06/08/2026 11:51:46,Npgsql,db.client.connection.max ({connection})[db.client.connection.pool.name=Host=127.0.0.1;Port=5432;Username=postgres;Database=myapp_load;Maximum Pool Size=500],Metric,500
06/08/2026 11:51:46,System.Runtime,dotnet.process.cpu.count ({cpu}),Metric,20
06/08/2026 11:51:46,Npgsql,db.client.connection.count ({connection})[db.client.connection.pool.name=Host=127.0.0.1;Port=5432;Username=postgres;Database=myapp_load;Maximum Pool Size=500;db.client.connection.state=used],Metric,496
06/08/2026 11:51:46,Npgsql,db.client.connection.count ({connection})[db.client.connection.pool.name=Host=127.0.0.1;Port=5432;Username=postgres;Database=myapp_load;Maximum Pool Size=500;db.client.connection.state=idle],Metric,4
06/08/2026 11:51:46,System.Runtime,dotnet.gc.last_collection.heap.fragmentation.size (By)[gc.heap.generation=poh],Metric,20600
06/08/2026 11:51:46,System.Runtime,dotnet.gc.last_collection.heap.fragmentation.size (By)[gc.heap.generation=loh],Metric,768
06/08/2026 11:51:46,System.Runtime,dotnet.gc.last_collection.heap.fragmentation.size (By)[gc.heap.generation=gen0],Metric,324064
06/08/2026 11:51:46,System.Runtime,dotnet.gc.last_collection.heap.fragmentation.size (By)[gc.heap.generation=gen1],Metric,501168
06/08/2026 11:51:46,System.Runtime,dotnet.gc.last_collection.heap.fragmentation.size (By)[gc.heap.generation=gen2],Metric,6280136
06/08/2026 11:51:46,System.Runtime,dotnet.gc.last_collection.memory.committed_size (By),Metric,259653632
06/08/2026 11:51:46,Npgsql,db.client.operation.duration (s)[db.client.connection.pool.name=Host=127.0.0.1;Port=5432;Username=postgres;Database=myapp_load;Maximum Pool Size=500;db.system.name=postgresql;server.address=127.0.0.1;server.port=5432;Percentile=50],Metric,0.1153564453125
06/08/2026 11:51:46,Npgsql,db.client.operation.duration (s)[db.client.connection.pool.name=Host=127.0.0.1;Port=5432;Username=postgres;Database=myapp_load;Maximum Pool Size=500;db.system.name=postgresql;server.address=127.0.0.1;server.port=5432;Percentile=95],Metric,0.3896484375
06/08/2026 11:51:46,Npgsql,db.client.operation.duration (s)[db.client.connection.pool.name=Host=127.0.0.1;Port=5432;Username=postgres;Database=myapp_load;Maximum Pool Size=500;db.system.name=postgresql;server.address=127.0.0.1;server.port=5432;Percentile=99],Metric,0.8662109375
06/08/2026 11:51:46,System.Runtime,dotnet.gc.heap.total_allocated (By / 1 sec),Rate,44828096
06/08/2026 11:51:46,System.Runtime,dotnet.thread_pool.thread.count ({thread} / 1 sec),Rate,0
06/08/2026 11:51:46,System.Runtime,dotnet.jit.compiled_methods ({method} / 1 sec),Rate,19
06/08/2026 11:51:46,Npgsql,db.client.operation.npgsql.bytes_written (By / 1 sec)[db.client.connection.pool.name=Host=127.0.0.1;Port=5432;Username=postgres;Database=myapp_load;Maximum Pool Size=500],Rate,351372
06/08/2026 11:51:46,System.Runtime,dotnet.gc.pause.time (s / 1 sec),Rate,0.06687299999999996
06/08/2026 11:51:46,System.Runtime,dotnet.assembly.count ({assembly}),Metric,150
06/08/2026 11:51:46,System.Runtime,dotnet.timer.count ({timer}),Metric,3968
06/08/2026 11:51:46,System.Runtime,dotnet.thread_pool.queue.length ({work_item} / 1 sec),Rate,-293
06/08/2026 11:51:47,System.Runtime,dotnet.thread_pool.work_item.count ({work_item} / 1 sec),Rate,12192
06/08/2026 11:51:47,Npgsql,db.client.operation.npgsql.bytes_read (By / 1 sec)[db.client.connection.pool.name=Host=127.0.0.1;Port=5432;Username=postgres;Database=myapp_load;Maximum Pool Size=500],Rate,575379
06/08/2026 11:51:47,System.Runtime,dotnet.process.cpu.time (s / 1 sec)[cpu.mode=system],Rate,0.984375
06/08/2026 11:51:47,System.Runtime,dotnet.process.cpu.time (s / 1 sec)[cpu.mode=user],Rate,0.84375
06/08/2026 11:51:47,System.Runtime,dotnet.jit.compilation.time (s / 1 sec),Rate,0.04345139999999503
06/08/2026 11:51:47,Npgsql,db.client.operation.npgsql.prepared_ratio[db.client.connection.pool.name=Host=127.0.0.1;Port=5432;Username=postgres;Database=myapp_load;Maximum Pool Size=500],Metric,0
06/08/2026 11:51:47,System.Runtime,dotnet.process.memory.working_set (By),Metric,366850048
06/08/2026 11:51:47,System.Runtime,dotnet.exceptions ({exception} / 1 sec)[error.type=HttpRequestException],Rate,0
06/08/2026 11:51:47,System.Runtime,dotnet.exceptions ({exception} / 1 sec)[error.type=SocketException],Rate,0
06/08/2026 11:51:47,Microsoft.AspNetCore.Hosting,http.server.active_requests ({request})[http.request.method=POST;url.scheme=http],Metric,0
06/08/2026 11:51:47,Microsoft.AspNetCore.Hosting,http.server.active_requests ({request})[http.request.method=GET;url.scheme=http],Metric,2509
06/08/2026 11:51:47,System.Runtime,dotnet.jit.compiled_il.size (By / 1 sec),Rate,478
06/08/2026 11:51:47,System.Runtime,dotnet.monitor.lock_contentions ({contention} / 1 sec),Rate,30
06/08/2026 11:51:47,System.Runtime,dotnet.gc.collections ({collection} / 1 sec)[gc.heap.generation=gen0],Rate,0
06/08/2026 11:51:47,System.Runtime,dotnet.gc.collections ({collection} / 1 sec)[gc.heap.generation=gen1],Rate,0
06/08/2026 11:51:47,System.Runtime,dotnet.gc.collections ({collection} / 1 sec)[gc.heap.generation=gen2],Rate,0
06/08/2026 11:51:47,Npgsql,db.client.connection.npgsql.pending_requests ({request})[db.client.connection.pool.name=Host=127.0.0.1;Port=5432;Username=postgres;Database=myapp_load;Maximum Pool Size=500],Metric,2017
06/08/2026 11:51:47,Microsoft.AspNetCore.Hosting,http.server.request.duration (s)[http.request.method=GET;http.response.status_code=200;http.route=/orders/{id:int};network.protocol.version=1.1;url.scheme=http;Percentile=50],Metric,1.029296875
06/08/2026 11:51:47,Microsoft.AspNetCore.Hosting,http.server.request.duration (s)[http.request.method=GET;http.response.status_code=200;http.route=/orders/{id:int};network.protocol.version=1.1;url.scheme=http;Percentile=95],Metric,1.423828125
06/08/2026 11:51:47,Microsoft.AspNetCore.Hosting,http.server.request.duration (s)[http.request.method=GET;http.response.status_code=200;http.route=/orders/{id:int};network.protocol.version=1.1;url.scheme=http;Percentile=99],Metric,1.685546875
06/08/2026 11:51:47,Npgsql,db.client.operation.npgsql.executing ({command})[db.client.connection.pool.name=Host=127.0.0.1;Port=5432;Username=postgres;Database=myapp_load;Maximum Pool Size=500],Metric,490
06/08/2026 11:51:47,System.Runtime,dotnet.gc.last_collection.heap.size (By)[gc.heap.generation=poh],Metric,9472440
06/08/2026 11:51:47,System.Runtime,dotnet.gc.last_collection.heap.size (By)[gc.heap.generation=loh],Metric,4626696
06/08/2026 11:51:47,System.Runtime,dotnet.gc.last_collection.heap.size (By)[gc.heap.generation=gen0],Metric,332280
06/08/2026 11:51:47,System.Runtime,dotnet.gc.last_collection.heap.size (By)[gc.heap.generation=gen1],Metric,38441696
06/08/2026 11:51:47,System.Runtime,dotnet.gc.last_collection.heap.size (By)[gc.heap.generation=gen2],Metric,64056632
06/08/2026 11:51:47,Npgsql,db.client.connection.max ({connection})[db.client.connection.pool.name=Host=127.0.0.1;Port=5432;Username=postgres;Database=myapp_load;Maximum Pool Size=500],Metric,500
06/08/2026 11:51:47,System.Runtime,dotnet.process.cpu.count ({cpu}),Metric,20
06/08/2026 11:51:47,Npgsql,db.client.connection.count ({connection})[db.client.connection.pool.name=Host=127.0.0.1;Port=5432;Username=postgres;Database=myapp_load;Maximum Pool Size=500;db.client.connection.state=used],Metric,493
06/08/2026 11:51:47,Npgsql,db.client.connection.count ({connection})[db.client.connection.pool.name=Host=127.0.0.1;Port=5432;Username=postgres;Database=myapp_load;Maximum Pool Size=500;db.client.connection.state=idle],Metric,7
06/08/2026 11:51:47,System.Runtime,dotnet.gc.last_collection.heap.fragmentation.size (By)[gc.heap.generation=poh],Metric,20600
06/08/2026 11:51:47,System.Runtime,dotnet.gc.last_collection.heap.fragmentation.size (By)[gc.heap.generation=loh],Metric,768
06/08/2026 11:51:47,System.Runtime,dotnet.gc.last_collection.heap.fragmentation.size (By)[gc.heap.generation=gen0],Metric,324064
06/08/2026 11:51:47,System.Runtime,dotnet.gc.last_collection.heap.fragmentation.size (By)[gc.heap.generation=gen1],Metric,501168
06/08/2026 11:51:47,System.Runtime,dotnet.gc.last_collection.heap.fragmentation.size (By)[gc.heap.generation=gen2],Metric,6280136
06/08/2026 11:51:47,System.Runtime,dotnet.gc.last_collection.memory.committed_size (By),Metric,259653632
06/08/2026 11:51:47,Npgsql,db.client.operation.duration (s)[db.client.connection.pool.name=Host=127.0.0.1;Port=5432;Username=postgres;Database=myapp_load;Maximum Pool Size=500;db.system.name=postgresql;server.address=127.0.0.1;server.port=5432;Percentile=50],Metric,0.093017578125
06/08/2026 11:51:47,Npgsql,db.client.operation.duration (s)[db.client.connection.pool.name=Host=127.0.0.1;Port=5432;Username=postgres;Database=myapp_load;Maximum Pool Size=500;db.system.name=postgresql;server.address=127.0.0.1;server.port=5432;Percentile=95],Metric,0.44384765625
06/08/2026 11:51:47,Npgsql,db.client.operation.duration (s)[db.client.connection.pool.name=Host=127.0.0.1;Port=5432;Username=postgres;Database=myapp_load;Maximum Pool Size=500;db.system.name=postgresql;server.address=127.0.0.1;server.port=5432;Percentile=99],Metric,0.7236328125
06/08/2026 11:51:47,System.Runtime,dotnet.gc.heap.total_allocated (By / 1 sec),Rate,41958400
06/08/2026 11:51:47,System.Runtime,dotnet.thread_pool.thread.count ({thread} / 1 sec),Rate,0
06/08/2026 11:51:47,System.Runtime,dotnet.jit.compiled_methods ({method} / 1 sec),Rate,6
06/08/2026 11:51:47,Npgsql,db.client.operation.npgsql.bytes_written (By / 1 sec)[db.client.connection.pool.name=Host=127.0.0.1;Port=5432;Username=postgres;Database=myapp_load;Maximum Pool Size=500],Rate,485463
06/08/2026 11:51:47,System.Runtime,dotnet.gc.pause.time (s / 1 sec),Rate,0
06/08/2026 11:51:47,System.Runtime,dotnet.assembly.count ({assembly}),Metric,150
06/08/2026 11:51:47,System.Runtime,dotnet.timer.count ({timer}),Metric,2515
06/08/2026 11:51:47,System.Runtime,dotnet.thread_pool.queue.length ({work_item} / 1 sec),Rate,-1
06/08/2026 11:51:48,System.Runtime,dotnet.thread_pool.work_item.count ({work_item} / 1 sec),Rate,13339
06/08/2026 11:51:48,Npgsql,db.client.operation.npgsql.bytes_read (By / 1 sec)[db.client.connection.pool.name=Host=127.0.0.1;Port=5432;Username=postgres;Database=myapp_load;Maximum Pool Size=500],Rate,451425
06/08/2026 11:51:48,System.Runtime,dotnet.process.cpu.time (s / 1 sec)[cpu.mode=system],Rate,1.125
06/08/2026 11:51:48,System.Runtime,dotnet.process.cpu.time (s / 1 sec)[cpu.mode=user],Rate,0.9375
06/08/2026 11:51:48,System.Runtime,dotnet.jit.compilation.time (s / 1 sec),Rate,0.024592500000004236
06/08/2026 11:51:48,Npgsql,db.client.operation.npgsql.prepared_ratio[db.client.connection.pool.name=Host=127.0.0.1;Port=5432;Username=postgres;Database=myapp_load;Maximum Pool Size=500],Metric,0
06/08/2026 11:51:48,System.Runtime,dotnet.process.memory.working_set (By),Metric,364875776
06/08/2026 11:51:48,System.Runtime,dotnet.exceptions ({exception} / 1 sec)[error.type=HttpRequestException],Rate,0
06/08/2026 11:51:48,System.Runtime,dotnet.exceptions ({exception} / 1 sec)[error.type=SocketException],Rate,0
06/08/2026 11:51:48,Microsoft.AspNetCore.Hosting,http.server.active_requests ({request})[http.request.method=POST;url.scheme=http],Metric,0
06/08/2026 11:51:48,Microsoft.AspNetCore.Hosting,http.server.active_requests ({request})[http.request.method=GET;url.scheme=http],Metric,3157
06/08/2026 11:51:48,System.Runtime,dotnet.jit.compiled_il.size (By / 1 sec),Rate,295
06/08/2026 11:51:48,System.Runtime,dotnet.monitor.lock_contentions ({contention} / 1 sec),Rate,60
06/08/2026 11:51:48,System.Runtime,dotnet.gc.collections ({collection} / 1 sec)[gc.heap.generation=gen0],Rate,0
06/08/2026 11:51:48,System.Runtime,dotnet.gc.collections ({collection} / 1 sec)[gc.heap.generation=gen1],Rate,1
06/08/2026 11:51:48,System.Runtime,dotnet.gc.collections ({collection} / 1 sec)[gc.heap.generation=gen2],Rate,0
06/08/2026 11:51:48,Npgsql,db.client.connection.npgsql.pending_requests ({request})[db.client.connection.pool.name=Host=127.0.0.1;Port=5432;Username=postgres;Database=myapp_load;Maximum Pool Size=500],Metric,2657
06/08/2026 11:51:48,Microsoft.AspNetCore.Hosting,http.server.request.duration (s)[http.request.method=GET;http.response.status_code=200;http.route=/orders/{id:int};network.protocol.version=1.1;url.scheme=http;Percentile=50],Metric,0.9443359375
06/08/2026 11:51:48,Microsoft.AspNetCore.Hosting,http.server.request.duration (s)[http.request.method=GET;http.response.status_code=200;http.route=/orders/{id:int};network.protocol.version=1.1;url.scheme=http;Percentile=95],Metric,1.24609375
06/08/2026 11:51:48,Microsoft.AspNetCore.Hosting,http.server.request.duration (s)[http.request.method=GET;http.response.status_code=200;http.route=/orders/{id:int};network.protocol.version=1.1;url.scheme=http;Percentile=99],Metric,1.58203125
06/08/2026 11:51:48,Npgsql,db.client.operation.npgsql.executing ({command})[db.client.connection.pool.name=Host=127.0.0.1;Port=5432;Username=postgres;Database=myapp_load;Maximum Pool Size=500],Metric,500
06/08/2026 11:51:48,System.Runtime,dotnet.gc.last_collection.heap.size (By)[gc.heap.generation=poh],Metric,9472440
06/08/2026 11:51:48,System.Runtime,dotnet.gc.last_collection.heap.size (By)[gc.heap.generation=loh],Metric,4626696
06/08/2026 11:51:48,System.Runtime,dotnet.gc.last_collection.heap.size (By)[gc.heap.generation=gen0],Metric,0
06/08/2026 11:51:48,System.Runtime,dotnet.gc.last_collection.heap.size (By)[gc.heap.generation=gen1],Metric,33632688
06/08/2026 11:51:48,System.Runtime,dotnet.gc.last_collection.heap.size (By)[gc.heap.generation=gen2],Metric,64056632
06/08/2026 11:51:48,Npgsql,db.client.connection.max ({connection})[db.client.connection.pool.name=Host=127.0.0.1;Port=5432;Username=postgres;Database=myapp_load;Maximum Pool Size=500],Metric,500
06/08/2026 11:51:48,System.Runtime,dotnet.process.cpu.count ({cpu}),Metric,20
06/08/2026 11:51:48,Npgsql,db.client.connection.count ({connection})[db.client.connection.pool.name=Host=127.0.0.1;Port=5432;Username=postgres;Database=myapp_load;Maximum Pool Size=500;db.client.connection.state=used],Metric,500
06/08/2026 11:51:48,Npgsql,db.client.connection.count ({connection})[db.client.connection.pool.name=Host=127.0.0.1;Port=5432;Username=postgres;Database=myapp_load;Maximum Pool Size=500;db.client.connection.state=idle],Metric,0
06/08/2026 11:51:48,System.Runtime,dotnet.gc.last_collection.heap.fragmentation.size (By)[gc.heap.generation=poh],Metric,20600
06/08/2026 11:51:48,System.Runtime,dotnet.gc.last_collection.heap.fragmentation.size (By)[gc.heap.generation=loh],Metric,768
06/08/2026 11:51:48,System.Runtime,dotnet.gc.last_collection.heap.fragmentation.size (By)[gc.heap.generation=gen0],Metric,0
06/08/2026 11:51:48,System.Runtime,dotnet.gc.last_collection.heap.fragmentation.size (By)[gc.heap.generation=gen1],Metric,427128
06/08/2026 11:51:48,System.Runtime,dotnet.gc.last_collection.heap.fragmentation.size (By)[gc.heap.generation=gen2],Metric,5864152
06/08/2026 11:51:48,System.Runtime,dotnet.gc.last_collection.memory.committed_size (By),Metric,256286720
06/08/2026 11:51:48,Npgsql,db.client.operation.duration (s)[db.client.connection.pool.name=Host=127.0.0.1;Port=5432;Username=postgres;Database=myapp_load;Maximum Pool Size=500;db.system.name=postgresql;server.address=127.0.0.1;server.port=5432;Percentile=50],Metric,0.1082763671875
06/08/2026 11:51:48,Npgsql,db.client.operation.duration (s)[db.client.connection.pool.name=Host=127.0.0.1;Port=5432;Username=postgres;Database=myapp_load;Maximum Pool Size=500;db.system.name=postgresql;server.address=127.0.0.1;server.port=5432;Percentile=95],Metric,0.330078125
06/08/2026 11:51:48,Npgsql,db.client.operation.duration (s)[db.client.connection.pool.name=Host=127.0.0.1;Port=5432;Username=postgres;Database=myapp_load;Maximum Pool Size=500;db.system.name=postgresql;server.address=127.0.0.1;server.port=5432;Percentile=99],Metric,0.7509765625
06/08/2026 11:51:48,System.Runtime,dotnet.gc.heap.total_allocated (By / 1 sec),Rate,59683304
06/08/2026 11:51:48,System.Runtime,dotnet.thread_pool.thread.count ({thread} / 1 sec),Rate,-2
06/08/2026 11:51:48,System.Runtime,dotnet.jit.compiled_methods ({method} / 1 sec),Rate,5
06/08/2026 11:51:48,Npgsql,db.client.operation.npgsql.bytes_written (By / 1 sec)[db.client.connection.pool.name=Host=127.0.0.1;Port=5432;Username=postgres;Database=myapp_load;Maximum Pool Size=500],Rate,383097
06/08/2026 11:51:48,System.Runtime,dotnet.gc.pause.time (s / 1 sec),Rate,0.05834000000000006
06/08/2026 11:51:48,System.Runtime,dotnet.assembly.count ({assembly}),Metric,150
06/08/2026 11:51:48,System.Runtime,dotnet.timer.count ({timer}),Metric,3162
06/08/2026 11:51:48,System.Runtime,dotnet.thread_pool.queue.length ({work_item} / 1 sec),Rate,-11
06/08/2026 11:51:49,System.Runtime,dotnet.thread_pool.work_item.count ({work_item} / 1 sec),Rate,9483
06/08/2026 11:51:49,Npgsql,db.client.operation.npgsql.bytes_read (By / 1 sec)[db.client.connection.pool.name=Host=127.0.0.1;Port=5432;Username=postgres;Database=myapp_load;Maximum Pool Size=500],Rate,319520
06/08/2026 11:51:49,System.Runtime,dotnet.process.cpu.time (s / 1 sec)[cpu.mode=system],Rate,0.625
06/08/2026 11:51:49,System.Runtime,dotnet.process.cpu.time (s / 1 sec)[cpu.mode=user],Rate,0.828125
06/08/2026 11:51:49,System.Runtime,dotnet.jit.compilation.time (s / 1 sec),Rate,0.03169059999999746
06/08/2026 11:51:49,Npgsql,db.client.operation.npgsql.prepared_ratio[db.client.connection.pool.name=Host=127.0.0.1;Port=5432;Username=postgres;Database=myapp_load;Maximum Pool Size=500],Metric,0
06/08/2026 11:51:49,System.Runtime,dotnet.process.memory.working_set (By),Metric,365637632
06/08/2026 11:51:49,System.Runtime,dotnet.exceptions ({exception} / 1 sec)[error.type=OperationCanceledException],Rate,1022
06/08/2026 11:51:49,System.Runtime,dotnet.exceptions ({exception} / 1 sec)[error.type=HttpRequestException],Rate,0
06/08/2026 11:51:49,System.Runtime,dotnet.exceptions ({exception} / 1 sec)[error.type=SocketException],Rate,0
06/08/2026 11:51:49,Microsoft.AspNetCore.Hosting,http.server.active_requests ({request})[http.request.method=POST;url.scheme=http],Metric,0
06/08/2026 11:51:49,Microsoft.AspNetCore.Hosting,http.server.active_requests ({request})[http.request.method=GET;url.scheme=http],Metric,3414
06/08/2026 11:51:49,System.Runtime,dotnet.jit.compiled_il.size (By / 1 sec),Rate,1555
06/08/2026 11:51:49,System.Runtime,dotnet.monitor.lock_contentions ({contention} / 1 sec),Rate,17
06/08/2026 11:51:49,System.Runtime,dotnet.gc.collections ({collection} / 1 sec)[gc.heap.generation=gen0],Rate,0
06/08/2026 11:51:49,System.Runtime,dotnet.gc.collections ({collection} / 1 sec)[gc.heap.generation=gen1],Rate,0
06/08/2026 11:51:49,System.Runtime,dotnet.gc.collections ({collection} / 1 sec)[gc.heap.generation=gen2],Rate,0
06/08/2026 11:51:49,Npgsql,db.client.connection.npgsql.pending_requests ({request})[db.client.connection.pool.name=Host=127.0.0.1;Port=5432;Username=postgres;Database=myapp_load;Maximum Pool Size=500],Metric,2933
06/08/2026 11:51:49,Microsoft.AspNetCore.Hosting,http.server.request.duration (s)[http.request.method=GET;http.response.status_code=499;http.route=/orders/{id:int};network.protocol.version=1.1;url.scheme=http;Percentile=50],Metric,0.259765625
06/08/2026 11:51:49,Microsoft.AspNetCore.Hosting,http.server.request.duration (s)[http.request.method=GET;http.response.status_code=499;http.route=/orders/{id:int};network.protocol.version=1.1;url.scheme=http;Percentile=95],Metric,0.279296875
06/08/2026 11:51:49,Microsoft.AspNetCore.Hosting,http.server.request.duration (s)[http.request.method=GET;http.response.status_code=499;http.route=/orders/{id:int};network.protocol.version=1.1;url.scheme=http;Percentile=99],Metric,0.2822265625
06/08/2026 11:51:49,Microsoft.AspNetCore.Hosting,http.server.request.duration (s)[http.request.method=GET;http.response.status_code=200;http.route=/orders/{id:int};network.protocol.version=1.1;url.scheme=http;Percentile=50],Metric,1.09375
06/08/2026 11:51:49,Microsoft.AspNetCore.Hosting,http.server.request.duration (s)[http.request.method=GET;http.response.status_code=200;http.route=/orders/{id:int};network.protocol.version=1.1;url.scheme=http;Percentile=95],Metric,1.333984375
06/08/2026 11:51:49,Microsoft.AspNetCore.Hosting,http.server.request.duration (s)[http.request.method=GET;http.response.status_code=200;http.route=/orders/{id:int};network.protocol.version=1.1;url.scheme=http;Percentile=99],Metric,1.408203125
06/08/2026 11:51:49,Npgsql,db.client.operation.npgsql.executing ({command})[db.client.connection.pool.name=Host=127.0.0.1;Port=5432;Username=postgres;Database=myapp_load;Maximum Pool Size=500],Metric,480
06/08/2026 11:51:49,System.Runtime,dotnet.gc.last_collection.heap.size (By)[gc.heap.generation=poh],Metric,9472440
06/08/2026 11:51:49,System.Runtime,dotnet.gc.last_collection.heap.size (By)[gc.heap.generation=loh],Metric,4626696
06/08/2026 11:51:49,System.Runtime,dotnet.gc.last_collection.heap.size (By)[gc.heap.generation=gen0],Metric,0
06/08/2026 11:51:49,System.Runtime,dotnet.gc.last_collection.heap.size (By)[gc.heap.generation=gen1],Metric,33632688
06/08/2026 11:51:49,System.Runtime,dotnet.gc.last_collection.heap.size (By)[gc.heap.generation=gen2],Metric,64056632
06/08/2026 11:51:49,Npgsql,db.client.connection.max ({connection})[db.client.connection.pool.name=Host=127.0.0.1;Port=5432;Username=postgres;Database=myapp_load;Maximum Pool Size=500],Metric,500
06/08/2026 11:51:49,System.Runtime,dotnet.process.cpu.count ({cpu}),Metric,20
06/08/2026 11:51:49,Npgsql,db.client.connection.count ({connection})[db.client.connection.pool.name=Host=127.0.0.1;Port=5432;Username=postgres;Database=myapp_load;Maximum Pool Size=500;db.client.connection.state=used],Metric,482
06/08/2026 11:51:49,Npgsql,db.client.connection.count ({connection})[db.client.connection.pool.name=Host=127.0.0.1;Port=5432;Username=postgres;Database=myapp_load;Maximum Pool Size=500;db.client.connection.state=idle],Metric,18
06/08/2026 11:51:49,System.Runtime,dotnet.gc.last_collection.heap.fragmentation.size (By)[gc.heap.generation=poh],Metric,20600
06/08/2026 11:51:49,System.Runtime,dotnet.gc.last_collection.heap.fragmentation.size (By)[gc.heap.generation=loh],Metric,768
06/08/2026 11:51:49,System.Runtime,dotnet.gc.last_collection.heap.fragmentation.size (By)[gc.heap.generation=gen0],Metric,0
06/08/2026 11:51:49,System.Runtime,dotnet.gc.last_collection.heap.fragmentation.size (By)[gc.heap.generation=gen1],Metric,427128
06/08/2026 11:51:49,System.Runtime,dotnet.gc.last_collection.heap.fragmentation.size (By)[gc.heap.generation=gen2],Metric,5864152
06/08/2026 11:51:49,System.Runtime,dotnet.gc.last_collection.memory.committed_size (By),Metric,256286720
06/08/2026 11:51:49,Npgsql,db.client.operation.duration (s)[db.client.connection.pool.name=Host=127.0.0.1;Port=5432;Username=postgres;Database=myapp_load;Maximum Pool Size=500;db.system.name=postgresql;server.address=127.0.0.1;server.port=5432;Percentile=50],Metric,0.135009765625
06/08/2026 11:51:49,Npgsql,db.client.operation.duration (s)[db.client.connection.pool.name=Host=127.0.0.1;Port=5432;Username=postgres;Database=myapp_load;Maximum Pool Size=500;db.system.name=postgresql;server.address=127.0.0.1;server.port=5432;Percentile=95],Metric,0.3857421875
06/08/2026 11:51:49,Npgsql,db.client.operation.duration (s)[db.client.connection.pool.name=Host=127.0.0.1;Port=5432;Username=postgres;Database=myapp_load;Maximum Pool Size=500;db.system.name=postgresql;server.address=127.0.0.1;server.port=5432;Percentile=99],Metric,0.6240234375
06/08/2026 11:51:49,System.Runtime,dotnet.gc.heap.total_allocated (By / 1 sec),Rate,41267664
06/08/2026 11:51:49,System.Runtime,dotnet.thread_pool.thread.count ({thread} / 1 sec),Rate,0
06/08/2026 11:51:49,System.Runtime,dotnet.jit.compiled_methods ({method} / 1 sec),Rate,26
06/08/2026 11:51:49,Npgsql,db.client.operation.npgsql.bytes_written (By / 1 sec)[db.client.connection.pool.name=Host=127.0.0.1;Port=5432;Username=postgres;Database=myapp_load;Maximum Pool Size=500],Rate,265503
06/08/2026 11:51:49,System.Runtime,dotnet.gc.pause.time (s / 1 sec),Rate,0
06/08/2026 11:51:49,System.Runtime,dotnet.assembly.count ({assembly}),Metric,150
06/08/2026 11:51:49,System.Runtime,dotnet.timer.count ({timer}),Metric,3420
06/08/2026 11:51:49,System.Runtime,dotnet.thread_pool.queue.length ({work_item} / 1 sec),Rate,31
06/08/2026 11:51:50,System.Runtime,dotnet.thread_pool.work_item.count ({work_item} / 1 sec),Rate,9185
06/08/2026 11:51:50,Npgsql,db.client.operation.npgsql.bytes_read (By / 1 sec)[db.client.connection.pool.name=Host=127.0.0.1;Port=5432;Username=postgres;Database=myapp_load;Maximum Pool Size=500],Rate,522523
06/08/2026 11:51:50,System.Runtime,dotnet.process.cpu.time (s / 1 sec)[cpu.mode=system],Rate,0.859375
06/08/2026 11:51:50,System.Runtime,dotnet.process.cpu.time (s / 1 sec)[cpu.mode=user],Rate,0.859375
06/08/2026 11:51:50,System.Runtime,dotnet.jit.compilation.time (s / 1 sec),Rate,0.7076518000000007
06/08/2026 11:51:50,Npgsql,db.client.operation.npgsql.prepared_ratio[db.client.connection.pool.name=Host=127.0.0.1;Port=5432;Username=postgres;Database=myapp_load;Maximum Pool Size=500],Metric,0
06/08/2026 11:51:50,System.Runtime,dotnet.process.memory.working_set (By),Metric,369147904
06/08/2026 11:51:50,System.Runtime,dotnet.exceptions ({exception} / 1 sec)[error.type=OperationCanceledException],Rate,3823
06/08/2026 11:51:50,System.Runtime,dotnet.exceptions ({exception} / 1 sec)[error.type=HttpRequestException],Rate,11
06/08/2026 11:51:50,System.Runtime,dotnet.exceptions ({exception} / 1 sec)[error.type=ConnectionResetException],Rate,2
06/08/2026 11:51:50,System.Runtime,dotnet.exceptions ({exception} / 1 sec)[error.type=SocketException],Rate,2
06/08/2026 11:51:50,Microsoft.AspNetCore.Hosting,http.server.active_requests ({request})[http.request.method=POST;url.scheme=http],Metric,0
06/08/2026 11:51:50,Microsoft.AspNetCore.Hosting,http.server.active_requests ({request})[http.request.method=GET;url.scheme=http],Metric,0
06/08/2026 11:51:50,System.Runtime,dotnet.jit.compiled_il.size (By / 1 sec),Rate,19747
06/08/2026 11:51:50,System.Runtime,dotnet.monitor.lock_contentions ({contention} / 1 sec),Rate,31
06/08/2026 11:51:50,System.Runtime,dotnet.gc.collections ({collection} / 1 sec)[gc.heap.generation=gen0],Rate,0
06/08/2026 11:51:50,System.Runtime,dotnet.gc.collections ({collection} / 1 sec)[gc.heap.generation=gen1],Rate,0
06/08/2026 11:51:50,System.Runtime,dotnet.gc.collections ({collection} / 1 sec)[gc.heap.generation=gen2],Rate,0
06/08/2026 11:51:50,Npgsql,db.client.connection.npgsql.pending_requests ({request})[db.client.connection.pool.name=Host=127.0.0.1;Port=5432;Username=postgres;Database=myapp_load;Maximum Pool Size=500],Metric,0
06/08/2026 11:51:50,Microsoft.AspNetCore.Hosting,http.server.request.duration (s)[http.request.method=GET;http.response.status_code=499;http.route=/orders/{id:int};network.protocol.version=1.1;url.scheme=http;Percentile=50],Metric,0.779296875
06/08/2026 11:51:50,Microsoft.AspNetCore.Hosting,http.server.request.duration (s)[http.request.method=GET;http.response.status_code=499;http.route=/orders/{id:int};network.protocol.version=1.1;url.scheme=http;Percentile=95],Metric,1.07421875
06/08/2026 11:51:50,Microsoft.AspNetCore.Hosting,http.server.request.duration (s)[http.request.method=GET;http.response.status_code=499;http.route=/orders/{id:int};network.protocol.version=1.1;url.scheme=http;Percentile=99],Metric,1.076171875
06/08/2026 11:51:50,Microsoft.AspNetCore.Hosting,http.server.request.duration (s)[http.request.method=GET;http.response.status_code=200;http.route=/orders/{id:int};network.protocol.version=1.1;url.scheme=http;Percentile=50],Metric,1.26953125
06/08/2026 11:51:50,Microsoft.AspNetCore.Hosting,http.server.request.duration (s)[http.request.method=GET;http.response.status_code=200;http.route=/orders/{id:int};network.protocol.version=1.1;url.scheme=http;Percentile=95],Metric,2.13671875
06/08/2026 11:51:50,Microsoft.AspNetCore.Hosting,http.server.request.duration (s)[http.request.method=GET;http.response.status_code=200;http.route=/orders/{id:int};network.protocol.version=1.1;url.scheme=http;Percentile=99],Metric,2.49609375
06/08/2026 11:51:50,Npgsql,db.client.operation.npgsql.executing ({command})[db.client.connection.pool.name=Host=127.0.0.1;Port=5432;Username=postgres;Database=myapp_load;Maximum Pool Size=500],Metric,0
06/08/2026 11:51:50,System.Runtime,dotnet.gc.last_collection.heap.size (By)[gc.heap.generation=poh],Metric,9472440
06/08/2026 11:51:50,System.Runtime,dotnet.gc.last_collection.heap.size (By)[gc.heap.generation=loh],Metric,4626696
06/08/2026 11:51:50,System.Runtime,dotnet.gc.last_collection.heap.size (By)[gc.heap.generation=gen0],Metric,0
06/08/2026 11:51:50,System.Runtime,dotnet.gc.last_collection.heap.size (By)[gc.heap.generation=gen1],Metric,33632688
06/08/2026 11:51:50,System.Runtime,dotnet.gc.last_collection.heap.size (By)[gc.heap.generation=gen2],Metric,64056632
06/08/2026 11:51:50,Npgsql,db.client.connection.max ({connection})[db.client.connection.pool.name=Host=127.0.0.1;Port=5432;Username=postgres;Database=myapp_load;Maximum Pool Size=500],Metric,500
06/08/2026 11:51:50,System.Runtime,dotnet.process.cpu.count ({cpu}),Metric,20
06/08/2026 11:51:50,Npgsql,db.client.connection.count ({connection})[db.client.connection.pool.name=Host=127.0.0.1;Port=5432;Username=postgres;Database=myapp_load;Maximum Pool Size=500;db.client.connection.state=used],Metric,0
06/08/2026 11:51:50,Npgsql,db.client.connection.count ({connection})[db.client.connection.pool.name=Host=127.0.0.1;Port=5432;Username=postgres;Database=myapp_load;Maximum Pool Size=500;db.client.connection.state=idle],Metric,500
06/08/2026 11:51:50,System.Runtime,dotnet.gc.last_collection.heap.fragmentation.size (By)[gc.heap.generation=poh],Metric,20600
06/08/2026 11:51:50,System.Runtime,dotnet.gc.last_collection.heap.fragmentation.size (By)[gc.heap.generation=loh],Metric,768
06/08/2026 11:51:50,System.Runtime,dotnet.gc.last_collection.heap.fragmentation.size (By)[gc.heap.generation=gen0],Metric,0
06/08/2026 11:51:50,System.Runtime,dotnet.gc.last_collection.heap.fragmentation.size (By)[gc.heap.generation=gen1],Metric,427128
06/08/2026 11:51:50,System.Runtime,dotnet.gc.last_collection.heap.fragmentation.size (By)[gc.heap.generation=gen2],Metric,5864152
06/08/2026 11:51:50,System.Runtime,dotnet.gc.last_collection.memory.committed_size (By),Metric,256286720
06/08/2026 11:51:50,Npgsql,db.client.operation.duration (s)[db.client.connection.pool.name=Host=127.0.0.1;Port=5432;Username=postgres;Database=myapp_load;Maximum Pool Size=500;db.system.name=postgresql;server.address=127.0.0.1;server.port=5432;Percentile=50],Metric,0.069580078125
06/08/2026 11:51:50,Npgsql,db.client.operation.duration (s)[db.client.connection.pool.name=Host=127.0.0.1;Port=5432;Username=postgres;Database=myapp_load;Maximum Pool Size=500;db.system.name=postgresql;server.address=127.0.0.1;server.port=5432;Percentile=95],Metric,1.14453125
06/08/2026 11:51:50,Npgsql,db.client.operation.duration (s)[db.client.connection.pool.name=Host=127.0.0.1;Port=5432;Username=postgres;Database=myapp_load;Maximum Pool Size=500;db.system.name=postgresql;server.address=127.0.0.1;server.port=5432;Percentile=99],Metric,1.806640625
06/08/2026 11:51:50,System.Runtime,dotnet.gc.heap.total_allocated (By / 1 sec),Rate,14339744
06/08/2026 11:51:50,System.Runtime,dotnet.thread_pool.thread.count ({thread} / 1 sec),Rate,0
06/08/2026 11:51:50,System.Runtime,dotnet.jit.compiled_methods ({method} / 1 sec),Rate,177
06/08/2026 11:51:50,Npgsql,db.client.operation.npgsql.bytes_written (By / 1 sec)[db.client.connection.pool.name=Host=127.0.0.1;Port=5432;Username=postgres;Database=myapp_load;Maximum Pool Size=500],Rate,375060
06/08/2026 11:51:50,System.Runtime,dotnet.gc.pause.time (s / 1 sec),Rate,0
06/08/2026 11:51:50,System.Runtime,dotnet.assembly.count ({assembly}),Metric,150
06/08/2026 11:51:50,System.Runtime,dotnet.timer.count ({timer}),Metric,5
06/08/2026 11:51:50,System.Runtime,dotnet.thread_pool.queue.length ({work_item} / 1 sec),Rate,-31
06/08/2026 11:51:51,System.Runtime,dotnet.thread_pool.work_item.count ({work_item} / 1 sec),Rate,1
06/08/2026 11:51:51,Npgsql,db.client.operation.npgsql.bytes_read (By / 1 sec)[db.client.connection.pool.name=Host=127.0.0.1;Port=5432;Username=postgres;Database=myapp_load;Maximum Pool Size=500],Rate,0
06/08/2026 11:51:51,System.Runtime,dotnet.process.cpu.time (s / 1 sec)[cpu.mode=system],Rate,0.03125
06/08/2026 11:51:51,System.Runtime,dotnet.process.cpu.time (s / 1 sec)[cpu.mode=user],Rate,0.203125
06/08/2026 11:51:51,System.Runtime,dotnet.jit.compilation.time (s / 1 sec),Rate,0.43681370000000186
06/08/2026 11:51:51,System.Runtime,dotnet.process.memory.working_set (By),Metric,369250304
06/08/2026 11:51:51,System.Runtime,dotnet.exceptions ({exception} / 1 sec)[error.type=OperationCanceledException],Rate,0
06/08/2026 11:51:51,System.Runtime,dotnet.exceptions ({exception} / 1 sec)[error.type=HttpRequestException],Rate,0
06/08/2026 11:51:51,System.Runtime,dotnet.exceptions ({exception} / 1 sec)[error.type=ConnectionResetException],Rate,0
06/08/2026 11:51:51,System.Runtime,dotnet.exceptions ({exception} / 1 sec)[error.type=SocketException],Rate,0
06/08/2026 11:51:51,Microsoft.AspNetCore.Hosting,http.server.active_requests ({request})[http.request.method=POST;url.scheme=http],Metric,0
06/08/2026 11:51:51,Microsoft.AspNetCore.Hosting,http.server.active_requests ({request})[http.request.method=GET;url.scheme=http],Metric,0
06/08/2026 11:51:51,System.Runtime,dotnet.jit.compiled_il.size (By / 1 sec),Rate,13189
06/08/2026 11:51:51,System.Runtime,dotnet.monitor.lock_contentions ({contention} / 1 sec),Rate,0
06/08/2026 11:51:51,System.Runtime,dotnet.gc.collections ({collection} / 1 sec)[gc.heap.generation=gen0],Rate,0
06/08/2026 11:51:51,System.Runtime,dotnet.gc.collections ({collection} / 1 sec)[gc.heap.generation=gen1],Rate,0
06/08/2026 11:51:51,System.Runtime,dotnet.gc.collections ({collection} / 1 sec)[gc.heap.generation=gen2],Rate,0
06/08/2026 11:51:51,Npgsql,db.client.connection.npgsql.pending_requests ({request})[db.client.connection.pool.name=Host=127.0.0.1;Port=5432;Username=postgres;Database=myapp_load;Maximum Pool Size=500],Metric,0
06/08/2026 11:51:51,Npgsql,db.client.operation.npgsql.executing ({command})[db.client.connection.pool.name=Host=127.0.0.1;Port=5432;Username=postgres;Database=myapp_load;Maximum Pool Size=500],Metric,0
06/08/2026 11:51:51,System.Runtime,dotnet.gc.last_collection.heap.size (By)[gc.heap.generation=poh],Metric,9472440
06/08/2026 11:51:51,System.Runtime,dotnet.gc.last_collection.heap.size (By)[gc.heap.generation=loh],Metric,4626696
06/08/2026 11:51:51,System.Runtime,dotnet.gc.last_collection.heap.size (By)[gc.heap.generation=gen0],Metric,0
06/08/2026 11:51:51,System.Runtime,dotnet.gc.last_collection.heap.size (By)[gc.heap.generation=gen1],Metric,33632688
06/08/2026 11:51:51,System.Runtime,dotnet.gc.last_collection.heap.size (By)[gc.heap.generation=gen2],Metric,64056632
06/08/2026 11:51:51,Npgsql,db.client.connection.max ({connection})[db.client.connection.pool.name=Host=127.0.0.1;Port=5432;Username=postgres;Database=myapp_load;Maximum Pool Size=500],Metric,500
06/08/2026 11:51:51,System.Runtime,dotnet.process.cpu.count ({cpu}),Metric,20
06/08/2026 11:51:51,Npgsql,db.client.connection.count ({connection})[db.client.connection.pool.name=Host=127.0.0.1;Port=5432;Username=postgres;Database=myapp_load;Maximum Pool Size=500;db.client.connection.state=used],Metric,0
06/08/2026 11:51:51,Npgsql,db.client.connection.count ({connection})[db.client.connection.pool.name=Host=127.0.0.1;Port=5432;Username=postgres;Database=myapp_load;Maximum Pool Size=500;db.client.connection.state=idle],Metric,500
06/08/2026 11:51:51,System.Runtime,dotnet.gc.last_collection.heap.fragmentation.size (By)[gc.heap.generation=poh],Metric,20600
06/08/2026 11:51:51,System.Runtime,dotnet.gc.last_collection.heap.fragmentation.size (By)[gc.heap.generation=loh],Metric,768
06/08/2026 11:51:51,System.Runtime,dotnet.gc.last_collection.heap.fragmentation.size (By)[gc.heap.generation=gen0],Metric,0
06/08/2026 11:51:51,System.Runtime,dotnet.gc.last_collection.heap.fragmentation.size (By)[gc.heap.generation=gen1],Metric,427128
06/08/2026 11:51:51,System.Runtime,dotnet.gc.last_collection.heap.fragmentation.size (By)[gc.heap.generation=gen2],Metric,5864152
06/08/2026 11:51:51,System.Runtime,dotnet.gc.last_collection.memory.committed_size (By),Metric,256286720
06/08/2026 11:51:51,System.Runtime,dotnet.gc.heap.total_allocated (By / 1 sec),Rate,221248
06/08/2026 11:51:51,System.Runtime,dotnet.thread_pool.thread.count ({thread} / 1 sec),Rate,0
06/08/2026 11:51:51,System.Runtime,dotnet.jit.compiled_methods ({method} / 1 sec),Rate,131
06/08/2026 11:51:51,Npgsql,db.client.operation.npgsql.bytes_written (By / 1 sec)[db.client.connection.pool.name=Host=127.0.0.1;Port=5432;Username=postgres;Database=myapp_load;Maximum Pool Size=500],Rate,0
06/08/2026 11:51:51,System.Runtime,dotnet.gc.pause.time (s / 1 sec),Rate,0
06/08/2026 11:51:51,System.Runtime,dotnet.assembly.count ({assembly}),Metric,150
06/08/2026 11:51:51,System.Runtime,dotnet.timer.count ({timer}),Metric,5
06/08/2026 11:51:51,System.Runtime,dotnet.thread_pool.queue.length ({work_item} / 1 sec),Rate,0
06/08/2026 11:51:52,System.Runtime,dotnet.thread_pool.work_item.count ({work_item} / 1 sec),Rate,1
06/08/2026 11:51:52,Npgsql,db.client.operation.npgsql.bytes_read (By / 1 sec)[db.client.connection.pool.name=Host=127.0.0.1;Port=5432;Username=postgres;Database=myapp_load;Maximum Pool Size=500],Rate,0
06/08/2026 11:51:52,System.Runtime,dotnet.process.cpu.time (s / 1 sec)[cpu.mode=system],Rate,0
06/08/2026 11:51:52,System.Runtime,dotnet.process.cpu.time (s / 1 sec)[cpu.mode=user],Rate,0
06/08/2026 11:51:52,System.Runtime,dotnet.jit.compilation.time (s / 1 sec),Rate,0.0046138000000013335
06/08/2026 11:51:52,System.Runtime,dotnet.process.memory.working_set (By),Metric,369266688
06/08/2026 11:51:52,System.Runtime,dotnet.exceptions ({exception} / 1 sec)[error.type=OperationCanceledException],Rate,0
06/08/2026 11:51:52,System.Runtime,dotnet.exceptions ({exception} / 1 sec)[error.type=HttpRequestException],Rate,0
06/08/2026 11:51:52,System.Runtime,dotnet.exceptions ({exception} / 1 sec)[error.type=ConnectionResetException],Rate,0
06/08/2026 11:51:52,System.Runtime,dotnet.exceptions ({exception} / 1 sec)[error.type=SocketException],Rate,0
06/08/2026 11:51:52,Microsoft.AspNetCore.Hosting,http.server.active_requests ({request})[http.request.method=POST;url.scheme=http],Metric,0
06/08/2026 11:51:52,Microsoft.AspNetCore.Hosting,http.server.active_requests ({request})[http.request.method=GET;url.scheme=http],Metric,0
06/08/2026 11:51:52,System.Runtime,dotnet.jit.compiled_il.size (By / 1 sec),Rate,115
06/08/2026 11:51:52,System.Runtime,dotnet.monitor.lock_contentions ({contention} / 1 sec),Rate,0
06/08/2026 11:51:52,System.Runtime,dotnet.gc.collections ({collection} / 1 sec)[gc.heap.generation=gen0],Rate,0
06/08/2026 11:51:52,System.Runtime,dotnet.gc.collections ({collection} / 1 sec)[gc.heap.generation=gen1],Rate,0
06/08/2026 11:51:52,System.Runtime,dotnet.gc.collections ({collection} / 1 sec)[gc.heap.generation=gen2],Rate,0
06/08/2026 11:51:52,Npgsql,db.client.connection.npgsql.pending_requests ({request})[db.client.connection.pool.name=Host=127.0.0.1;Port=5432;Username=postgres;Database=myapp_load;Maximum Pool Size=500],Metric,0
06/08/2026 11:51:52,Npgsql,db.client.operation.npgsql.executing ({command})[db.client.connection.pool.name=Host=127.0.0.1;Port=5432;Username=postgres;Database=myapp_load;Maximum Pool Size=500],Metric,0
06/08/2026 11:51:52,System.Runtime,dotnet.gc.last_collection.heap.size (By)[gc.heap.generation=poh],Metric,9472440
06/08/2026 11:51:52,System.Runtime,dotnet.gc.last_collection.heap.size (By)[gc.heap.generation=loh],Metric,4626696
06/08/2026 11:51:52,System.Runtime,dotnet.gc.last_collection.heap.size (By)[gc.heap.generation=gen0],Metric,0
06/08/2026 11:51:52,System.Runtime,dotnet.gc.last_collection.heap.size (By)[gc.heap.generation=gen1],Metric,33632688
06/08/2026 11:51:52,System.Runtime,dotnet.gc.last_collection.heap.size (By)[gc.heap.generation=gen2],Metric,64056632
06/08/2026 11:51:52,Npgsql,db.client.connection.max ({connection})[db.client.connection.pool.name=Host=127.0.0.1;Port=5432;Username=postgres;Database=myapp_load;Maximum Pool Size=500],Metric,500
06/08/2026 11:51:52,System.Runtime,dotnet.process.cpu.count ({cpu}),Metric,20
06/08/2026 11:51:52,Npgsql,db.client.connection.count ({connection})[db.client.connection.pool.name=Host=127.0.0.1;Port=5432;Username=postgres;Database=myapp_load;Maximum Pool Size=500;db.client.connection.state=used],Metric,0
06/08/2026 11:51:52,Npgsql,db.client.connection.count ({connection})[db.client.connection.pool.name=Host=127.0.0.1;Port=5432;Username=postgres;Database=myapp_load;Maximum Pool Size=500;db.client.connection.state=idle],Metric,500
06/08/2026 11:51:52,System.Runtime,dotnet.gc.last_collection.heap.fragmentation.size (By)[gc.heap.generation=poh],Metric,20600
06/08/2026 11:51:52,System.Runtime,dotnet.gc.last_collection.heap.fragmentation.size (By)[gc.heap.generation=loh],Metric,768
06/08/2026 11:51:52,System.Runtime,dotnet.gc.last_collection.heap.fragmentation.size (By)[gc.heap.generation=gen0],Metric,0
06/08/2026 11:51:52,System.Runtime,dotnet.gc.last_collection.heap.fragmentation.size (By)[gc.heap.generation=gen1],Metric,427128
06/08/2026 11:51:52,System.Runtime,dotnet.gc.last_collection.heap.fragmentation.size (By)[gc.heap.generation=gen2],Metric,5864152
06/08/2026 11:51:52,System.Runtime,dotnet.gc.last_collection.memory.committed_size (By),Metric,256286720
06/08/2026 11:51:52,System.Runtime,dotnet.gc.heap.total_allocated (By / 1 sec),Rate,221328
06/08/2026 11:51:52,System.Runtime,dotnet.thread_pool.thread.count ({thread} / 1 sec),Rate,0
06/08/2026 11:51:52,System.Runtime,dotnet.jit.compiled_methods ({method} / 1 sec),Rate,6
06/08/2026 11:51:52,Npgsql,db.client.operation.npgsql.bytes_written (By / 1 sec)[db.client.connection.pool.name=Host=127.0.0.1;Port=5432;Username=postgres;Database=myapp_load;Maximum Pool Size=500],Rate,0
06/08/2026 11:51:52,System.Runtime,dotnet.gc.pause.time (s / 1 sec),Rate,0
06/08/2026 11:51:52,System.Runtime,dotnet.assembly.count ({assembly}),Metric,150
06/08/2026 11:51:52,System.Runtime,dotnet.timer.count ({timer}),Metric,5
06/08/2026 11:51:52,System.Runtime,dotnet.thread_pool.queue.length ({work_item} / 1 sec),Rate,0
06/08/2026 11:51:53,System.Runtime,dotnet.thread_pool.work_item.count ({work_item} / 1 sec),Rate,1
06/08/2026 11:51:53,Npgsql,db.client.operation.npgsql.bytes_read (By / 1 sec)[db.client.connection.pool.name=Host=127.0.0.1;Port=5432;Username=postgres;Database=myapp_load;Maximum Pool Size=500],Rate,0
06/08/2026 11:51:53,System.Runtime,dotnet.process.cpu.time (s / 1 sec)[cpu.mode=system],Rate,0
06/08/2026 11:51:53,System.Runtime,dotnet.process.cpu.time (s / 1 sec)[cpu.mode=user],Rate,0.03125
06/08/2026 11:51:53,System.Runtime,dotnet.jit.compilation.time (s / 1 sec),Rate,0
06/08/2026 11:51:53,System.Runtime,dotnet.process.memory.working_set (By),Metric,369266688
06/08/2026 11:51:53,System.Runtime,dotnet.exceptions ({exception} / 1 sec)[error.type=OperationCanceledException],Rate,0
06/08/2026 11:51:53,System.Runtime,dotnet.exceptions ({exception} / 1 sec)[error.type=HttpRequestException],Rate,0
06/08/2026 11:51:53,System.Runtime,dotnet.exceptions ({exception} / 1 sec)[error.type=ConnectionResetException],Rate,0
06/08/2026 11:51:53,System.Runtime,dotnet.exceptions ({exception} / 1 sec)[error.type=SocketException],Rate,0
06/08/2026 11:51:53,Microsoft.AspNetCore.Hosting,http.server.active_requests ({request})[http.request.method=POST;url.scheme=http],Metric,0
06/08/2026 11:51:53,Microsoft.AspNetCore.Hosting,http.server.active_requests ({request})[http.request.method=GET;url.scheme=http],Metric,0
06/08/2026 11:51:53,System.Runtime,dotnet.jit.compiled_il.size (By / 1 sec),Rate,0
06/08/2026 11:51:53,System.Runtime,dotnet.monitor.lock_contentions ({contention} / 1 sec),Rate,0
06/08/2026 11:51:53,System.Runtime,dotnet.gc.collections ({collection} / 1 sec)[gc.heap.generation=gen0],Rate,0
06/08/2026 11:51:53,System.Runtime,dotnet.gc.collections ({collection} / 1 sec)[gc.heap.generation=gen1],Rate,0
06/08/2026 11:51:53,System.Runtime,dotnet.gc.collections ({collection} / 1 sec)[gc.heap.generation=gen2],Rate,0
06/08/2026 11:51:53,Npgsql,db.client.connection.npgsql.pending_requests ({request})[db.client.connection.pool.name=Host=127.0.0.1;Port=5432;Username=postgres;Database=myapp_load;Maximum Pool Size=500],Metric,0
06/08/2026 11:51:53,Npgsql,db.client.operation.npgsql.executing ({command})[db.client.connection.pool.name=Host=127.0.0.1;Port=5432;Username=postgres;Database=myapp_load;Maximum Pool Size=500],Metric,0
06/08/2026 11:51:53,System.Runtime,dotnet.gc.last_collection.heap.size (By)[gc.heap.generation=poh],Metric,9472440
06/08/2026 11:51:53,System.Runtime,dotnet.gc.last_collection.heap.size (By)[gc.heap.generation=loh],Metric,4626696
06/08/2026 11:51:53,System.Runtime,dotnet.gc.last_collection.heap.size (By)[gc.heap.generation=gen0],Metric,0
06/08/2026 11:51:53,System.Runtime,dotnet.gc.last_collection.heap.size (By)[gc.heap.generation=gen1],Metric,33632688
06/08/2026 11:51:53,System.Runtime,dotnet.gc.last_collection.heap.size (By)[gc.heap.generation=gen2],Metric,64056632
06/08/2026 11:51:53,Npgsql,db.client.connection.max ({connection})[db.client.connection.pool.name=Host=127.0.0.1;Port=5432;Username=postgres;Database=myapp_load;Maximum Pool Size=500],Metric,500
06/08/2026 11:51:53,System.Runtime,dotnet.process.cpu.count ({cpu}),Metric,20
06/08/2026 11:51:53,Npgsql,db.client.connection.count ({connection})[db.client.connection.pool.name=Host=127.0.0.1;Port=5432;Username=postgres;Database=myapp_load;Maximum Pool Size=500;db.client.connection.state=used],Metric,0
06/08/2026 11:51:53,Npgsql,db.client.connection.count ({connection})[db.client.connection.pool.name=Host=127.0.0.1;Port=5432;Username=postgres;Database=myapp_load;Maximum Pool Size=500;db.client.connection.state=idle],Metric,500
06/08/2026 11:51:53,System.Runtime,dotnet.gc.last_collection.heap.fragmentation.size (By)[gc.heap.generation=poh],Metric,20600
06/08/2026 11:51:53,System.Runtime,dotnet.gc.last_collection.heap.fragmentation.size (By)[gc.heap.generation=loh],Metric,768
06/08/2026 11:51:53,System.Runtime,dotnet.gc.last_collection.heap.fragmentation.size (By)[gc.heap.generation=gen0],Metric,0
06/08/2026 11:51:53,System.Runtime,dotnet.gc.last_collection.heap.fragmentation.size (By)[gc.heap.generation=gen1],Metric,427128
06/08/2026 11:51:53,System.Runtime,dotnet.gc.last_collection.heap.fragmentation.size (By)[gc.heap.generation=gen2],Metric,5864152
06/08/2026 11:51:53,System.Runtime,dotnet.gc.last_collection.memory.committed_size (By),Metric,256286720
06/08/2026 11:51:53,System.Runtime,dotnet.gc.heap.total_allocated (By / 1 sec),Rate,220232
06/08/2026 11:51:53,System.Runtime,dotnet.thread_pool.thread.count ({thread} / 1 sec),Rate,0
06/08/2026 11:51:53,System.Runtime,dotnet.jit.compiled_methods ({method} / 1 sec),Rate,0
06/08/2026 11:51:53,Npgsql,db.client.operation.npgsql.bytes_written (By / 1 sec)[db.client.connection.pool.name=Host=127.0.0.1;Port=5432;Username=postgres;Database=myapp_load;Maximum Pool Size=500],Rate,0
06/08/2026 11:51:53,System.Runtime,dotnet.gc.pause.time (s / 1 sec),Rate,0
06/08/2026 11:51:53,System.Runtime,dotnet.assembly.count ({assembly}),Metric,150
06/08/2026 11:51:53,System.Runtime,dotnet.timer.count ({timer}),Metric,5
06/08/2026 11:51:53,System.Runtime,dotnet.thread_pool.queue.length ({work_item} / 1 sec),Rate,0
06/08/2026 11:51:54,System.Runtime,dotnet.thread_pool.work_item.count ({work_item} / 1 sec),Rate,4
06/08/2026 11:51:54,Npgsql,db.client.operation.npgsql.bytes_read (By / 1 sec)[db.client.connection.pool.name=Host=127.0.0.1;Port=5432;Username=postgres;Database=myapp_load;Maximum Pool Size=500],Rate,0
06/08/2026 11:51:54,System.Runtime,dotnet.process.cpu.time (s / 1 sec)[cpu.mode=system],Rate,0
06/08/2026 11:51:54,System.Runtime,dotnet.process.cpu.time (s / 1 sec)[cpu.mode=user],Rate,0
06/08/2026 11:51:54,System.Runtime,dotnet.jit.compilation.time (s / 1 sec),Rate,0.00883909999999588
06/08/2026 11:51:54,System.Runtime,dotnet.process.memory.working_set (By),Metric,369262592
06/08/2026 11:51:54,System.Runtime,dotnet.exceptions ({exception} / 1 sec)[error.type=OperationCanceledException],Rate,0
06/08/2026 11:51:54,System.Runtime,dotnet.exceptions ({exception} / 1 sec)[error.type=HttpRequestException],Rate,11
06/08/2026 11:51:54,System.Runtime,dotnet.exceptions ({exception} / 1 sec)[error.type=ConnectionResetException],Rate,0
06/08/2026 11:51:54,System.Runtime,dotnet.exceptions ({exception} / 1 sec)[error.type=SocketException],Rate,2
06/08/2026 11:51:54,Microsoft.AspNetCore.Hosting,http.server.active_requests ({request})[http.request.method=POST;url.scheme=http],Metric,0
06/08/2026 11:51:54,Microsoft.AspNetCore.Hosting,http.server.active_requests ({request})[http.request.method=GET;url.scheme=http],Metric,0
06/08/2026 11:51:54,System.Runtime,dotnet.jit.compiled_il.size (By / 1 sec),Rate,1194
06/08/2026 11:51:54,System.Runtime,dotnet.monitor.lock_contentions ({contention} / 1 sec),Rate,0
06/08/2026 11:51:54,System.Runtime,dotnet.gc.collections ({collection} / 1 sec)[gc.heap.generation=gen0],Rate,0
06/08/2026 11:51:54,System.Runtime,dotnet.gc.collections ({collection} / 1 sec)[gc.heap.generation=gen1],Rate,0
06/08/2026 11:51:54,System.Runtime,dotnet.gc.collections ({collection} / 1 sec)[gc.heap.generation=gen2],Rate,0
06/08/2026 11:51:54,Npgsql,db.client.connection.npgsql.pending_requests ({request})[db.client.connection.pool.name=Host=127.0.0.1;Port=5432;Username=postgres;Database=myapp_load;Maximum Pool Size=500],Metric,0
06/08/2026 11:51:54,Npgsql,db.client.operation.npgsql.executing ({command})[db.client.connection.pool.name=Host=127.0.0.1;Port=5432;Username=postgres;Database=myapp_load;Maximum Pool Size=500],Metric,0
06/08/2026 11:51:54,System.Runtime,dotnet.gc.last_collection.heap.size (By)[gc.heap.generation=poh],Metric,9472440
06/08/2026 11:51:54,System.Runtime,dotnet.gc.last_collection.heap.size (By)[gc.heap.generation=loh],Metric,4626696
06/08/2026 11:51:54,System.Runtime,dotnet.gc.last_collection.heap.size (By)[gc.heap.generation=gen0],Metric,0
06/08/2026 11:51:54,System.Runtime,dotnet.gc.last_collection.heap.size (By)[gc.heap.generation=gen1],Metric,33632688
06/08/2026 11:51:54,System.Runtime,dotnet.gc.last_collection.heap.size (By)[gc.heap.generation=gen2],Metric,64056632
06/08/2026 11:51:54,Npgsql,db.client.connection.max ({connection})[db.client.connection.pool.name=Host=127.0.0.1;Port=5432;Username=postgres;Database=myapp_load;Maximum Pool Size=500],Metric,500
06/08/2026 11:51:54,System.Runtime,dotnet.process.cpu.count ({cpu}),Metric,20
06/08/2026 11:51:54,Npgsql,db.client.connection.count ({connection})[db.client.connection.pool.name=Host=127.0.0.1;Port=5432;Username=postgres;Database=myapp_load;Maximum Pool Size=500;db.client.connection.state=used],Metric,0
06/08/2026 11:51:54,Npgsql,db.client.connection.count ({connection})[db.client.connection.pool.name=Host=127.0.0.1;Port=5432;Username=postgres;Database=myapp_load;Maximum Pool Size=500;db.client.connection.state=idle],Metric,500
06/08/2026 11:51:54,System.Runtime,dotnet.gc.last_collection.heap.fragmentation.size (By)[gc.heap.generation=poh],Metric,20600
06/08/2026 11:51:54,System.Runtime,dotnet.gc.last_collection.heap.fragmentation.size (By)[gc.heap.generation=loh],Metric,768
06/08/2026 11:51:54,System.Runtime,dotnet.gc.last_collection.heap.fragmentation.size (By)[gc.heap.generation=gen0],Metric,0
06/08/2026 11:51:54,System.Runtime,dotnet.gc.last_collection.heap.fragmentation.size (By)[gc.heap.generation=gen1],Metric,427128
06/08/2026 11:51:54,System.Runtime,dotnet.gc.last_collection.heap.fragmentation.size (By)[gc.heap.generation=gen2],Metric,5864152
06/08/2026 11:51:54,System.Runtime,dotnet.gc.last_collection.memory.committed_size (By),Metric,256286720
06/08/2026 11:51:54,System.Runtime,dotnet.gc.heap.total_allocated (By / 1 sec),Rate,237552
06/08/2026 11:51:54,System.Runtime,dotnet.thread_pool.thread.count ({thread} / 1 sec),Rate,-1
06/08/2026 11:51:54,System.Runtime,dotnet.jit.compiled_methods ({method} / 1 sec),Rate,11
06/08/2026 11:51:54,Npgsql,db.client.operation.npgsql.bytes_written (By / 1 sec)[db.client.connection.pool.name=Host=127.0.0.1;Port=5432;Username=postgres;Database=myapp_load;Maximum Pool Size=500],Rate,0
06/08/2026 11:51:54,System.Runtime,dotnet.gc.pause.time (s / 1 sec),Rate,0
06/08/2026 11:51:54,System.Runtime,dotnet.assembly.count ({assembly}),Metric,150
06/08/2026 11:51:54,System.Runtime,dotnet.timer.count ({timer}),Metric,5
06/08/2026 11:51:54,System.Runtime,dotnet.thread_pool.queue.length ({work_item} / 1 sec),Rate,0
06/08/2026 11:51:55,System.Runtime,dotnet.thread_pool.work_item.count ({work_item} / 1 sec),Rate,1
06/08/2026 11:51:55,Npgsql,db.client.operation.npgsql.bytes_read (By / 1 sec)[db.client.connection.pool.name=Host=127.0.0.1;Port=5432;Username=postgres;Database=myapp_load;Maximum Pool Size=500],Rate,0
06/08/2026 11:51:55,System.Runtime,dotnet.process.cpu.time (s / 1 sec)[cpu.mode=system],Rate,0
06/08/2026 11:51:55,System.Runtime,dotnet.process.cpu.time (s / 1 sec)[cpu.mode=user],Rate,0
06/08/2026 11:51:55,System.Runtime,dotnet.jit.compilation.time (s / 1 sec),Rate,0
06/08/2026 11:51:55,System.Runtime,dotnet.process.memory.working_set (By),Metric,369270784
06/08/2026 11:51:55,System.Runtime,dotnet.exceptions ({exception} / 1 sec)[error.type=OperationCanceledException],Rate,0
06/08/2026 11:51:55,System.Runtime,dotnet.exceptions ({exception} / 1 sec)[error.type=HttpRequestException],Rate,0
06/08/2026 11:51:55,System.Runtime,dotnet.exceptions ({exception} / 1 sec)[error.type=ConnectionResetException],Rate,0
06/08/2026 11:51:55,System.Runtime,dotnet.exceptions ({exception} / 1 sec)[error.type=SocketException],Rate,0
06/08/2026 11:51:55,Microsoft.AspNetCore.Hosting,http.server.active_requests ({request})[http.request.method=POST;url.scheme=http],Metric,0
06/08/2026 11:51:55,Microsoft.AspNetCore.Hosting,http.server.active_requests ({request})[http.request.method=GET;url.scheme=http],Metric,0
06/08/2026 11:51:55,System.Runtime,dotnet.jit.compiled_il.size (By / 1 sec),Rate,0
06/08/2026 11:51:55,System.Runtime,dotnet.monitor.lock_contentions ({contention} / 1 sec),Rate,0
06/08/2026 11:51:55,System.Runtime,dotnet.gc.collections ({collection} / 1 sec)[gc.heap.generation=gen0],Rate,0
06/08/2026 11:51:55,System.Runtime,dotnet.gc.collections ({collection} / 1 sec)[gc.heap.generation=gen1],Rate,0
06/08/2026 11:51:55,System.Runtime,dotnet.gc.collections ({collection} / 1 sec)[gc.heap.generation=gen2],Rate,0
06/08/2026 11:51:55,Npgsql,db.client.connection.npgsql.pending_requests ({request})[db.client.connection.pool.name=Host=127.0.0.1;Port=5432;Username=postgres;Database=myapp_load;Maximum Pool Size=500],Metric,0
06/08/2026 11:51:55,Npgsql,db.client.operation.npgsql.executing ({command})[db.client.connection.pool.name=Host=127.0.0.1;Port=5432;Username=postgres;Database=myapp_load;Maximum Pool Size=500],Metric,0
06/08/2026 11:51:55,System.Runtime,dotnet.gc.last_collection.heap.size (By)[gc.heap.generation=poh],Metric,9472440
06/08/2026 11:51:55,System.Runtime,dotnet.gc.last_collection.heap.size (By)[gc.heap.generation=loh],Metric,4626696
06/08/2026 11:51:55,System.Runtime,dotnet.gc.last_collection.heap.size (By)[gc.heap.generation=gen0],Metric,0
06/08/2026 11:51:55,System.Runtime,dotnet.gc.last_collection.heap.size (By)[gc.heap.generation=gen1],Metric,33632688
06/08/2026 11:51:55,System.Runtime,dotnet.gc.last_collection.heap.size (By)[gc.heap.generation=gen2],Metric,64056632
06/08/2026 11:51:55,Npgsql,db.client.connection.max ({connection})[db.client.connection.pool.name=Host=127.0.0.1;Port=5432;Username=postgres;Database=myapp_load;Maximum Pool Size=500],Metric,500
06/08/2026 11:51:55,System.Runtime,dotnet.process.cpu.count ({cpu}),Metric,20
06/08/2026 11:51:55,Npgsql,db.client.connection.count ({connection})[db.client.connection.pool.name=Host=127.0.0.1;Port=5432;Username=postgres;Database=myapp_load;Maximum Pool Size=500;db.client.connection.state=used],Metric,0
06/08/2026 11:51:55,Npgsql,db.client.connection.count ({connection})[db.client.connection.pool.name=Host=127.0.0.1;Port=5432;Username=postgres;Database=myapp_load;Maximum Pool Size=500;db.client.connection.state=idle],Metric,500
06/08/2026 11:51:55,System.Runtime,dotnet.gc.last_collection.heap.fragmentation.size (By)[gc.heap.generation=poh],Metric,20600
06/08/2026 11:51:55,System.Runtime,dotnet.gc.last_collection.heap.fragmentation.size (By)[gc.heap.generation=loh],Metric,768
06/08/2026 11:51:55,System.Runtime,dotnet.gc.last_collection.heap.fragmentation.size (By)[gc.heap.generation=gen0],Metric,0
06/08/2026 11:51:55,System.Runtime,dotnet.gc.last_collection.heap.fragmentation.size (By)[gc.heap.generation=gen1],Metric,427128
06/08/2026 11:51:55,System.Runtime,dotnet.gc.last_collection.heap.fragmentation.size (By)[gc.heap.generation=gen2],Metric,5864152
06/08/2026 11:51:55,System.Runtime,dotnet.gc.last_collection.memory.committed_size (By),Metric,256286720
06/08/2026 11:51:55,System.Runtime,dotnet.gc.heap.total_allocated (By / 1 sec),Rate,229352
06/08/2026 11:51:55,System.Runtime,dotnet.thread_pool.thread.count ({thread} / 1 sec),Rate,0
06/08/2026 11:51:55,System.Runtime,dotnet.jit.compiled_methods ({method} / 1 sec),Rate,0
06/08/2026 11:51:55,Npgsql,db.client.operation.npgsql.bytes_written (By / 1 sec)[db.client.connection.pool.name=Host=127.0.0.1;Port=5432;Username=postgres;Database=myapp_load;Maximum Pool Size=500],Rate,0
06/08/2026 11:51:55,System.Runtime,dotnet.gc.pause.time (s / 1 sec),Rate,0
06/08/2026 11:51:55,System.Runtime,dotnet.assembly.count ({assembly}),Metric,150
06/08/2026 11:51:55,System.Runtime,dotnet.timer.count ({timer}),Metric,5
06/08/2026 11:51:55,System.Runtime,dotnet.thread_pool.queue.length ({work_item} / 1 sec),Rate,0
06/08/2026 11:51:56,System.Runtime,dotnet.thread_pool.work_item.count ({work_item} / 1 sec),Rate,4
06/08/2026 11:51:56,Npgsql,db.client.operation.npgsql.bytes_read (By / 1 sec)[db.client.connection.pool.name=Host=127.0.0.1;Port=5432;Username=postgres;Database=myapp_load;Maximum Pool Size=500],Rate,0
06/08/2026 11:51:56,System.Runtime,dotnet.process.cpu.time (s / 1 sec)[cpu.mode=system],Rate,0
06/08/2026 11:51:56,System.Runtime,dotnet.process.cpu.time (s / 1 sec)[cpu.mode=user],Rate,0.015625
06/08/2026 11:51:56,System.Runtime,dotnet.jit.compilation.time (s / 1 sec),Rate,0.0062043000000002735
06/08/2026 11:51:56,System.Runtime,dotnet.process.memory.working_set (By),Metric,366579712
06/08/2026 11:51:56,System.Runtime,dotnet.exceptions ({exception} / 1 sec)[error.type=OperationCanceledException],Rate,0
06/08/2026 11:51:56,System.Runtime,dotnet.exceptions ({exception} / 1 sec)[error.type=HttpRequestException],Rate,0
06/08/2026 11:51:56,System.Runtime,dotnet.exceptions ({exception} / 1 sec)[error.type=ConnectionResetException],Rate,0
06/08/2026 11:51:56,System.Runtime,dotnet.exceptions ({exception} / 1 sec)[error.type=SocketException],Rate,0
06/08/2026 11:51:56,Microsoft.AspNetCore.Hosting,http.server.active_requests ({request})[http.request.method=POST;url.scheme=http],Metric,0
06/08/2026 11:51:56,Microsoft.AspNetCore.Hosting,http.server.active_requests ({request})[http.request.method=GET;url.scheme=http],Metric,0
06/08/2026 11:51:56,System.Runtime,dotnet.jit.compiled_il.size (By / 1 sec),Rate,595
06/08/2026 11:51:56,System.Runtime,dotnet.monitor.lock_contentions ({contention} / 1 sec),Rate,0
06/08/2026 11:51:56,System.Runtime,dotnet.gc.collections ({collection} / 1 sec)[gc.heap.generation=gen0],Rate,0
06/08/2026 11:51:56,System.Runtime,dotnet.gc.collections ({collection} / 1 sec)[gc.heap.generation=gen1],Rate,0
06/08/2026 11:51:56,System.Runtime,dotnet.gc.collections ({collection} / 1 sec)[gc.heap.generation=gen2],Rate,0
06/08/2026 11:51:56,Npgsql,db.client.connection.npgsql.pending_requests ({request})[db.client.connection.pool.name=Host=127.0.0.1;Port=5432;Username=postgres;Database=myapp_load;Maximum Pool Size=500],Metric,0
06/08/2026 11:51:56,Npgsql,db.client.operation.npgsql.executing ({command})[db.client.connection.pool.name=Host=127.0.0.1;Port=5432;Username=postgres;Database=myapp_load;Maximum Pool Size=500],Metric,0
06/08/2026 11:51:56,System.Runtime,dotnet.gc.last_collection.heap.size (By)[gc.heap.generation=poh],Metric,9472440
06/08/2026 11:51:56,System.Runtime,dotnet.gc.last_collection.heap.size (By)[gc.heap.generation=loh],Metric,4626696
06/08/2026 11:51:56,System.Runtime,dotnet.gc.last_collection.heap.size (By)[gc.heap.generation=gen0],Metric,0
06/08/2026 11:51:56,System.Runtime,dotnet.gc.last_collection.heap.size (By)[gc.heap.generation=gen1],Metric,33632688
06/08/2026 11:51:56,System.Runtime,dotnet.gc.last_collection.heap.size (By)[gc.heap.generation=gen2],Metric,64056632
06/08/2026 11:51:56,Npgsql,db.client.connection.max ({connection})[db.client.connection.pool.name=Host=127.0.0.1;Port=5432;Username=postgres;Database=myapp_load;Maximum Pool Size=500],Metric,500
06/08/2026 11:51:56,System.Runtime,dotnet.process.cpu.count ({cpu}),Metric,20
06/08/2026 11:51:56,Npgsql,db.client.connection.count ({connection})[db.client.connection.pool.name=Host=127.0.0.1;Port=5432;Username=postgres;Database=myapp_load;Maximum Pool Size=500;db.client.connection.state=used],Metric,0
06/08/2026 11:51:56,Npgsql,db.client.connection.count ({connection})[db.client.connection.pool.name=Host=127.0.0.1;Port=5432;Username=postgres;Database=myapp_load;Maximum Pool Size=500;db.client.connection.state=idle],Metric,500
06/08/2026 11:51:56,System.Runtime,dotnet.gc.last_collection.heap.fragmentation.size (By)[gc.heap.generation=poh],Metric,20600
06/08/2026 11:51:56,System.Runtime,dotnet.gc.last_collection.heap.fragmentation.size (By)[gc.heap.generation=loh],Metric,768
06/08/2026 11:51:56,System.Runtime,dotnet.gc.last_collection.heap.fragmentation.size (By)[gc.heap.generation=gen0],Metric,0
06/08/2026 11:51:56,System.Runtime,dotnet.gc.last_collection.heap.fragmentation.size (By)[gc.heap.generation=gen1],Metric,427128
06/08/2026 11:51:56,System.Runtime,dotnet.gc.last_collection.heap.fragmentation.size (By)[gc.heap.generation=gen2],Metric,5864152
06/08/2026 11:51:56,System.Runtime,dotnet.gc.last_collection.memory.committed_size (By),Metric,256286720
06/08/2026 11:51:56,System.Runtime,dotnet.gc.heap.total_allocated (By / 1 sec),Rate,221152
06/08/2026 11:51:56,System.Runtime,dotnet.thread_pool.thread.count ({thread} / 1 sec),Rate,0
06/08/2026 11:51:56,System.Runtime,dotnet.jit.compiled_methods ({method} / 1 sec),Rate,9
06/08/2026 11:51:56,Npgsql,db.client.operation.npgsql.bytes_written (By / 1 sec)[db.client.connection.pool.name=Host=127.0.0.1;Port=5432;Username=postgres;Database=myapp_load;Maximum Pool Size=500],Rate,0
06/08/2026 11:51:56,System.Runtime,dotnet.gc.pause.time (s / 1 sec),Rate,0
06/08/2026 11:51:56,System.Runtime,dotnet.assembly.count ({assembly}),Metric,150
06/08/2026 11:51:56,System.Runtime,dotnet.timer.count ({timer}),Metric,4
06/08/2026 11:51:56,System.Runtime,dotnet.thread_pool.queue.length ({work_item} / 1 sec),Rate,0
06/08/2026 11:51:57,System.Runtime,dotnet.thread_pool.work_item.count ({work_item} / 1 sec),Rate,0
06/08/2026 11:51:57,Npgsql,db.client.operation.npgsql.bytes_read (By / 1 sec)[db.client.connection.pool.name=Host=127.0.0.1;Port=5432;Username=postgres;Database=myapp_load;Maximum Pool Size=500],Rate,0
06/08/2026 11:51:57,System.Runtime,dotnet.process.cpu.time (s / 1 sec)[cpu.mode=system],Rate,0
06/08/2026 11:51:57,System.Runtime,dotnet.process.cpu.time (s / 1 sec)[cpu.mode=user],Rate,0
06/08/2026 11:51:57,System.Runtime,dotnet.jit.compilation.time (s / 1 sec),Rate,0
06/08/2026 11:51:57,System.Runtime,dotnet.process.memory.working_set (By),Metric,366571520
06/08/2026 11:51:57,System.Runtime,dotnet.exceptions ({exception} / 1 sec)[error.type=OperationCanceledException],Rate,0
06/08/2026 11:51:57,System.Runtime,dotnet.exceptions ({exception} / 1 sec)[error.type=HttpRequestException],Rate,0
06/08/2026 11:51:57,System.Runtime,dotnet.exceptions ({exception} / 1 sec)[error.type=ConnectionResetException],Rate,0
06/08/2026 11:51:57,System.Runtime,dotnet.exceptions ({exception} / 1 sec)[error.type=SocketException],Rate,0
06/08/2026 11:51:57,Microsoft.AspNetCore.Hosting,http.server.active_requests ({request})[http.request.method=POST;url.scheme=http],Metric,0
06/08/2026 11:51:57,Microsoft.AspNetCore.Hosting,http.server.active_requests ({request})[http.request.method=GET;url.scheme=http],Metric,0
06/08/2026 11:51:57,System.Runtime,dotnet.jit.compiled_il.size (By / 1 sec),Rate,0
06/08/2026 11:51:57,System.Runtime,dotnet.monitor.lock_contentions ({contention} / 1 sec),Rate,0
06/08/2026 11:51:57,System.Runtime,dotnet.gc.collections ({collection} / 1 sec)[gc.heap.generation=gen0],Rate,0
06/08/2026 11:51:57,System.Runtime,dotnet.gc.collections ({collection} / 1 sec)[gc.heap.generation=gen1],Rate,0
06/08/2026 11:51:57,System.Runtime,dotnet.gc.collections ({collection} / 1 sec)[gc.heap.generation=gen2],Rate,0
06/08/2026 11:51:57,Npgsql,db.client.connection.npgsql.pending_requests ({request})[db.client.connection.pool.name=Host=127.0.0.1;Port=5432;Username=postgres;Database=myapp_load;Maximum Pool Size=500],Metric,0
06/08/2026 11:51:57,Npgsql,db.client.operation.npgsql.executing ({command})[db.client.connection.pool.name=Host=127.0.0.1;Port=5432;Username=postgres;Database=myapp_load;Maximum Pool Size=500],Metric,0
06/08/2026 11:51:57,System.Runtime,dotnet.gc.last_collection.heap.size (By)[gc.heap.generation=poh],Metric,9472440
06/08/2026 11:51:57,System.Runtime,dotnet.gc.last_collection.heap.size (By)[gc.heap.generation=loh],Metric,4626696
06/08/2026 11:51:57,System.Runtime,dotnet.gc.last_collection.heap.size (By)[gc.heap.generation=gen0],Metric,0
06/08/2026 11:51:57,System.Runtime,dotnet.gc.last_collection.heap.size (By)[gc.heap.generation=gen1],Metric,33632688
06/08/2026 11:51:57,System.Runtime,dotnet.gc.last_collection.heap.size (By)[gc.heap.generation=gen2],Metric,64056632
06/08/2026 11:51:57,Npgsql,db.client.connection.max ({connection})[db.client.connection.pool.name=Host=127.0.0.1;Port=5432;Username=postgres;Database=myapp_load;Maximum Pool Size=500],Metric,500
06/08/2026 11:51:57,System.Runtime,dotnet.process.cpu.count ({cpu}),Metric,20
06/08/2026 11:51:57,Npgsql,db.client.connection.count ({connection})[db.client.connection.pool.name=Host=127.0.0.1;Port=5432;Username=postgres;Database=myapp_load;Maximum Pool Size=500;db.client.connection.state=used],Metric,0
06/08/2026 11:51:57,Npgsql,db.client.connection.count ({connection})[db.client.connection.pool.name=Host=127.0.0.1;Port=5432;Username=postgres;Database=myapp_load;Maximum Pool Size=500;db.client.connection.state=idle],Metric,500
06/08/2026 11:51:57,System.Runtime,dotnet.gc.last_collection.heap.fragmentation.size (By)[gc.heap.generation=poh],Metric,20600
06/08/2026 11:51:57,System.Runtime,dotnet.gc.last_collection.heap.fragmentation.size (By)[gc.heap.generation=loh],Metric,768
06/08/2026 11:51:57,System.Runtime,dotnet.gc.last_collection.heap.fragmentation.size (By)[gc.heap.generation=gen0],Metric,0
06/08/2026 11:51:57,System.Runtime,dotnet.gc.last_collection.heap.fragmentation.size (By)[gc.heap.generation=gen1],Metric,427128
06/08/2026 11:51:57,System.Runtime,dotnet.gc.last_collection.heap.fragmentation.size (By)[gc.heap.generation=gen2],Metric,5864152
06/08/2026 11:51:57,System.Runtime,dotnet.gc.last_collection.memory.committed_size (By),Metric,256286720
06/08/2026 11:51:57,System.Runtime,dotnet.gc.heap.total_allocated (By / 1 sec),Rate,213128
06/08/2026 11:51:57,System.Runtime,dotnet.thread_pool.thread.count ({thread} / 1 sec),Rate,0
06/08/2026 11:51:57,System.Runtime,dotnet.jit.compiled_methods ({method} / 1 sec),Rate,0
06/08/2026 11:51:57,Npgsql,db.client.operation.npgsql.bytes_written (By / 1 sec)[db.client.connection.pool.name=Host=127.0.0.1;Port=5432;Username=postgres;Database=myapp_load;Maximum Pool Size=500],Rate,0
06/08/2026 11:51:57,System.Runtime,dotnet.gc.pause.time (s / 1 sec),Rate,0
06/08/2026 11:51:57,System.Runtime,dotnet.assembly.count ({assembly}),Metric,150
06/08/2026 11:51:57,System.Runtime,dotnet.timer.count ({timer}),Metric,4
06/08/2026 11:51:57,System.Runtime,dotnet.thread_pool.queue.length ({work_item} / 1 sec),Rate,0
06/08/2026 11:51:58,System.Runtime,dotnet.thread_pool.work_item.count ({work_item} / 1 sec),Rate,4
06/08/2026 11:51:58,Npgsql,db.client.operation.npgsql.bytes_read (By / 1 sec)[db.client.connection.pool.name=Host=127.0.0.1;Port=5432;Username=postgres;Database=myapp_load;Maximum Pool Size=500],Rate,0
06/08/2026 11:51:58,System.Runtime,dotnet.process.cpu.time (s / 1 sec)[cpu.mode=system],Rate,0
06/08/2026 11:51:58,System.Runtime,dotnet.process.cpu.time (s / 1 sec)[cpu.mode=user],Rate,0
06/08/2026 11:51:58,System.Runtime,dotnet.jit.compilation.time (s / 1 sec),Rate,0.009428300000003276
06/08/2026 11:51:58,System.Runtime,dotnet.process.memory.working_set (By),Metric,366608384
06/08/2026 11:51:58,System.Runtime,dotnet.exceptions ({exception} / 1 sec)[error.type=OperationCanceledException],Rate,0
06/08/2026 11:51:58,System.Runtime,dotnet.exceptions ({exception} / 1 sec)[error.type=HttpRequestException],Rate,11
06/08/2026 11:51:58,System.Runtime,dotnet.exceptions ({exception} / 1 sec)[error.type=ConnectionResetException],Rate,0
06/08/2026 11:51:58,System.Runtime,dotnet.exceptions ({exception} / 1 sec)[error.type=SocketException],Rate,2
06/08/2026 11:51:58,Microsoft.AspNetCore.Hosting,http.server.active_requests ({request})[http.request.method=POST;url.scheme=http],Metric,0
06/08/2026 11:51:58,Microsoft.AspNetCore.Hosting,http.server.active_requests ({request})[http.request.method=GET;url.scheme=http],Metric,0
06/08/2026 11:51:58,System.Runtime,dotnet.jit.compiled_il.size (By / 1 sec),Rate,176
06/08/2026 11:51:58,System.Runtime,dotnet.monitor.lock_contentions ({contention} / 1 sec),Rate,0
06/08/2026 11:51:58,System.Runtime,dotnet.gc.collections ({collection} / 1 sec)[gc.heap.generation=gen0],Rate,0
06/08/2026 11:51:58,System.Runtime,dotnet.gc.collections ({collection} / 1 sec)[gc.heap.generation=gen1],Rate,0
06/08/2026 11:51:58,System.Runtime,dotnet.gc.collections ({collection} / 1 sec)[gc.heap.generation=gen2],Rate,0
06/08/2026 11:51:58,Npgsql,db.client.connection.npgsql.pending_requests ({request})[db.client.connection.pool.name=Host=127.0.0.1;Port=5432;Username=postgres;Database=myapp_load;Maximum Pool Size=500],Metric,0
06/08/2026 11:51:58,Npgsql,db.client.operation.npgsql.executing ({command})[db.client.connection.pool.name=Host=127.0.0.1;Port=5432;Username=postgres;Database=myapp_load;Maximum Pool Size=500],Metric,0
06/08/2026 11:51:58,System.Runtime,dotnet.gc.last_collection.heap.size (By)[gc.heap.generation=poh],Metric,9472440
06/08/2026 11:51:58,System.Runtime,dotnet.gc.last_collection.heap.size (By)[gc.heap.generation=loh],Metric,4626696
06/08/2026 11:51:58,System.Runtime,dotnet.gc.last_collection.heap.size (By)[gc.heap.generation=gen0],Metric,0
06/08/2026 11:51:58,System.Runtime,dotnet.gc.last_collection.heap.size (By)[gc.heap.generation=gen1],Metric,33632688
06/08/2026 11:51:58,System.Runtime,dotnet.gc.last_collection.heap.size (By)[gc.heap.generation=gen2],Metric,64056632
06/08/2026 11:51:58,Npgsql,db.client.connection.max ({connection})[db.client.connection.pool.name=Host=127.0.0.1;Port=5432;Username=postgres;Database=myapp_load;Maximum Pool Size=500],Metric,500
06/08/2026 11:51:58,System.Runtime,dotnet.process.cpu.count ({cpu}),Metric,20
06/08/2026 11:51:58,Npgsql,db.client.connection.count ({connection})[db.client.connection.pool.name=Host=127.0.0.1;Port=5432;Username=postgres;Database=myapp_load;Maximum Pool Size=500;db.client.connection.state=used],Metric,0
06/08/2026 11:51:58,Npgsql,db.client.connection.count ({connection})[db.client.connection.pool.name=Host=127.0.0.1;Port=5432;Username=postgres;Database=myapp_load;Maximum Pool Size=500;db.client.connection.state=idle],Metric,500
06/08/2026 11:51:58,System.Runtime,dotnet.gc.last_collection.heap.fragmentation.size (By)[gc.heap.generation=poh],Metric,20600
06/08/2026 11:51:58,System.Runtime,dotnet.gc.last_collection.heap.fragmentation.size (By)[gc.heap.generation=loh],Metric,768
06/08/2026 11:51:58,System.Runtime,dotnet.gc.last_collection.heap.fragmentation.size (By)[gc.heap.generation=gen0],Metric,0
06/08/2026 11:51:58,System.Runtime,dotnet.gc.last_collection.heap.fragmentation.size (By)[gc.heap.generation=gen1],Metric,427128
06/08/2026 11:51:58,System.Runtime,dotnet.gc.last_collection.heap.fragmentation.size (By)[gc.heap.generation=gen2],Metric,5864152
06/08/2026 11:51:58,System.Runtime,dotnet.gc.last_collection.memory.committed_size (By),Metric,256286720
06/08/2026 11:51:58,System.Runtime,dotnet.gc.heap.total_allocated (By / 1 sec),Rate,228856
06/08/2026 11:51:58,System.Runtime,dotnet.thread_pool.thread.count ({thread} / 1 sec),Rate,0
06/08/2026 11:51:58,System.Runtime,dotnet.jit.compiled_methods ({method} / 1 sec),Rate,3
06/08/2026 11:51:58,Npgsql,db.client.operation.npgsql.bytes_written (By / 1 sec)[db.client.connection.pool.name=Host=127.0.0.1;Port=5432;Username=postgres;Database=myapp_load;Maximum Pool Size=500],Rate,0
06/08/2026 11:51:58,System.Runtime,dotnet.gc.pause.time (s / 1 sec),Rate,0
06/08/2026 11:51:58,System.Runtime,dotnet.assembly.count ({assembly}),Metric,150
06/08/2026 11:51:58,System.Runtime,dotnet.timer.count ({timer}),Metric,4
06/08/2026 11:51:58,System.Runtime,dotnet.thread_pool.queue.length ({work_item} / 1 sec),Rate,0
06/08/2026 11:51:59,System.Runtime,dotnet.thread_pool.work_item.count ({work_item} / 1 sec),Rate,32
06/08/2026 11:51:59,Npgsql,db.client.operation.npgsql.bytes_read (By / 1 sec)[db.client.connection.pool.name=Host=127.0.0.1;Port=5432;Username=postgres;Database=myapp_load;Maximum Pool Size=500],Rate,0
06/08/2026 11:51:59,System.Runtime,dotnet.process.cpu.time (s / 1 sec)[cpu.mode=system],Rate,0
06/08/2026 11:51:59,System.Runtime,dotnet.process.cpu.time (s / 1 sec)[cpu.mode=user],Rate,0
06/08/2026 11:51:59,System.Runtime,dotnet.jit.compilation.time (s / 1 sec),Rate,0
06/08/2026 11:51:59,System.Runtime,dotnet.process.memory.working_set (By),Metric,366596096
06/08/2026 11:51:59,System.Runtime,dotnet.exceptions ({exception} / 1 sec)[error.type=OperationCanceledException],Rate,0
06/08/2026 11:51:59,System.Runtime,dotnet.exceptions ({exception} / 1 sec)[error.type=HttpRequestException],Rate,0
06/08/2026 11:51:59,System.Runtime,dotnet.exceptions ({exception} / 1 sec)[error.type=ConnectionResetException],Rate,0
06/08/2026 11:51:59,System.Runtime,dotnet.exceptions ({exception} / 1 sec)[error.type=SocketException],Rate,0
06/08/2026 11:51:59,Microsoft.AspNetCore.Hosting,http.server.active_requests ({request})[http.request.method=POST;url.scheme=http],Metric,0
06/08/2026 11:51:59,Microsoft.AspNetCore.Hosting,http.server.active_requests ({request})[http.request.method=GET;url.scheme=http],Metric,0
06/08/2026 11:51:59,System.Runtime,dotnet.jit.compiled_il.size (By / 1 sec),Rate,0
06/08/2026 11:51:59,System.Runtime,dotnet.monitor.lock_contentions ({contention} / 1 sec),Rate,0
06/08/2026 11:51:59,System.Runtime,dotnet.gc.collections ({collection} / 1 sec)[gc.heap.generation=gen0],Rate,0
06/08/2026 11:51:59,System.Runtime,dotnet.gc.collections ({collection} / 1 sec)[gc.heap.generation=gen1],Rate,0
06/08/2026 11:51:59,System.Runtime,dotnet.gc.collections ({collection} / 1 sec)[gc.heap.generation=gen2],Rate,0
06/08/2026 11:51:59,Npgsql,db.client.connection.npgsql.pending_requests ({request})[db.client.connection.pool.name=Host=127.0.0.1;Port=5432;Username=postgres;Database=myapp_load;Maximum Pool Size=500],Metric,0
06/08/2026 11:51:59,Npgsql,db.client.operation.npgsql.executing ({command})[db.client.connection.pool.name=Host=127.0.0.1;Port=5432;Username=postgres;Database=myapp_load;Maximum Pool Size=500],Metric,0
06/08/2026 11:51:59,System.Runtime,dotnet.gc.last_collection.heap.size (By)[gc.heap.generation=poh],Metric,9472440
06/08/2026 11:51:59,System.Runtime,dotnet.gc.last_collection.heap.size (By)[gc.heap.generation=loh],Metric,4626696
06/08/2026 11:51:59,System.Runtime,dotnet.gc.last_collection.heap.size (By)[gc.heap.generation=gen0],Metric,0
06/08/2026 11:51:59,System.Runtime,dotnet.gc.last_collection.heap.size (By)[gc.heap.generation=gen1],Metric,33632688
06/08/2026 11:51:59,System.Runtime,dotnet.gc.last_collection.heap.size (By)[gc.heap.generation=gen2],Metric,64056632
06/08/2026 11:51:59,Npgsql,db.client.connection.max ({connection})[db.client.connection.pool.name=Host=127.0.0.1;Port=5432;Username=postgres;Database=myapp_load;Maximum Pool Size=500],Metric,500
06/08/2026 11:51:59,System.Runtime,dotnet.process.cpu.count ({cpu}),Metric,20
06/08/2026 11:51:59,Npgsql,db.client.connection.count ({connection})[db.client.connection.pool.name=Host=127.0.0.1;Port=5432;Username=postgres;Database=myapp_load;Maximum Pool Size=500;db.client.connection.state=used],Metric,0
06/08/2026 11:51:59,Npgsql,db.client.connection.count ({connection})[db.client.connection.pool.name=Host=127.0.0.1;Port=5432;Username=postgres;Database=myapp_load;Maximum Pool Size=500;db.client.connection.state=idle],Metric,500
06/08/2026 11:51:59,System.Runtime,dotnet.gc.last_collection.heap.fragmentation.size (By)[gc.heap.generation=poh],Metric,20600
06/08/2026 11:51:59,System.Runtime,dotnet.gc.last_collection.heap.fragmentation.size (By)[gc.heap.generation=loh],Metric,768
06/08/2026 11:51:59,System.Runtime,dotnet.gc.last_collection.heap.fragmentation.size (By)[gc.heap.generation=gen0],Metric,0
06/08/2026 11:51:59,System.Runtime,dotnet.gc.last_collection.heap.fragmentation.size (By)[gc.heap.generation=gen1],Metric,427128
06/08/2026 11:51:59,System.Runtime,dotnet.gc.last_collection.heap.fragmentation.size (By)[gc.heap.generation=gen2],Metric,5864152
06/08/2026 11:51:59,System.Runtime,dotnet.gc.last_collection.memory.committed_size (By),Metric,256286720
06/08/2026 11:51:59,System.Runtime,dotnet.gc.heap.total_allocated (By / 1 sec),Rate,206064
06/08/2026 11:51:59,System.Runtime,dotnet.thread_pool.thread.count ({thread} / 1 sec),Rate,0
06/08/2026 11:51:59,System.Runtime,dotnet.jit.compiled_methods ({method} / 1 sec),Rate,0
06/08/2026 11:51:59,Npgsql,db.client.operation.npgsql.bytes_written (By / 1 sec)[db.client.connection.pool.name=Host=127.0.0.1;Port=5432;Username=postgres;Database=myapp_load;Maximum Pool Size=500],Rate,0
06/08/2026 11:51:59,System.Runtime,dotnet.gc.pause.time (s / 1 sec),Rate,0
06/08/2026 11:51:59,System.Runtime,dotnet.assembly.count ({assembly}),Metric,150
06/08/2026 11:51:59,System.Runtime,dotnet.timer.count ({timer}),Metric,4
06/08/2026 11:51:59,System.Runtime,dotnet.thread_pool.queue.length ({work_item} / 1 sec),Rate,0
06/08/2026 11:52:00,System.Runtime,dotnet.thread_pool.work_item.count ({work_item} / 1 sec),Rate,1
06/08/2026 11:52:00,Npgsql,db.client.operation.npgsql.bytes_read (By / 1 sec)[db.client.connection.pool.name=Host=127.0.0.1;Port=5432;Username=postgres;Database=myapp_load;Maximum Pool Size=500],Rate,0
06/08/2026 11:52:00,System.Runtime,dotnet.process.cpu.time (s / 1 sec)[cpu.mode=system],Rate,0
06/08/2026 11:52:00,System.Runtime,dotnet.process.cpu.time (s / 1 sec)[cpu.mode=user],Rate,0
06/08/2026 11:52:00,System.Runtime,dotnet.jit.compilation.time (s / 1 sec),Rate,0
06/08/2026 11:52:00,System.Runtime,dotnet.process.memory.working_set (By),Metric,365326336
06/08/2026 11:52:00,System.Runtime,dotnet.exceptions ({exception} / 1 sec)[error.type=OperationCanceledException],Rate,0
06/08/2026 11:52:00,System.Runtime,dotnet.exceptions ({exception} / 1 sec)[error.type=HttpRequestException],Rate,0
06/08/2026 11:52:00,System.Runtime,dotnet.exceptions ({exception} / 1 sec)[error.type=ConnectionResetException],Rate,0
06/08/2026 11:52:00,System.Runtime,dotnet.exceptions ({exception} / 1 sec)[error.type=SocketException],Rate,0
06/08/2026 11:52:00,Microsoft.AspNetCore.Hosting,http.server.active_requests ({request})[http.request.method=POST;url.scheme=http],Metric,0
06/08/2026 11:52:00,Microsoft.AspNetCore.Hosting,http.server.active_requests ({request})[http.request.method=GET;url.scheme=http],Metric,0
06/08/2026 11:52:00,System.Runtime,dotnet.jit.compiled_il.size (By / 1 sec),Rate,0
06/08/2026 11:52:00,System.Runtime,dotnet.monitor.lock_contentions ({contention} / 1 sec),Rate,0
06/08/2026 11:52:00,System.Runtime,dotnet.gc.collections ({collection} / 1 sec)[gc.heap.generation=gen0],Rate,0
06/08/2026 11:52:00,System.Runtime,dotnet.gc.collections ({collection} / 1 sec)[gc.heap.generation=gen1],Rate,0
06/08/2026 11:52:00,System.Runtime,dotnet.gc.collections ({collection} / 1 sec)[gc.heap.generation=gen2],Rate,0
06/08/2026 11:52:00,Npgsql,db.client.connection.npgsql.pending_requests ({request})[db.client.connection.pool.name=Host=127.0.0.1;Port=5432;Username=postgres;Database=myapp_load;Maximum Pool Size=500],Metric,0
06/08/2026 11:52:00,Npgsql,db.client.operation.npgsql.executing ({command})[db.client.connection.pool.name=Host=127.0.0.1;Port=5432;Username=postgres;Database=myapp_load;Maximum Pool Size=500],Metric,0
06/08/2026 11:52:00,System.Runtime,dotnet.gc.last_collection.heap.size (By)[gc.heap.generation=poh],Metric,9472440
06/08/2026 11:52:00,System.Runtime,dotnet.gc.last_collection.heap.size (By)[gc.heap.generation=loh],Metric,4626696
06/08/2026 11:52:00,System.Runtime,dotnet.gc.last_collection.heap.size (By)[gc.heap.generation=gen0],Metric,0
06/08/2026 11:52:00,System.Runtime,dotnet.gc.last_collection.heap.size (By)[gc.heap.generation=gen1],Metric,33632688
06/08/2026 11:52:00,System.Runtime,dotnet.gc.last_collection.heap.size (By)[gc.heap.generation=gen2],Metric,64056632
06/08/2026 11:52:00,Npgsql,db.client.connection.max ({connection})[db.client.connection.pool.name=Host=127.0.0.1;Port=5432;Username=postgres;Database=myapp_load;Maximum Pool Size=500],Metric,500
06/08/2026 11:52:00,System.Runtime,dotnet.process.cpu.count ({cpu}),Metric,20
06/08/2026 11:52:00,Npgsql,db.client.connection.count ({connection})[db.client.connection.pool.name=Host=127.0.0.1;Port=5432;Username=postgres;Database=myapp_load;Maximum Pool Size=500;db.client.connection.state=used],Metric,0
06/08/2026 11:52:00,Npgsql,db.client.connection.count ({connection})[db.client.connection.pool.name=Host=127.0.0.1;Port=5432;Username=postgres;Database=myapp_load;Maximum Pool Size=500;db.client.connection.state=idle],Metric,500
06/08/2026 11:52:00,System.Runtime,dotnet.gc.last_collection.heap.fragmentation.size (By)[gc.heap.generation=poh],Metric,20600
06/08/2026 11:52:00,System.Runtime,dotnet.gc.last_collection.heap.fragmentation.size (By)[gc.heap.generation=loh],Metric,768
06/08/2026 11:52:00,System.Runtime,dotnet.gc.last_collection.heap.fragmentation.size (By)[gc.heap.generation=gen0],Metric,0
06/08/2026 11:52:00,System.Runtime,dotnet.gc.last_collection.heap.fragmentation.size (By)[gc.heap.generation=gen1],Metric,427128
06/08/2026 11:52:00,System.Runtime,dotnet.gc.last_collection.heap.fragmentation.size (By)[gc.heap.generation=gen2],Metric,5864152
06/08/2026 11:52:00,System.Runtime,dotnet.gc.last_collection.memory.committed_size (By),Metric,256286720
06/08/2026 11:52:00,System.Runtime,dotnet.gc.heap.total_allocated (By / 1 sec),Rate,225344
06/08/2026 11:52:00,System.Runtime,dotnet.thread_pool.thread.count ({thread} / 1 sec),Rate,0
06/08/2026 11:52:00,System.Runtime,dotnet.jit.compiled_methods ({method} / 1 sec),Rate,0
06/08/2026 11:52:00,Npgsql,db.client.operation.npgsql.bytes_written (By / 1 sec)[db.client.connection.pool.name=Host=127.0.0.1;Port=5432;Username=postgres;Database=myapp_load;Maximum Pool Size=500],Rate,0
06/08/2026 11:52:00,System.Runtime,dotnet.gc.pause.time (s / 1 sec),Rate,0
06/08/2026 11:52:00,System.Runtime,dotnet.assembly.count ({assembly}),Metric,150
06/08/2026 11:52:00,System.Runtime,dotnet.timer.count ({timer}),Metric,4
06/08/2026 11:52:00,System.Runtime,dotnet.thread_pool.queue.length ({work_item} / 1 sec),Rate,0
06/08/2026 11:52:01,System.Runtime,dotnet.thread_pool.work_item.count ({work_item} / 1 sec),Rate,2
06/08/2026 11:52:01,Npgsql,db.client.operation.npgsql.bytes_read (By / 1 sec)[db.client.connection.pool.name=Host=127.0.0.1;Port=5432;Username=postgres;Database=myapp_load;Maximum Pool Size=500],Rate,0
06/08/2026 11:52:01,System.Runtime,dotnet.process.cpu.time (s / 1 sec)[cpu.mode=system],Rate,0
06/08/2026 11:52:01,System.Runtime,dotnet.process.cpu.time (s / 1 sec)[cpu.mode=user],Rate,0.015625
06/08/2026 11:52:01,System.Runtime,dotnet.jit.compilation.time (s / 1 sec),Rate,0
06/08/2026 11:52:01,System.Runtime,dotnet.process.memory.working_set (By),Metric,365326336
06/08/2026 11:52:01,System.Runtime,dotnet.exceptions ({exception} / 1 sec)[error.type=OperationCanceledException],Rate,0
06/08/2026 11:52:01,System.Runtime,dotnet.exceptions ({exception} / 1 sec)[error.type=HttpRequestException],Rate,0
06/08/2026 11:52:01,System.Runtime,dotnet.exceptions ({exception} / 1 sec)[error.type=ConnectionResetException],Rate,0
06/08/2026 11:52:01,System.Runtime,dotnet.exceptions ({exception} / 1 sec)[error.type=SocketException],Rate,0
06/08/2026 11:52:01,Microsoft.AspNetCore.Hosting,http.server.active_requests ({request})[http.request.method=POST;url.scheme=http],Metric,0
06/08/2026 11:52:01,Microsoft.AspNetCore.Hosting,http.server.active_requests ({request})[http.request.method=GET;url.scheme=http],Metric,0
06/08/2026 11:52:01,System.Runtime,dotnet.jit.compiled_il.size (By / 1 sec),Rate,0
06/08/2026 11:52:01,System.Runtime,dotnet.monitor.lock_contentions ({contention} / 1 sec),Rate,0
06/08/2026 11:52:01,System.Runtime,dotnet.gc.collections ({collection} / 1 sec)[gc.heap.generation=gen0],Rate,0
06/08/2026 11:52:01,System.Runtime,dotnet.gc.collections ({collection} / 1 sec)[gc.heap.generation=gen1],Rate,0
06/08/2026 11:52:01,System.Runtime,dotnet.gc.collections ({collection} / 1 sec)[gc.heap.generation=gen2],Rate,0
06/08/2026 11:52:01,Npgsql,db.client.connection.npgsql.pending_requests ({request})[db.client.connection.pool.name=Host=127.0.0.1;Port=5432;Username=postgres;Database=myapp_load;Maximum Pool Size=500],Metric,0
06/08/2026 11:52:01,Npgsql,db.client.operation.npgsql.executing ({command})[db.client.connection.pool.name=Host=127.0.0.1;Port=5432;Username=postgres;Database=myapp_load;Maximum Pool Size=500],Metric,0
06/08/2026 11:52:01,System.Runtime,dotnet.gc.last_collection.heap.size (By)[gc.heap.generation=poh],Metric,9472440
06/08/2026 11:52:01,System.Runtime,dotnet.gc.last_collection.heap.size (By)[gc.heap.generation=loh],Metric,4626696
06/08/2026 11:52:01,System.Runtime,dotnet.gc.last_collection.heap.size (By)[gc.heap.generation=gen0],Metric,0
06/08/2026 11:52:01,System.Runtime,dotnet.gc.last_collection.heap.size (By)[gc.heap.generation=gen1],Metric,33632688
06/08/2026 11:52:01,System.Runtime,dotnet.gc.last_collection.heap.size (By)[gc.heap.generation=gen2],Metric,64056632
06/08/2026 11:52:01,Npgsql,db.client.connection.max ({connection})[db.client.connection.pool.name=Host=127.0.0.1;Port=5432;Username=postgres;Database=myapp_load;Maximum Pool Size=500],Metric,500
06/08/2026 11:52:01,System.Runtime,dotnet.process.cpu.count ({cpu}),Metric,20
06/08/2026 11:52:01,Npgsql,db.client.connection.count ({connection})[db.client.connection.pool.name=Host=127.0.0.1;Port=5432;Username=postgres;Database=myapp_load;Maximum Pool Size=500;db.client.connection.state=used],Metric,0
06/08/2026 11:52:01,Npgsql,db.client.connection.count ({connection})[db.client.connection.pool.name=Host=127.0.0.1;Port=5432;Username=postgres;Database=myapp_load;Maximum Pool Size=500;db.client.connection.state=idle],Metric,500
06/08/2026 11:52:01,System.Runtime,dotnet.gc.last_collection.heap.fragmentation.size (By)[gc.heap.generation=poh],Metric,20600
06/08/2026 11:52:01,System.Runtime,dotnet.gc.last_collection.heap.fragmentation.size (By)[gc.heap.generation=loh],Metric,768
06/08/2026 11:52:01,System.Runtime,dotnet.gc.last_collection.heap.fragmentation.size (By)[gc.heap.generation=gen0],Metric,0
06/08/2026 11:52:01,System.Runtime,dotnet.gc.last_collection.heap.fragmentation.size (By)[gc.heap.generation=gen1],Metric,427128
06/08/2026 11:52:01,System.Runtime,dotnet.gc.last_collection.heap.fragmentation.size (By)[gc.heap.generation=gen2],Metric,5864152
06/08/2026 11:52:01,System.Runtime,dotnet.gc.last_collection.memory.committed_size (By),Metric,256286720
06/08/2026 11:52:01,System.Runtime,dotnet.gc.heap.total_allocated (By / 1 sec),Rate,221240
06/08/2026 11:52:01,System.Runtime,dotnet.thread_pool.thread.count ({thread} / 1 sec),Rate,0
06/08/2026 11:52:01,System.Runtime,dotnet.jit.compiled_methods ({method} / 1 sec),Rate,0
06/08/2026 11:52:01,Npgsql,db.client.operation.npgsql.bytes_written (By / 1 sec)[db.client.connection.pool.name=Host=127.0.0.1;Port=5432;Username=postgres;Database=myapp_load;Maximum Pool Size=500],Rate,0
06/08/2026 11:52:01,System.Runtime,dotnet.gc.pause.time (s / 1 sec),Rate,0
06/08/2026 11:52:01,System.Runtime,dotnet.assembly.count ({assembly}),Metric,150
06/08/2026 11:52:01,System.Runtime,dotnet.timer.count ({timer}),Metric,4
06/08/2026 11:52:01,System.Runtime,dotnet.thread_pool.queue.length ({work_item} / 1 sec),Rate,0
06/08/2026 11:52:02,System.Runtime,dotnet.thread_pool.work_item.count ({work_item} / 1 sec),Rate,5
06/08/2026 11:52:02,Npgsql,db.client.operation.npgsql.bytes_read (By / 1 sec)[db.client.connection.pool.name=Host=127.0.0.1;Port=5432;Username=postgres;Database=myapp_load;Maximum Pool Size=500],Rate,0
06/08/2026 11:52:02,System.Runtime,dotnet.process.cpu.time (s / 1 sec)[cpu.mode=system],Rate,0.015625
06/08/2026 11:52:02,System.Runtime,dotnet.process.cpu.time (s / 1 sec)[cpu.mode=user],Rate,0.015625
06/08/2026 11:52:02,System.Runtime,dotnet.jit.compilation.time (s / 1 sec),Rate,0.0009630999999998835
06/08/2026 11:52:02,System.Runtime,dotnet.process.memory.working_set (By),Metric,365314048
06/08/2026 11:52:02,System.Runtime,dotnet.exceptions ({exception} / 1 sec)[error.type=OperationCanceledException],Rate,0
06/08/2026 11:52:02,System.Runtime,dotnet.exceptions ({exception} / 1 sec)[error.type=HttpRequestException],Rate,11
06/08/2026 11:52:02,System.Runtime,dotnet.exceptions ({exception} / 1 sec)[error.type=ConnectionResetException],Rate,0
06/08/2026 11:52:02,System.Runtime,dotnet.exceptions ({exception} / 1 sec)[error.type=SocketException],Rate,2
06/08/2026 11:52:02,Microsoft.AspNetCore.Hosting,http.server.active_requests ({request})[http.request.method=POST;url.scheme=http],Metric,0
06/08/2026 11:52:02,Microsoft.AspNetCore.Hosting,http.server.active_requests ({request})[http.request.method=GET;url.scheme=http],Metric,0
06/08/2026 11:52:02,System.Runtime,dotnet.jit.compiled_il.size (By / 1 sec),Rate,87
06/08/2026 11:52:02,System.Runtime,dotnet.monitor.lock_contentions ({contention} / 1 sec),Rate,0
06/08/2026 11:52:02,System.Runtime,dotnet.gc.collections ({collection} / 1 sec)[gc.heap.generation=gen0],Rate,0
06/08/2026 11:52:02,System.Runtime,dotnet.gc.collections ({collection} / 1 sec)[gc.heap.generation=gen1],Rate,0
06/08/2026 11:52:02,System.Runtime,dotnet.gc.collections ({collection} / 1 sec)[gc.heap.generation=gen2],Rate,0
06/08/2026 11:52:02,Npgsql,db.client.connection.npgsql.pending_requests ({request})[db.client.connection.pool.name=Host=127.0.0.1;Port=5432;Username=postgres;Database=myapp_load;Maximum Pool Size=500],Metric,0
06/08/2026 11:52:02,Npgsql,db.client.operation.npgsql.executing ({command})[db.client.connection.pool.name=Host=127.0.0.1;Port=5432;Username=postgres;Database=myapp_load;Maximum Pool Size=500],Metric,0
06/08/2026 11:52:02,System.Runtime,dotnet.gc.last_collection.heap.size (By)[gc.heap.generation=poh],Metric,9472440
06/08/2026 11:52:02,System.Runtime,dotnet.gc.last_collection.heap.size (By)[gc.heap.generation=loh],Metric,4626696
06/08/2026 11:52:02,System.Runtime,dotnet.gc.last_collection.heap.size (By)[gc.heap.generation=gen0],Metric,0
06/08/2026 11:52:02,System.Runtime,dotnet.gc.last_collection.heap.size (By)[gc.heap.generation=gen1],Metric,33632688
06/08/2026 11:52:02,System.Runtime,dotnet.gc.last_collection.heap.size (By)[gc.heap.generation=gen2],Metric,64056632
06/08/2026 11:52:02,Npgsql,db.client.connection.max ({connection})[db.client.connection.pool.name=Host=127.0.0.1;Port=5432;Username=postgres;Database=myapp_load;Maximum Pool Size=500],Metric,500
06/08/2026 11:52:02,System.Runtime,dotnet.process.cpu.count ({cpu}),Metric,20
06/08/2026 11:52:02,Npgsql,db.client.connection.count ({connection})[db.client.connection.pool.name=Host=127.0.0.1;Port=5432;Username=postgres;Database=myapp_load;Maximum Pool Size=500;db.client.connection.state=used],Metric,0
06/08/2026 11:52:02,Npgsql,db.client.connection.count ({connection})[db.client.connection.pool.name=Host=127.0.0.1;Port=5432;Username=postgres;Database=myapp_load;Maximum Pool Size=500;db.client.connection.state=idle],Metric,500
06/08/2026 11:52:02,System.Runtime,dotnet.gc.last_collection.heap.fragmentation.size (By)[gc.heap.generation=poh],Metric,20600
06/08/2026 11:52:02,System.Runtime,dotnet.gc.last_collection.heap.fragmentation.size (By)[gc.heap.generation=loh],Metric,768
06/08/2026 11:52:02,System.Runtime,dotnet.gc.last_collection.heap.fragmentation.size (By)[gc.heap.generation=gen0],Metric,0
06/08/2026 11:52:02,System.Runtime,dotnet.gc.last_collection.heap.fragmentation.size (By)[gc.heap.generation=gen1],Metric,427128
06/08/2026 11:52:02,System.Runtime,dotnet.gc.last_collection.heap.fragmentation.size (By)[gc.heap.generation=gen2],Metric,5864152
06/08/2026 11:52:02,System.Runtime,dotnet.gc.last_collection.memory.committed_size (By),Metric,256286720
06/08/2026 11:52:02,System.Runtime,dotnet.gc.heap.total_allocated (By / 1 sec),Rate,262080
